Date,S1_TSMOM,S5_Donchian,S7_Halloween,S8_TurnOfMonth,S9_RiskParity,S10_SectorRotation,BENCH_SPY,BENCH_XIC.TO
2015-01-02,0.0,0.0,0.0,0.0,0.0,0.0,0.0,0.0
2015-01-05,0.00021846071995268446,0.00021846071995268446,-0.02186697292733697,-0.02186697292733697,0.00021846071995268446,0.00021846071995268446,-0.01805989607453229,-0.02567404978014165
2015-01-06,-0.0002184130052902411,-0.0002184130052902411,-0.009320652726728829,-0.009320652726728829,-0.0002184130052902411,-0.0002184130052902411,-0.009418649970915238,-0.009222655482542419
2015-01-07,0.0,0.0,0.007117098665127997,0.007117098665127997,0.0,0.0,0.01246124840459073,0.001772948925665263
2015-01-08,0.0,0.0,0.015067194392531125,-0.0004,0.0,0.0,0.017744899065146313,0.012389489719915936
2015-01-09,0.0,0.0,-0.006410499029996963,0.0,0.0,0.0,-0.008013292535823058,-0.004807705524170869
2015-01-12,0.0,0.0,-0.009187168381588562,0.0,0.0,0.0,-0.00783383022266504,-0.010540506540512085
2015-01-13,0.0,0.0,-0.003403450382723938,0.0,0.0,0.0,-0.002812627077554253,-0.003994273687893624
2015-01-14,0.0,0.0,-0.006360821948040163,0.0,0.0,0.0,-0.006037123344823425,-0.006684520551256901
2015-01-15,0.0,0.0,-0.0061505357390926885,0.0,0.0,0.0,-0.009160534352394722,-0.0031405371257906545
2015-01-16,0.0,0.0,0.01600787300529527,0.0,0.0,0.0,0.013114102540183747,0.018901643470406793
2015-01-19,0.0,0.0,0.00022086452022163083,0.0,0.0,0.0,0.0,0.00044172904044326167
2015-01-20,0.0,0.0,0.0008455680350473727,0.0,0.0,0.0,0.0021326700721469027,-0.0004415340020521574
2015-01-21,0.00021846071995268446,0.00021846071995268446,0.011578787116382716,0.00021846071995268446,0.00021846071995268446,0.00021846071995268446,0.005048072659626701,0.01810950157313873
2015-01-22,-0.0002184130052902411,-0.0002184130052902411,0.014810679533538318,-0.0002184130052902411,-0.0002184130052902411,-0.0002184130052902411,0.014870853565454478,0.014750505501622158
2015-01-23,0.00021846071995268446,0.00021846071995268446,-0.0021002661115624432,0.00021846071995268446,0.00021846071995268446,0.00021846071995268446,-0.005483227334967422,0.0012826951118425356
2015-01-26,0.0,0.0,0.0020253381978349028,0.0,0.0,0.0,0.0023426071785819236,0.001708069217087882
2015-01-27,0.0,0.0,-0.004464131597233023,0.0,0.0,0.0,-0.01319081979005099,0.004262556595584943
2015-01-28,-0.0002184130052902411,-0.0002184130052902411,-0.014689064318425982,-0.0002184130052902411,-0.0002184130052902411,-0.0002184130052902411,-0.012824639898970758,-0.016553488737881206
2015-01-29,0.0,0.0,0.005269221774810595,0.0,0.0,0.0,0.009243795673257615,0.001294647876363575
2015-01-30,0.0,0.0,-0.005209871730013915,0.0,0.0,0.0,-0.012574850627978917,0.002155107167951087
2015-02-02,0.0,0.0,0.014149161442380431,0.013749161442380432,0.011275648366512292,0.0,0.012384058638809314,0.015914264245951548
2015-02-03,0.00021846071995268446,0.0012370542513508156,0.012522611418563812,0.012522611418563812,-0.0006338772098382077,0.00021846071995268446,0.014461073009805814,0.01058414982732181
2015-02-04,-0.0002184130052902411,-0.003794669130951109,-0.003788958216280447,-0.003788958216280447,-0.0002184130052902411,-0.0002184130052902411,-0.0038076518091711975,-0.0037702646233896964
2015-02-05,0.0,0.003519461020044079,0.009252686235537988,0.009252686235537988,0.0,0.0,0.010094869851107635,0.00841050261996834
2015-02-06,0.0,-0.0025653729368848755,-0.002842177210780672,-0.0004,0.0,0.0,-0.0027653664204609907,-0.0029189880011003533
2015-02-09,-0.0002189798756560002,-0.002117956061221116,-0.0024470204656787953,-0.0002189798756560002,-0.0002189798756560002,-0.0002189798756560002,-0.00447544606848882,-0.0004185948628687708
2015-02-10,0.00021902783834470974,0.003794454822669202,0.007000259539293396,0.00021902783834470974,0.00021902783834470974,0.00021902783834470974,0.010652989520968825,0.0033475295576179676
2015-02-11,-0.0002189798756560002,-0.0010703126238115644,0.0015409474829488623,-0.0002189798756560002,-0.0002189798756560002,-0.0002189798756560002,0.0005800613771751451,0.0025018335887225795
2015-02-12,0.0,0.008086126287250694,0.006888399467716022,0.0,0.0,0.0,0.009616973465391254,0.00415982547004079
2015-02-13,0.00021902783834470974,0.006296090468624227,0.0037152688885673246,0.00021902783834470974,0.00021902783834470974,0.00021902783834470974,0.004116506797903874,0.0033140309792307754
2015-02-17,0.0,0.0017996005051206599,0.001612153394132787,0.0,0.0,0.0,0.0015729809719760013,0.0016513258162895728
2015-02-18,0.0,-0.0030208312854076522,-0.0026317265723272976,0.0,0.0,0.0,9.512917522136455e-05,-0.00535858231987596
2015-02-19,0.0,-0.00040346159964035357,-0.0011857068115328495,0.0,0.0,0.0,-0.0007139284172696936,-0.0016574852057960054
2015-02-20,-0.0002189798756560002,0.002031251292091585,0.0027928336414123622,-0.0002189798756560002,-0.0002189798756560002,-0.0002189798756560002,0.006000808130997903,-0.00041514084817317887
2015-02-23,0.00021902783834470974,-0.00019969920327922447,0.0005521028202168932,0.00021902783834470974,0.00021902783834470974,0.00021902783834470974,-0.00014184297929720202,0.0012460486197309883
2015-02-24,-0.0002189798756560002,0.001442379527748683,0.0012127646514586976,-0.0002189798756560002,-0.0002189798756560002,-0.0002189798756560002,0.002840760505172568,-0.00041523120225517296
2015-02-25,0.00021902783834470974,0.0013191579053248416,0.0012346954284447875,0.00021902783834470974,0.00021902783834470974,0.00021902783834470974,-0.0008502501038283317,0.0033196409607179067
2015-02-26,-0.0002189798756560002,-0.0019495219615637274,2.9823490536928787e-05,-0.0002189798756560002,-0.0002189798756560002,-0.0002189798756560002,-0.0011809234211881403,0.0012405704022619979
2015-02-27,0.00021902783834470974,-0.0035321529442216004,-0.0017031730107072152,0.00021902783834470974,0.00021902783834470974,0.00021902783834470974,-0.0034063460214144303,0.0
2015-03-02,-0.0002189798756560002,0.004729572806348772,0.00398277418314541,0.00358277418314541,-0.009873603724158634,-0.0002189798756560002,0.006313431807096981,0.0016521165591938392
2015-03-03,0.00021902783834470974,-0.0060006704602035485,-0.006175538351647469,-0.006175538351647469,-0.0005906676423276898,0.00021902783834470974,-0.004103686555832042,-0.008247390147462896
2015-03-04,0.0,-0.0031021024213039403,-0.0046027344238805945,-0.0046027344238805945,0.0,0.0,-0.004216145233144064,-0.004989323614617125
2015-03-05,0.0,0.0009250047148405382,0.0020099598397227414,0.0020099598397227414,0.0,0.0,0.0010945036602518776,0.002925416019193605
2015-03-06,-0.0002189798756560002,-0.010116886423093743,-0.012657318065338874,-0.0006189798756560002,-0.0002189798756560002,-0.0002189798756560002,-0.014064566380791232,-0.011250069749886515
2015-03-09,0.00021902783834470974,-0.00010097216165529029,-0.0002455086735660972,0.00021902783834470974,0.00021902783834470974,0.00021902783834470974,0.004144588309866082,-0.004635605656998276
2015-03-10,0.0,0.0,-0.01573170998852985,0.0,0.0,0.0,-0.016221964620953044,-0.015241455356106659
2015-03-11,0.0,0.0,0.001838571612307216,0.0,0.0,0.0,-0.002341770948396049,0.006018914173010481
2015-03-12,-0.0002189798756560002,-0.0002189798756560002,0.008280061946150719,-0.0002189798756560002,-0.0002189798756560002,-0.0002189798756560002,0.01271390758603319,0.0038462163062682464
2015-03-13,0.00021902783834470974,0.00021902783834470974,-0.0041304175245057695,0.00021902783834470974,0.00021902783834470974,0.00021902783834470974,-0.006132334439234777,-0.0021285006097767623
2015-03-16,0.0,0.0,0.011159875107590755,0.0,0.0,0.0,0.013360598762465425,0.008959151452716085
2015-03-17,0.0,-0.0005673912412753257,-0.0016976360684977654,0.0,0.0,0.0,-0.0029724077627649725,-0.0004228643742305582
2015-03-18,0.0,0.00266122825120795,0.009908324889882802,0.0,0.0,0.0,0.01202172288443526,0.007794926895330345
2015-03-19,0.0,-0.0014772248098003484,-0.007352732892996039,0.0,0.0,0.0,-0.004561765659257699,-0.010143700126734378
2015-03-20,0.0,0.0044769779022256545,0.008896731567138882,0.0,0.0,0.0,0.008826922881918886,0.008966540252358879
2015-03-23,-0.0002189798756560002,-0.0018255656194503711,-0.0013975181471355125,-0.0002189798756560002,-0.0002189798756560002,-0.0002189798756560002,-0.0019485903922973336,-0.0008464459019736914
2015-03-24,0.00021902783834470974,-0.003334530501667388,0.0016378348034457035,0.00021902783834470974,0.00021902783834470974,0.00021902783834470974,-0.005619155853282987,0.008894825460174394
2015-03-25,-0.0002189798756560002,-0.011839835670235324,-0.010685346648002803,-0.0002189798756560002,-0.0002189798756560002,-0.0002189798756560002,-0.01465357797121225,-0.006717115324793355
2015-03-26,0.0,-0.0027453477355820826,-0.0043607128966382525,0.0,0.0,0.0,-0.0023815169615043486,-0.006339908831772156
2015-03-27,0.0,0.0020901884526137947,-0.0001311419556899729,0.0,0.0,0.0,0.002289904262846809,-0.002552188174226755
2015-03-30,-0.00021861242281451254,0.005530833845917141,0.007805569486986408,-0.00021861242281451254,-0.00021861242281451254,-0.00021861242281451254,0.01219969928027309,0.003411439693699725
2015-03-31,0.0004377359556770877,-0.002106645386755601,-0.0022447982768168395,0.0004377359556770877,0.0004377359556770877,0.0004377359556770877,-0.00873959179737327,0.0042499952437395905
2015-04-01,-0.000437544426749259,0.00017361674378648666,-0.001344945358673133,-0.001744945358673133,0.010904860965419627,-0.000437544426749259,-0.0035362264767173635,0.0008463357593710974
2015-04-02,0.00021866022465588664,0.002651316188237774,0.004970070357790846,0.004970070357790846,-0.0005776723179035548,0.00021866022465588664,0.003597770010220769,0.006342370705360922
2015-04-06,0.0,0.0017362143272212861,0.005467162477287513,0.005467162477287513,0.0,0.0,0.006732871724174805,0.0042014532304002206
2015-04-07,0.00021902783834470974,-0.0037077975523057208,0.001187614250494795,0.001187614250494795,0.00021902783834470974,0.00021902783834470974,-0.002646183638454702,0.005021412139444292
2015-04-08,0.0,0.0006662229616883676,0.0029374531645199875,-0.0004,0.0,0.0,0.0033770154448193868,0.0024978908842205882
2015-04-09,-0.0002189798756560002,-0.0005108960176612328,0.006156675500105568,-0.0002189798756560002,-0.0002189798756560002,-0.0002189798756560002,0.00442330643814226,0.007890044562068876
2015-04-10,0.0,0.002622040066244926,0.004583102778938253,0.0,0.0,0.0,0.005457266248460213,0.0037089393094162926
2015-04-13,-0.00021861242281451254,-0.0016666256986993088,-0.00226145355566465,-0.00021861242281451254,-0.00021861242281451254,-0.00021861242281451254,-0.0045229071113293,0.0
2015-04-14,0.00021866022465588664,0.004297561677947615,0.001161454043347332,0.00021866022465588664,0.00021866022465588664,0.00021866022465588664,0.0019129557210868509,0.000409952365607813
2015-04-15,-0.00021861242281451254,0.0068962241021350845,0.0049107765443370255,-0.00021861242281451254,-0.00021861242281451254,-0.00021861242281451254,0.0044872007589105145,0.0053343523297635365
2015-04-16,0.00021866022465588664,-0.002218216893021028,-0.0029994154842817866,0.00021866022465588664,0.00021866022465588664,0.00021866022465588664,-0.0002851729303332551,-0.005713658038230318
2015-04-17,-0.00021861242281451254,-0.007345536398864838,-0.006162599673852631,-0.00021861242281451254,-0.00021861242281451254,-0.00021861242281451254,-0.011503798829906708,-0.0008214005177985539
2015-04-20,0.0,0.004566122839488386,0.005390492903779021,0.0,0.0,0.0,0.009137261983956257,0.0016437238236017837
2015-04-21,0.00021866022465588664,-0.002925897482047599,-0.0014162289341457246,0.00021866022465588664,0.00021866022465588664,0.00021866022465588664,-0.0011914314389266378,-0.0016410264293648114
2015-04-22,-0.00021861242281451254,0.0017476729171820532,0.00040281247658568997,-0.00021861242281451254,-0.00021861242281451254,-0.00021861242281451254,0.0049140790743287255,-0.0041084541211573455
2015-04-23,0.0,0.004607848755963219,0.004146133585033462,0.0,0.0,0.0,0.0025163591722907608,0.005775907997776164
2015-04-24,0.0,0.0017008807315773925,0.0019803061094744168,0.0,0.0,0.0,0.0023204398236351675,0.001640172395313666
2015-04-27,0.00021866022465588664,-0.004831320637963166,-0.004740600238142545,0.00021866022465588664,0.00021866022465588664,0.00021866022465588664,-0.00415787680047075,-0.00532332367581434
2015-04-28,0.0,0.002840828665749951,0.0028242410020516973,0.0,0.0,0.0,0.0031787853185158976,0.002469696685587497
2015-04-29,0.0,-0.0028590649883035064,-0.0024676465550957927,0.0,0.0,0.0,-0.004114516550176361,-0.0008207765600152239
2015-04-30,0.0,-0.0073365635858327095,-0.008709521623638583,0.0,0.0,0.0,-0.010020530502167113,-0.007398512745110053
2015-05-01,-0.00021861242281451254,0.00509901487550665,0.009768734806701707,0.009368734806701707,-0.0008119080382700507,-0.00021861242281451254,0.010841318881417372,0.008696150731986041
2015-05-04,0.00021866022465588664,0.0004803710068788102,-0.00018133977534411338,0.0016288787370747349,-0.0006506697175864918,0.00021866022465588664,0.0028478051085416567,0.000409952365607813
2015-05-05,0.0,-0.009887741865189068,0.0,-0.012496753522401982,0.0,0.0,-0.011452253442102989,-0.013541253602700976
2015-05-06,0.0,-0.002672474150386104,0.0,-0.007050051696233017,0.0,0.0,-0.0041167414268741265,-0.009983361965591908
2015-05-07,-0.00021861242281451254,0.0010677593749745021,-0.00021861242281451254,-0.0006186124228145125,-0.00021861242281451254,-0.00021861242281451254,0.003989667105189332,0.0021006172593118766
2015-05-08,0.00021866022465588664,0.0030425965008321404,0.00021866022465588664,0.00021866022465588664,0.00021866022465588664,0.00021866022465588664,0.013166182897882628,0.009224585275060315
2015-05-11,-0.00021861242281451254,-0.0009019362701059076,-0.00021861242281451254,-0.00021861242281451254,-0.00021861242281451254,-0.00021861242281451254,-0.004772880797386803,-0.0016617296672485349
2015-05-12,0.00021866022465588664,-0.0005546533221965078,0.00021866022465588664,0.00021866022465588664,0.00021866022465588664,0.00021866022465588664,-0.0029913641028972426,-0.00832280297248067
2015-05-13,0.0,8.138760682712132e-05,0.0,0.0,0.0,0.0,0.00019058114022696415,-0.00251802537007495
2015-05-14,-0.00021861242281451254,0.0016144141602523643,-0.00021861242281451254,-0.00021861242281451254,-0.00021861242281451254,-0.00021861242281451254,0.010427513061646465,0.004207084058137411
2015-05-15,0.0,-0.001474280958969194,0.0,0.0,0.0,0.0,0.001084065937970502,0.004189240583067688
2015-05-18,0.0,0.0027247262528938164,0.0,0.0,0.0,0.0,0.0031067028236653194,0.0
2015-05-19,0.0,0.0005559179752671729,0.0,0.0,0.0,0.0,-0.0003285476021203104,0.0012518223847646226
2015-05-20,0.0,-0.0005629689397983695,0.0,0.0,0.0,0.0,-0.0007041879630217407,-0.003750012742235298
2015-05-21,0.00021866022465588664,0.0010629426489383587,0.00021866022465588664,0.00021866022465588664,0.00021866022465588664,0.00021866022465588664,0.0029123836605877695,0.009201105682745236
2015-05-22,0.0,-0.0008136833966769651,0.0,0.0,0.0,0.0,-0.0023886413342625312,0.0
2015-05-25,0.0,0.0,0.0,0.0,0.0,0.0,0.0,-0.0004143993528380463
2015-05-26,0.0,-0.009592195621543675,0.0,0.0,0.0,0.0,-0.010751654811430034,-0.009950355050732607
2015-05-27,0.0,0.011088872837285501,0.0,0.0,0.0,0.0,0.009492303345567388,0.005443808599578492
2015-05-28,-0.00021861242281451254,-0.0013726062613588,-0.00021861242281451254,-0.00021861242281451254,-0.00021861242281451254,-0.00021861242281451254,-0.0011287771776559152,-0.0004162537552268031
2015-05-29,0.0,-0.005672530283560429,0.0,0.0,0.0,0.0,-0.006212563485939682,-0.006250527311652987
2015-06-01,0.0,0.0015905800589407185,0.0,0.002715080543472648,-0.002421332639661578,0.0,0.002036532861379614,0.004193628225565682
2015-06-02,0.00021866022465588664,-0.0017981678894657183,0.00021866022465588664,-7.90020156484772e-05,-0.0006402505003600911,0.00021866022465588664,-0.000992596770144516,0.0008345927388475616
2015-06-03,0.0,0.0019895075404454676,0.0,0.0034106411404419834,0.0,0.0,0.002649409640809175,0.004171872640074792
2015-06-04,-0.00021861242281451254,-0.005806824101235408,-0.00021861242281451254,-0.008585509329452623,-0.00021861242281451254,-0.00021861242281451254,-0.008446613518226398,-0.008724405140678848
2015-06-05,0.0,-0.0013280928957958604,0.0,-0.0004,0.0,0.0,-0.001713305582264013,-0.002514859542013026
2015-06-08,-0.00021866022465599766,-0.003532438756476704,-0.00021866022465599766,-0.00021866022465599766,-0.00021866022465599766,-0.00021866022465599766,-0.006149501722295336,-0.015546142443699451
2015-06-09,0.0,0.0004069246742604805,0.0,0.0,0.0,0.0,-0.00014361140518026616,0.005975699082922725
2015-06-10,0.0002187080474067571,0.0030089897809021603,0.0002187080474067571,0.0002187080474067571,0.0002187080474067571,0.0002187080474067571,0.011992745347199962,0.0029693833618462673
2015-06-11,0.00021866022465588664,0.001357613619671163,0.00021866022465588664,0.00021866022465588664,0.00021866022465588664,0.00021866022465588664,0.0032236744658078464,-0.0008456475738138902
2015-06-12,-0.00021861242281451254,-0.001607599818150862,-0.00021861242281451254,-0.00021861242281451254,-0.00021861242281451254,-0.00021861242281451254,-0.007654968599412504,-0.007197559000535425
2015-06-15,0.00021866022465588664,-0.0013826232499822846,0.00021866022465588664,0.00021866022465588664,0.00021866022465588664,0.00021866022465588664,-0.004285449446767453,0.0008530541525124669
2015-06-16,-0.0004372248456290251,0.0022787169877806603,-0.0004372248456290251,-0.0004372248456290251,-0.0004372248456290251,-0.0004372248456290251,0.005451962032652746,-0.0004260526422305011
2015-06-17,0.0004374160948135142,-0.00027744988467737214,0.0004374160948135142,0.0004374160948135142,0.0004374160948135142,0.0004374160948135142,0.0016168968299112851,-0.001030528334093117
2015-06-18,-0.0004372248456290251,0.0042524436675068335,-0.0004372248456290251,-0.0004372248456290251,-0.0004372248456290251,-0.0004372248456290251,0.010399551894623382,0.0034382678770494834
2015-06-19,0.0,-0.0034325652987977186,0.0,0.0,0.0,0.0,-0.004439081130949263,-0.0072809522091431544
2015-06-22,0.0002187080474067571,0.004579808495160842,0.0002187080474067571,0.0002187080474067571,0.0002187080474067571,0.0002187080474067571,0.005122843900674745,0.009922286201767827
2015-06-23,-0.00021866022465599766,0.0006862897995095764,-0.00021866022465599766,-0.00021866022465599766,-0.00021866022465599766,-0.00021866022465599766,0.0007078317545676782,0.005553772740414242
2015-06-24,0.0,-0.005999848256965286,0.0,0.0,0.0,0.0,-0.00726242155810497,0.003398061503233629
2015-06-25,0.0002187080474067571,-0.002274934061316225,0.0002187080474067571,0.0002187080474067571,0.0002187080474067571,0.0002187080474067571,-0.003040342684328068,-0.002540052100827417
2015-06-26,-0.00021866022465599766,-0.0013117891622347777,-0.00021866022465599766,-0.00021866022465599766,-0.00021866022465599766,-0.00021866022465599766,-0.00019081348200156167,-0.005518082422757087
2015-06-29,0.0002187080474067571,-0.018744825765499743,0.0002187080474067571,0.0002187080474067571,0.0002187080474067571,0.0002187080474067571,-0.020970548493711938,-0.02176674059860495
2015-06-30,0.0,-0.00032,0.0,0.0,0.0,0.0,0.002093621843730853,0.003490320325624907
2015-07-01,0.0,0.0,0.0,0.0036077477937716653,-0.003313400892800948,0.012974404355332425,0.008015495587543331,0.0
2015-07-02,0.0,0.0,0.0,0.0034550134794539833,-0.000884829010337621,-0.0005746162967259548,-0.0009158788556171693,0.007825905814525136
2015-07-03,0.0,0.0,0.0,0.00021567036693614927,0.0,0.0,0.0,0.00043134073387229854
2015-07-06,0.0,0.0,0.0,-0.0033633898707010057,0.0,0.0,-0.0028459411548674707,-0.0038808385865345407
2015-07-07,-0.00021866022465599766,0.0003113547706932086,-0.00021866022465599766,-0.0006186602246559976,-0.00021866022465599766,-0.00021866022465599766,0.006288908938840265,0.001298615432961503
2015-07-08,0.0,0.0009408863562291981,0.0,0.0,0.0,0.0,-0.01677743849570268,-0.013402479163126313
2015-07-09,0.0,-0.000998936959341279,0.0,0.0,0.0,0.0,0.0018086947993738445,-0.008325781770750607
2015-07-10,0.0,-0.001129523950972744,0.0,0.0,0.0,0.0,0.012592184035352894,0.00883727792609279
2015-07-13,0.0,-0.00018949528397356198,0.0,0.0,0.0,0.0,0.011036855410498925,0.00876088332832059
2015-07-14,0.0002187080474067571,0.0008698469547614885,0.0002187080474067571,0.0002187080474067571,0.0002187080474067571,0.0002187080474067571,0.004337984678462581,0.004776099640190656
2015-07-15,-0.00021866022465599766,0.0007693659101156491,-0.00021866022465599766,-0.00021866022465599766,-0.00021866022465599766,-0.00021866022465599766,-0.0003322765635567215,0.002592965021663618
2015-07-16,0.0,0.001966017325933524,0.0,0.0,0.0,0.0,0.00802412651735751,0.005603598172575941
2015-07-17,0.0002187080474067571,0.0017422918393434417,0.0002187080474067571,0.0002187080474067571,0.0002187080474067571,0.0002187080474067571,0.0008483614107541726,-0.005143583917679662
2015-07-20,-0.00021866022465599766,0.0009428864705648633,-0.00021866022465599766,-0.00021866022465599766,-0.00021866022465599766,-0.00021866022465599766,0.0005176638802395495,-0.015079636984197342
2015-07-21,0.0002187080474067571,-0.0016463011096331083,0.0002187080474067571,0.0002187080474067571,0.0002187080474067571,0.0002187080474067571,-0.003951407816554231,-0.003499594500582348
2015-07-22,-0.00021866022465599766,-0.00013421669403965714,-0.00021866022465599766,-0.00021866022465599766,-0.00021866022465599766,-0.00021866022465599766,-0.0017944745016859054,-0.004828855605691462
2015-07-23,0.0,-0.005142172639405751,0.0,0.0,0.0,0.0,-0.005630087419915442,-0.003528697354953203
2015-07-24,0.0002187080474067571,-0.005235154999595637,0.0002187080474067571,0.0002187080474067571,0.0002187080474067571,0.0002187080474067571,-0.010372011017594995,-0.004869583879202888
2015-07-27,-0.00021866022465599766,-0.0034564812493390164,-0.00021866022465599766,-0.00021866022465599766,-0.00021866022465599766,-0.00021866022465599766,-0.00581739017349836,-0.014234661484058164
2015-07-28,0.0,0.0020126691901015594,0.0,0.0,0.0,0.0,0.012283091512863997,0.007220048205180296
2015-07-29,0.0002187080474067571,0.0035365895765917988,0.0002187080474067571,0.0002187080474067571,0.0002187080474067571,0.0002187080474067571,0.0068792478369621435,0.015680929923662656
2015-07-30,0.0,0.0005247410157706245,0.0,0.0,0.0,0.0,0.0002372265816030783,0.006175419861407905
2015-07-31,0.0,0.001718582682257086,0.0,0.0,0.0,0.0,-0.0015178205888143337,0.006137857994510165
2015-08-03,0.0,0.0003773581029604901,0.0,-0.0020865820458674687,-0.008263367216887831,-0.0036315875192472,-0.003373164091734937,0.0
2015-08-04,-0.00021866022465599766,-0.0021969912162203235,-0.00021866022465599766,-0.00032380353735417255,-0.0011021961933361064,-0.0007841922851284446,-0.001954484859677752,0.0013068777849694069
2015-08-05,0.0,0.00021215269381309493,0.0,0.0018655640390108363,0.0,0.0,0.0032955834042731613,0.00043554467374851136
2015-08-06,0.0,-0.003077098065450934,0.0,-0.007138690770100098,0.0,0.0,-0.008187806309823409,-0.006089575230376787
2015-08-07,0.0,0.0011947669515855797,0.0,-0.0004,0.0,0.0,-0.001919944203296109,-0.007440160967870146
2015-08-10,0.0002187080474067571,0.002851463484253336,0.0002187080474067571,0.0002187080474067571,0.0002187080474067571,0.0002187080474067571,0.012599354639295735,0.011905002001429521
2015-08-11,-0.00021866022465599766,-0.002216522785427411,-0.00021866022465599766,-0.00021866022465599766,-0.00021866022465599766,-0.00021866022465599766,-0.009023347644766977,-0.0039215341839862194
2015-08-12,0.0,-0.0015833346986536912,0.0,0.0,0.0,0.0,0.001198421143292272,-0.00393697315880992
2015-08-13,0.0,0.00014694592910137423,0.0,0.0,0.0,0.0,-0.0012444666523934167,-0.007905068359570055
2015-08-14,-0.00021891584602662384,0.001138724972340244,-0.00021891584602662384,-0.00021891584602662384,-0.00021891584602662384,-0.00021891584602662384,0.0036419209821907383,0.0035411931538686936
2015-08-17,0.0,0.0015790087989272284,0.0,0.0,0.0,0.0,0.005586818715388242,-0.0026467225064547018
2015-08-18,0.00021896378066799116,0.0003042528834088509,0.00021896378066799116,0.00021896378066799116,0.00021896378066799116,0.00021896378066799116,-0.002896517608713456,-0.003980619354517212
2015-08-19,0.0002187080474067571,-0.00012188472118235269,0.0002187080474067571,0.0002187080474067571,0.0002187080474067571,0.0002187080474067571,-0.00790525994951563,-0.009325002518844272
2015-08-20,-0.00021866022465599766,-0.0016015738257044944,-0.00021866022465599766,-0.00021866022465599766,-0.00021866022465599766,-0.00021866022465599766,-0.02088144060538999,-0.021514984328255604
2015-08-21,0.0,-0.0034052026781031808,0.0,0.0,0.0,0.0,-0.030102745085090366,-0.02015558083381086
2015-08-24,0.0,-0.0004218618131931562,0.0,0.0,0.0,0.0,-0.042106420048600435,-0.029920554448579217
2015-08-25,0.0,-0.0008717342262054562,0.0,0.0,0.0,0.0,-0.011767558936546574,0.006265101925131855
2015-08-26,0.0002187080474067571,-0.0016386104575280226,0.0002187080474067571,0.0002187080474067571,0.0002187080474067571,0.0002187080474067571,0.03839319963038923,0.01867803688588321
2015-08-27,-0.00021866022465599766,-0.00029866022465599765,-0.00021866022465599766,-0.00021866022465599766,-0.00021866022465599766,-0.00021866022465599766,0.024735537713551636,0.028678957402522576
2015-08-28,0.0002187080474067571,0.0002187080474067571,0.0002187080474067571,0.0002187080474067571,0.0002187080474067571,0.0002187080474067571,4.968745580025136e-05,0.006398389353442946
2015-08-31,0.0,0.0,0.0,0.0,0.0,0.0,-0.008078815634809278,-0.0027248503227677023
2015-09-01,0.0,0.0,0.0,-0.02716341755880385,-0.018300349997707983,-0.0140476455559517,-0.02984778486151829,-0.023679050256089407
2015-09-02,-0.00021866022465599766,-0.00021866022465599766,-0.00021866022465599766,0.011589219027264397,-0.0010523488092302226,-0.0008806749623104919,0.018981015834786952,0.004197422219741842
2015-09-03,0.0002187080474067571,0.0002187080474067571,0.0002187080474067571,0.0022160813482599018,0.0002187080474067571,0.0002187080474067571,0.0007162025586049392,0.0037159601379148643
2015-09-04,-0.00021866022465599766,-0.00021866022465599766,-0.00021866022465599766,-0.011733146909001402,-0.00021866022465599766,-0.00021866022465599766,-0.01513665120731389,-0.008329642610688914
2015-09-08,0.0,0.0,0.0,-0.0004,0.0,0.0,0.025131278329444395,0.012132184757377207
2015-09-09,0.0,0.0,0.0,0.0,0.0,0.0,-0.013371840793806156,-0.007376384702928673
2015-09-10,-0.00021891584602662384,-0.00021891584602662384,-0.00021891584602662384,-0.00021891584602662384,-0.00021891584602662384,-0.00021891584602662384,0.005442123948549371,0.00278686507686432
2015-09-11,0.00021896378066799116,0.00021896378066799116,0.00021896378066799116,0.00021896378066799116,0.00021896378066799116,0.00021896378066799116,0.0045437924537945484,-0.0074108471384626284
2015-09-14,0.0,0.0,0.0,0.0,0.0,0.0,-0.003710295719452694,-0.00746611754591886
2015-09-15,-0.00021891584602662384,-0.00021891584602662384,-0.00021891584602662384,-0.00021891584602662384,-0.00021891584602662384,-0.00021891584602662384,0.012499332395387697,0.0075222797709018074
2015-09-16,0.0,0.0,0.0,0.0,0.0,0.0,0.008666796571939361,0.02322964301785113
2015-09-17,0.0,0.0,0.0,0.0,0.0,0.0,-0.002248262444481397,0.001378641916323975
2015-09-18,0.0,0.0,0.0,0.0,0.0,0.0,-0.016341236278414994,-0.009178567141273408
2015-09-21,0.00021896378066799116,0.00021896378066799116,0.00021896378066799116,0.00021896378066799116,0.00021896378066799116,0.00021896378066799116,0.0051673734919917,0.007874096182255208
2015-09-22,0.0,0.0,0.0,0.0,0.0,0.0,-0.012979961215255353,-0.02068021800880171
2015-09-23,-0.00021891584602662384,-0.00021891584602662384,-0.00021891584602662384,-0.00021891584602662384,-0.00021891584602662384,-0.00021891584602662384,-0.0015982697898559994,-0.0070388331112833935
2015-09-24,0.0,0.0,0.0,0.0,0.0,0.0,-0.0036154532318215526,-0.0037811485885712592
2015-09-25,0.0,0.0,0.0,0.0,0.0,0.0,-0.0002597500415534304,0.0028464728851804733
2015-09-28,0.00021896378066799116,0.00021896378066799116,0.00021896378066799116,0.00021896378066799116,0.00021896378066799116,0.00021896378066799116,-0.025096749458013323,-0.025543782292139272
2015-09-29,0.0,0.0,0.0,0.0,0.0,0.0,0.0005846280871524279,0.0014559629560100262
2015-09-30,-0.00021891584602662384,-0.00021891584602662384,-0.00021891584602662384,-0.00021891584602662384,-0.00021891584602662384,-0.00021891584602662384,0.018658647769219883,0.020843807591587105
2015-10-01,0.00021896378066799116,0.00021896378066799116,0.00021896378066799116,-0.0017072294008566465,0.0022333725351332315,0.0022381340386282236,0.0026091097369076444,-0.005223568538620937
2015-10-02,0.0,0.0,0.0,0.011764708564409476,-0.0008318966822847013,-0.0006806230528537053,0.014937682581020795,0.008591734547798158
2015-10-05,-0.00021891584602662384,0.003119180147737346,-0.00021891584602662384,0.01717981279407499,-0.00021891584602662384,-0.00021891584602662384,0.017795197204293567,0.01656442838385641
2015-10-06,0.0,0.00406071042022214,0.0,0.001778643232764776,0.0,0.0,-0.003426377288998861,0.006983663754528413
2015-10-07,0.0,0.005751616389333636,0.0,-0.0004,0.0,0.0,0.008190639815836231,0.015718472444804288
2015-10-08,0.0,0.009709247251354584,0.0,0.0,0.0,0.0,0.00902655264795138,0.008193370691981672
2015-10-09,0.0,-0.0008154241322205103,0.0,0.0,0.0,0.0,0.0005963144689236088,-0.0009032977081454563
2015-10-12,0.0,-0.0007342636781785708,0.0,0.0,0.0,0.0,0.0009434059523201199,0.0
2015-10-13,0.0,-0.007146680081317469,0.0,0.0,0.0,0.0,-0.006301725712800854,-0.009037551572008362
2015-10-14,0.0,-0.0007526552570005675,0.0,0.0,0.0,0.0,-0.0047943858470013145,0.00182401814896882
2015-10-15,0.0,0.011502671522077578,0.0,0.0,0.0,0.0,0.0153546241384106,-0.002276046544854138
2015-10-16,0.0,0.0032454769730804857,0.0,0.0,0.0,0.0,0.00454685902046692,0.000913127260223856
2015-10-19,0.0,-0.0015735965794294372,0.0,0.0,0.0,0.0,0.0004918329838730084,-0.006381033444086581
2015-10-20,-0.00021885985860781165,0.000992655919754193,-0.00021885985860781165,-0.00021885985860781165,-0.00021885985860781165,-0.00021885985860781165,-0.0012784415189103226,0.006422012520759912
2015-10-21,0.00021890776873112472,-0.007977903432176216,0.00021890776873112472,0.00021890776873112472,0.00021890776873112472,0.00021890776873112472,-0.006203358501627454,-0.010027872604687071
2015-10-22,0.0,0.012234824924240854,0.0,0.0,0.0,0.0,0.01689363008696798,0.013351930123423061
2015-10-23,0.0,0.012351643379388313,0.0,0.0,0.0,0.0,0.010961483039620523,0.004997642335750285
2015-10-26,-0.00021885985860781165,-0.003452926583221538,-0.00021885985860781165,-0.00021885985860781165,-0.00021885985860781165,-0.00021885985860781165,-0.002457438573029047,-0.01130178516359559
2015-10-27,0.0,-0.0026618758141815357,0.0,0.0,0.0,0.0,-0.0019326735111672155,-0.007316321562616412
2015-10-28,0.0,0.0070258136585606675,0.0,0.0,0.0,0.0,0.011374648240825236,0.01243694822684871
2015-10-29,0.0,-0.003462298824640651,0.0,0.0,0.0,0.0,-0.0005743128700717026,-0.004549554547576884
2015-10-30,0.0,-0.005828422642994546,0.0,0.0,0.0,0.0,-0.00430977811861688,-0.019195600539384072
2015-11-02,0.0,0.014829601931410075,0.0,0.00901042497673017,-0.0007089146056981696,0.01901723602138048,0.0118310377135451,0.0069898122399152385
2015-11-03,0.00021890776873112472,0.0013485926270130565,0.004288770900984296,0.004688770900984296,-0.0006101550005687319,-0.0003437868363914069,0.002899420133281261,0.006478121668687331
2015-11-04,-0.00021885985860781165,-0.0013562507067709673,-0.0031257730256484817,-0.0031257730256484817,-0.00021885985860781165,-0.00021885985860781165,-0.0030331563309016207,-0.0032183897203953427
2015-11-05,0.0,-0.00037729246449744733,-0.003958393486655165,-0.003958393486655165,0.0,0.0,-0.0009983756812821376,-0.006918411292028193
2015-11-06,0.0,-0.004085550003691462,-0.0009586249605831876,-0.0004,0.0,0.0,-0.0005236422210193048,-0.0013936077001470704
2015-11-09,0.00021890776873112472,-0.008316227561181853,-0.006991305013179239,0.00021890776873112472,0.00021890776873112472,0.00021890776873112472,-0.009331245295239654,-0.004651364731118823
2015-11-10,-0.00021885985860781165,-0.0008198494543656399,-0.0018837562424132148,-0.00021885985860781165,-0.00021885985860781165,-0.00021885985860781165,0.00230694364223738,-0.00607445612706381
2015-11-11,0.00021890776873112472,-0.0028246330188074435,-0.004551756852874123,0.00021890776873112472,0.00021890776873112472,0.00021890776873112472,-0.003931939729579614,-0.005171573976168631
2015-11-12,0.0,-0.010304135636791644,-0.014777823587784678,0.0,0.0,0.0,-0.013959848432926414,-0.015595798742642941
2015-11-13,-0.00021885985860781165,-0.0005388598586078116,-0.007294085162761199,-0.00021885985860781165,-0.00021885985860781165,-0.00021885985860781165,-0.011228126250490411,-0.003360044075031987
2015-11-16,0.00021890776873112472,0.00021890776873112472,0.016514378887151238,0.00021890776873112472,0.00021890776873112472,0.00021890776873112472,0.01520676021413725,0.017821997560165226
2015-11-17,-0.00021885985860781165,-0.00021885985860781165,-0.0015476307651541288,-0.00021885985860781165,-0.00021885985860781165,-0.00021885985860781165,-0.0007290966683540789,-0.0023661648619541786
2015-11-18,0.0,0.0,0.012677046037308903,0.0,0.0,0.0,0.01586601133006771,0.009488080744550098
2015-11-19,0.00021890776873112472,0.00021890776873112472,0.0021532473495072812,0.00021890776873112472,0.00021890776873112472,0.00021890776873112472,-0.0008627694944385311,0.005169264193453094
2015-11-20,-0.00021885985860781165,-0.00021885985860781165,0.0006534882824915655,-0.00021885985860781165,-0.00021885985860781165,-0.00021885985860781165,0.0036443786916642296,-0.0023374021266810985
2015-11-23,0.00021890776873112472,0.00021890776873112472,-0.002682141016159767,0.00021890776873112472,0.00021890776873112472,0.00021890776873112472,-0.0011464760605273128,-0.004217805971792221
2015-11-24,-0.00021885985860781165,-0.00021885985860781165,0.0020812625840651577,-0.00021885985860781165,-0.00021885985860781165,-0.00021885985860781165,0.0013389454961660885,0.002823579671964227
2015-11-25,0.0,0.0,-0.0003060945862943254,0.0,0.0,0.0,-0.0001429777570443047,-0.0004692114155443461
2015-11-26,0.0,0.0,0.0009391041524295929,0.0,0.0,0.0,0.0,0.0018782083048591858
2015-11-27,0.00021890776873112472,0.00021890776873112472,-0.0017701184648756252,0.00021890776873112472,0.00021890776873112472,0.00021890776873112472,0.001146421113354057,-0.004686658043105307
2015-11-30,0.0,-0.0009494251968256018,0.00192629824112589,0.0,0.0,0.0,-0.0041514955740433734,0.008004092056295153
2015-12-01,-0.00021885985860781165,0.0011515270100767696,0.011073116179143305,0.010673116179143306,0.01822696206644176,0.020026431859271183,0.009535558445286085,0.012610673913000525
2015-12-02,0.0,-0.007303766040317696,-0.011329245888108852,-0.011329245888108852,-0.0009316872624851737,-0.0006137035231626816,-0.010204866470976293,-0.012453625305241411
2015-12-03,0.00021890776873112472,-0.014073138024096068,-0.012139244902584001,-0.012139244902584001,0.00021890776873112472,0.00021890776873112472,-0.014002915153050743,-0.010275574652117259
2015-12-04,0.0,0.0023608503308752927,0.010931273156329468,0.010931273156329468,0.0,0.0,0.01950326395952695,0.002359282353131986
2015-12-07,0.0,-0.0033058192905501037,-0.014564274886943951,-0.0004,0.0,0.0,-0.006058996830313745,-0.023069552943574156
2015-12-08,-0.00021885985860781165,-0.0006436514454364638,-0.007937933847930678,-0.00021885985860781165,-0.00021885985860781165,-0.00021885985860781165,-0.006719262482927868,-0.009156605212933489
2015-12-09,-0.00021963538239733182,-0.0032611847371926575,-0.002917073658342151,-0.00021963538239733182,-0.00021963538239733182,-0.00021963538239733182,-0.007779894528454623,0.0019457472117703212
2015-12-10,0.00021968363269597724,0.0006823894443422684,0.003960674444173029,0.00021968363269597724,0.00021968363269597724,0.00021968363269597724,0.002581386424317378,0.00533996246402868
2015-12-11,0.00021890776873112472,-0.002758230488469971,-0.018382216795665374,0.00021890776873112472,0.00021890776873112472,0.00021890776873112472,-0.019381346033721436,-0.01738308755760931
2015-12-14,0.0,-0.001346144811505443,-0.0009136048011954001,0.0,0.0,0.0,0.005052393066278027,-0.006879602668668827
2015-12-15,-0.00021885985860781165,7.975441168524001e-05,0.014402826533578605,-0.00021885985860781165,-0.00021885985860781165,-0.00021885985860781165,0.010497814346223322,0.01830783872093389
2015-12-16,0.00021890776873112472,-0.0002066590646861766,0.01679119524501116,0.00021890776873112472,0.00021890776873112472,0.00021890776873112472,0.014632242082468272,0.018950148407554046
2015-12-17,-0.00021885985860781165,0.0008449478343965922,-0.01334146822186938,-0.00021885985860781165,-0.00021885985860781165,-0.00021885985860781165,-0.015238238106124125,-0.011444698337614634
2015-12-18,0.00021890776873112472,0.0004922357742535687,-0.008666356456948576,0.00021890776873112472,0.00021890776873112472,0.00021890776873112472,-0.017814928552491782,0.0004822156385946297
2015-12-21,-0.00021885985860781165,0.0003315469670947647,0.004365613584928374,-0.00021885985860781165,-0.00021885985860781165,-0.00021885985860781165,0.00824912030225744,0.0004821068675993079
2015-12-22,0.0,-0.0007580732345098041,0.006464676605195785,0.0,0.0,0.0,0.009073986022044345,0.003855367188347225
2015-12-23,0.0,0.0,0.014113191394901636,0.0,0.0,0.0,0.012383501661580976,0.015842881128222297
2015-12-24,0.00021890776873112472,0.000685528307290353,0.0003561911467532264,0.00021890776873112472,0.00021890776873112472,0.00021890776873112472,-0.0016503053482193053,0.002362687641725758
2015-12-28,-0.00021885985860781165,0.0009767312506032912,-0.0011425157627752425,-0.00021885985860781165,-0.00021885985860781165,-0.00021885985860781165,-0.002285031525550485,0.0
2015-12-29,0.0,0.0019069953947343124,0.00293592980676749,0.0,0.0,0.0,0.010671821019422323,-0.004799961405887343
2015-12-30,0.00021890776873112472,-0.0006259361284602028,-0.007364324809724931,0.00021890776873112472,0.00021890776873112472,0.00021890776873112472,-0.007087712028995274,-0.007640937590454588
2015-12-31,-0.00021885985860781165,-0.0014278419123328724,-0.009332726389723545,-0.00021885985860781165,-0.00021885985860781165,-0.00021885985860781165,-0.010003279201748594,-0.008662173577698495
2016-01-04,-0.013546710928573001,-0.002403408932983986,-0.010145173686492592,-0.010545173686492592,-0.010863626862493914,-0.01620095537302221,-0.013979638056050292,-0.006310709316934893
2016-01-05,-0.0004,0.0040494131416980664,0.0006015879017858827,0.0006015879017858827,-0.0009197822058114626,-0.0006867282274195392,0.001691353738463519,-0.00048817793489175365
2016-01-06,-0.00043844717163643576,-0.00017817233302710452,-0.013883005961944028,-0.013883005961944028,-0.00043844717163643576,-0.00043844717163643576,-0.012614162367071802,-0.015151849556816255
2016-01-07,0.00021968363269597724,-0.003638654763089333,-0.022665702438698754,-0.022665702438698754,0.00021968363269597724,0.00021968363269597724,-0.023991489436853364,-0.021339915440544144
2016-01-08,0.0,-0.002800889445782717,-0.0057419999436570945,-0.0004,0.0,0.0,-0.010976932846033405,-0.0005070670412807843
2016-01-11,0.0,-0.0004584733049943423,-0.004578696324701426,0.0,0.0,0.0,0.000990125714561696,-0.010147518363964547
2016-01-12,0.00021890776873112472,0.0008703642945623979,0.0063406310238127706,0.00021890776873112472,0.00021890776873112472,0.00021890776873112472,0.008068340128787765,0.004612921918837776
2016-01-13,-0.00021885985860781165,1.393269644749397e-05,-0.02037816709558593,-0.00021885985860781165,-0.00021885985860781165,-0.00021885985860781165,-0.02494055519698324,-0.015815778994188623
2016-01-14,-0.00021963538239733182,-0.00017570830591786548,0.014688396473143461,-0.00021963538239733182,-0.00021963538239733182,-0.00021963538239733182,0.0164168787025607,0.012959914243726223
2016-01-15,0.0,0.00031445853597844575,-0.02122453818753578,0.0,0.0,0.0,-0.021466186369080598,-0.020982890005990962
2016-01-18,0.0,0.00012586056137244838,-0.005749898913142593,0.0,0.0,0.0,0.0,-0.011499797826285185
2016-01-19,0.00021968363269597724,-1.272918104175958e-05,0.004102865687667601,0.00021968363269597724,0.00021968363269597724,0.00021968363269597724,0.0013311648699683154,0.006874566505366886
2016-01-20,0.0,0.00012575289662093426,-0.014285656220675735,0.0,0.0,0.0,-0.012815146693994306,-0.015756165747357165
2016-01-21,0.00021890776873112472,-0.0011439837963095778,0.011872633095431517,0.00021890776873112472,0.00021890776873112472,0.00021890776873112472,0.00560226274323683,0.018143003447626205
2016-01-22,-0.00043844717163643576,-0.0005184471716364358,0.025194615929317377,-0.00043844717163643576,-0.00043844717163643576,-0.00043844717163643576,0.020514994646500417,0.029874237212134336
2016-01-25,0.00021968363269597724,0.00021968363269597724,-0.017227552364346754,0.00021968363269597724,0.00021968363269597724,0.00021968363269597724,-0.015116818689850375,-0.019338286038843133
2016-01-26,-0.00021963538239733182,-0.00021963538239733182,0.014346232876312537,-0.00021963538239733182,-0.00021963538239733182,-0.00021963538239733182,0.013643470821038894,0.01504899493158618
2016-01-27,0.00021968363269597724,0.00021968363269597724,-0.0033966901600072097,0.00021968363269597724,0.00021968363269597724,0.00021968363269597724,-0.010883294040400004,0.004089913720385585
2016-01-28,0.0,0.0,0.011260387678360795,0.0,0.0,0.0,0.005208909570297404,0.017311865786424185
2016-01-29,0.00021890776873112472,0.00021890776873112472,0.019195846904079716,0.00021890776873112472,0.00021890776873112472,0.00021890776873112472,0.024377685147336292,0.01401400866082314
2016-02-01,0.002289003888889374,-0.00043844717163643576,-0.0036358864410619973,-0.0040358864410619975,-0.003147746047327341,-0.0020610782728827308,-0.0003614820971530319,-0.006910290784970963
2016-02-02,-0.0004,0.0,-0.01845449846718894,-0.01845449846718894,-0.0008906514709557735,-0.0008188623224517515,-0.018022132124854262,-0.018886864809523618
2016-02-03,0.00021968363269597724,-0.00021878814809338278,0.009329791381674002,0.009329791381674002,0.00021968363269597724,0.00021968363269597724,0.005994975474624464,0.01266460728872354
2016-02-04,0.00021890776873112472,0.00017512621498489979,0.00828794646882458,0.00828794646882458,0.00021890776873112472,0.00021890776873112472,0.0015681987645337347,0.015007694173115427
2016-02-05,0.0,-9.623367915277727e-05,-0.010510732583123295,-0.0004,0.0,0.0,-0.01905011380096744,-0.0019713513652791503
2016-02-08,-0.00021885985860781165,-0.003237736723704865,-0.015125470744735026,-0.00021885985860781165,-0.00021885985860781165,-0.00021885985860781165,-0.013461011226400976,-0.016789930263069075
2016-02-09,0.00021890776873112472,-0.0035099642806945665,-0.010018576961804526,0.00021890776873112472,0.00021890776873112472,0.00021890776873112472,5.388216614510277e-05,-0.020091036089754155
2016-02-10,-0.00021885985860781165,-0.0013096612964092814,-0.004787660469510457,-0.00021885985860781165,-0.00021885985860781165,-0.00021885985860781165,-0.0008624586376608789,-0.008712862301360036
2016-02-11,0.00021890776873112472,-0.00015492870559033806,-0.010382247650675414,0.00021890776873112472,0.00021890776873112472,0.00021890776873112472,-0.01300832244641692,-0.007756172854933907
2016-02-12,-0.00021885985860781165,-0.0017399687947868836,0.022814894364151517,-0.00021885985860781165,-0.00021885985860781165,-0.00021885985860781165,0.02061676691276837,0.025013021815534664
2016-02-16,0.0,-6.31019676385458e-05,0.015302388278405354,0.0,0.0,0.0,0.016878454297803547,0.013726322259007162
2016-02-17,0.0,-0.00031544563328904656,0.02045432033114558,0.0,0.0,0.0,0.016334697792783848,0.024573942869507315
2016-02-18,0.00021890776873112472,0.0017255172812183606,0.00039936669662260504,0.00021890776873112472,0.00021890776873112472,0.00021890776873112472,-0.004096090101783356,0.004894823495028566
2016-02-19,0.0,-0.001971041456796385,-0.004374379294195874,0.0,0.0,0.0,-0.0004682893221460427,-0.008280469266245705
2016-02-22,0.0,0.0012251859590280746,0.008958616189446045,0.0,0.0,0.0,0.014479276124805152,0.003437956254086938
2016-02-23,-0.00021885985860781165,-0.011597276617224712,-0.009986012768136876,-0.00021885985860781165,-0.00021885985860781165,-0.00021885985860781165,-0.012629852556165444,-0.007342172980108308
2016-02-24,0.00021890776873112472,0.0024992752349576983,0.0015482914545808524,0.00021890776873112472,0.00021890776873112472,0.00021890776873112472,0.004575841117370194,-0.0014792582082084893
2016-02-25,-0.00021885985860781165,0.0029141273455091763,0.006796552830534375,-0.00021885985860781165,-0.00021885985860781165,-0.00021885985860781165,0.012111656006298377,0.0014814496547703726
2016-02-26,0.0,0.001172002288127838,0.0005750290093140542,0.0,0.0,0.0,-0.0023015235595391648,0.003451581578167273
2016-02-29,0.00021890776873112472,-0.004276420017880388,-0.0026926039538433533,0.00021890776873112472,0.00021890776873112472,0.00021890776873112472,-0.00784230374155015,0.002457095833863443
2016-03-01,-0.005965587431537678,0.016588512316509974,0.01763580579309376,0.01723580579309376,0.005894465744391051,0.013827621254411948,0.023507158054132837,0.011764453532054686
2016-03-02,-0.0006188598586078116,0.008522201931855457,0.00394192973745755,0.00394192973745755,-0.001039002696818616,-0.0009426459446659904,0.004492170905313619,0.003391688569601481
2016-03-03,0.00021890776873112472,0.007071282522325895,0.005822796723760626,0.005822796723760626,0.00021890776873112472,0.00021890776873112472,0.003919551645857,0.007726041801664252
2016-03-04,0.0,0.005090817909379198,0.004981023076129798,0.004981023076129798,0.0,0.0,0.0032540388975332846,0.006708007254726311
2016-03-07,0.0,0.00836328271566993,0.006824299895657693,-0.0004,0.0,0.0,0.000797732107398863,0.012850867683916523
2016-03-08,-0.00021885985860781165,-0.018009495500124963,-0.007808298772407518,-0.00021885985860781165,-0.00021885985860781165,-0.00021885985860781165,-0.010917529593573838,-0.004699067951241198
2016-03-09,0.00021890776873112472,0.0077643034455998185,0.005538660968982478,0.00021890776873112472,0.00021890776873112472,0.00021890776873112472,0.0049395483249863315,0.006137773612978625
2016-03-10,0.0,-0.0017971161616875178,-6.811486073615702e-05,0.0,0.0,0.0,0.0008022965398033488,-0.0009385262612756629
2016-03-11,-0.00021885985860781165,0.018430128809285275,0.013704941020349248,-0.00021885985860781165,-0.00021885985860781165,-0.00021885985860781165,0.01613710649209521,0.011272775548603287
2016-03-14,0.0,-0.002493908615291285,-0.0024988240290571007,0.0,0.0,0.0,-0.0012820212982281864,-0.003715626759886015
2016-03-15,0.0,-0.004927344817336277,-0.0033788701195038295,0.0,0.0,0.0,-0.0016297440352655013,-0.005127996203742158
2016-03-16,0.00021890776873112472,0.009068323836812154,0.0060337382367863235,0.00021890776873112472,0.00021890776873112472,0.00021890776873112472,0.005787184380770416,0.006280292092802231
2016-03-17,-0.00021885985860781165,0.008928323512996971,0.008099208352820075,-0.00021885985860781165,-0.00021885985860781165,-0.00021885985860781165,0.006344023130543608,0.009854393575096543
2016-03-18,0.0,0.0018057330652426092,-0.002217445105336835,0.0,0.0,0.0,0.0039295266152965524,-0.008364416825970222
2016-03-21,0.00021890776873112472,0.0008358881284532327,0.003052550884287686,0.00021890776873112472,0.00021890776873112472,0.00021890776873112472,0.001419072807236521,0.004686028961338851
2016-03-22,0.0,-0.0016787334982632407,-0.0023672829963090614,0.0,0.0,0.0,-0.0005372817397406582,-0.0041972842528774645
2016-03-23,-0.00021885985860781165,-0.012830057594754597,-0.0077497696023241525,-0.00021885985860781165,-0.00021885985860781165,-0.00021885985860781165,-0.006599785623160659,-0.008899753581487646
2016-03-24,0.00021890776873112472,0.0011631234354324562,-0.0011666745698454828,0.00021890776873112472,0.00021890776873112472,0.00021890776873112472,-0.0004428733673697005,-0.001890475772321265
2016-03-28,0.0,-0.0010662257131239894,0.0017159519416282132,0.0,0.0,0.0,0.000590759454788703,0.0028411444284677234
2016-03-29,0.0,0.011557569521216449,0.006277575295796978,0.0,0.0,0.0,0.009250150991502837,0.0033049996000911186
2016-03-30,0.0,0.003354712703015474,0.00525263857489866,0.0,0.0,0.0,0.004387758344711834,0.006117518805085487
2016-03-31,0.0,-0.0007178557719411671,-0.0019148794750866727,0.0,0.0,0.0,-0.0024270527273250186,-0.0014027062228483267
2016-04-01,0.0037515526528273313,0.0032236231906081826,0.0017662454874587397,0.0013662454874587397,-0.005630976988341953,0.01578128485649924,0.006812001037351578,-0.003279510062434099
2016-04-04,-0.0004,-0.003923198945989857,-0.005378134419861347,-0.005378134419861347,-0.0008587646697824753,-0.0007068464354067338,-0.0032377171509551106,-0.007518551688767583
2016-04-05,0.00021896378066799116,-0.008082276818080115,-0.00641432857023061,-0.00641432857023061,0.00021896378066799116,0.00021896378066799116,-0.009987931089875612,-0.002840726050585607
2016-04-06,0.0,0.00928735809708238,0.007359912889625675,0.007359912889625675,0.0,0.0,0.010921161006083091,0.003798664773168259
2016-04-07,-0.00021891584602662384,-0.010406776438613832,-0.008821178415978737,-0.0006189158460266238,-0.00021891584602662384,-0.00021891584602662384,-0.011965982254888097,-0.005676374577069376
2016-04-08,0.00021896378066799116,0.0003074168021064195,0.006343502439115523,0.00021896378066799116,0.00021896378066799116,0.00021896378066799116,0.002696775435284904,0.009990229442946141
2016-04-11,-0.00021891584602662384,-0.0022476921940624895,0.0002395030671253906,-0.00021891584602662384,-0.00021891584602662384,-0.00021891584602662384,-0.0023471795235288084,0.0028261856577795896
2016-04-12,0.0,0.006432004204896157,0.0100581286424547,0.0,0.0,0.0,0.009312840224747987,0.010803417060161413
2016-04-13,0.00021896378066799116,0.011245931463860883,0.008303225120114832,0.00021896378066799116,0.00021896378066799116,0.00021896378066799116,0.010101001268287169,0.006505448971942496
2016-04-14,0.0,-0.0002664955376082246,0.00025483299013895344,0.0,0.0,0.0,4.821922172282278e-05,0.0004614467585550841
2016-04-15,-0.00021891584602662384,-0.0006129574138714622,-0.0019370756038027404,-0.00021891584602662384,-0.00021891584602662384,-0.00021891584602662384,-0.0011056991419730045,-0.0027684520656324763
2016-04-18,0.00021896378066799116,0.004463619273757314,0.006520960731967063,0.00021896378066799116,0.00021896378066799116,0.00021896378066799116,0.007026313969589193,0.006015607494344932
2016-04-19,0.0,-0.001744706498947246,0.007096871027393981,0.0,0.0,0.0,0.0031543151485611265,0.011039426906226835
2016-04-20,0.0,0.0010597406963026136,0.002068867047672396,0.0,0.0,0.0,0.0009529098837892658,0.003184824211555526
2016-04-21,-0.00021891584602662384,-0.002845652775297936,-0.00359609856493992,-0.00021891584602662384,-0.00021891584602662384,-0.00021891584602662384,-0.0053783696550764315,-0.0018138274748034089
2016-04-22,0.00021896378066799116,-0.004683593418874632,0.0,0.00021896378066799116,0.00021896378066799116,0.00021896378066799116,0.0,0.0
2016-04-25,-0.00021891584602662384,-0.002392615536830629,-0.003814645207582845,-0.00021891584602662384,-0.00021891584602662384,-0.00021891584602662384,-0.0017226643150931586,-0.005906626100072532
2016-04-26,0.00021896378066799116,0.002604269656150549,0.001428640236814105,0.00021896378066799116,0.00021896378066799116,0.00021896378066799116,0.0014859364295420896,0.0013713440440861202
2016-04-27,0.0,0.005170347050262105,0.003767832629387069,0.0,0.0,0.0,0.0020586077037521022,0.005477057555022036
2016-04-28,0.0,-0.009180369481503048,-0.004311090779703708,0.0,0.0,0.0,-0.00907633644054684,0.0004541548811394236
2016-04-29,0.0002187080474067571,-0.0032244465581006444,-0.0004309081597781428,0.0002187080474067571,0.0002187080474067571,0.0002187080474067571,-0.005398554379003939,0.004536738059447654
2016-05-02,0.0035347068852038636,0.0020742933232871155,0.0010383523852067755,0.0006383523852067756,-0.004266700923963771,-0.011537505755164846,0.007948307420776457,-0.005871602650362906
2016-05-03,-0.00018129195259324293,-0.012864006581236367,-0.00018129195259324293,-0.010258036794745518,-0.0007108555882723565,-0.0008404124086423177,-0.008703050795156209,-0.011813022794334826
2016-05-04,-0.00021866022465599766,-0.005707023185141123,-0.00021866022465599766,-0.0055478156339494045,-0.00021866022465599766,-0.00021866022465599766,-0.00557828149940276,-0.005517349768496049
2016-05-05,0.0,0.000328640406111287,0.0,-9.749364051619969e-05,0.0,0.0,-0.00019498728103239937,0.0
2016-05-06,0.0002187080474067571,0.0023719642756808044,0.0002187080474067571,-0.00018129195259324293,0.0002187080474067571,0.0002187080474067571,0.0036591843127966595,0.006472950471622774
2016-05-09,0.0,0.0025556931875443303,0.0,0.0,0.0,0.0,0.0008264483787931987,-0.011025022057002176
2016-05-10,0.0,3.9460386970624494e-05,0.0,0.0,0.0,0.0,0.012433453122741245,0.015792487888779183
2016-05-11,-0.0004375282024945415,-0.00453897083110828,-0.0004375282024945415,-0.0004375282024945415,-0.0004375282024945415,-0.0004375282024945415,-0.009354980823053749,0.0009143778265512381
2016-05-12,0.0,0.0006568532889731804,0.0,0.0,0.0,0.0,0.00029080659634805883,0.0
2016-05-13,0.0,-0.001220249870160939,0.0,0.0,0.0,0.0,-0.008713990347156142,-0.0027407428423408264
2016-05-16,0.0,0.0015202817354310616,0.0,0.0,0.0,0.0,0.00986503423126428,0.010993678874618107
2016-05-17,0.0,-0.003896946598468687,0.0,0.0,0.0,0.0,-0.009333525838809531,0.0013594238074641218
2016-05-18,0.00021896378066799116,-0.003440951428387118,0.00021896378066799116,0.00021896378066799116,0.00021896378066799116,0.00021896378066799116,0.00029306095131587107,-0.0063349464571079706
2016-05-19,-0.00021891584602662384,0.00012211451389413603,-0.00021891584602662384,-0.00021891584602662384,-0.00021891584602662384,-0.00021891584602662384,-0.0034651730033734562,-0.0009107455559479449
2016-05-20,0.00021896378066799116,0.0003635122696985072,0.00021896378066799116,0.00021896378066799116,0.00021896378066799116,0.00021896378066799116,0.006317692873268443,0.008659969810525192
2016-05-23,0.0002187080474067571,0.0001749664379254057,0.0002187080474067571,0.0002187080474067571,0.0002187080474067571,0.0002187080474067571,-0.0013629490101619846,0.0
2016-05-24,-0.0004375282024945415,-0.0008968081951284069,-0.0004375282024945415,-0.0004375282024945415,-0.0004375282024945415,-0.0004375282024945415,0.01296244054625717,0.0013559662343187728
2016-05-25,0.00021896378066799116,0.0015498826537999302,0.00021896378066799116,0.00021896378066799116,0.00021896378066799116,0.00021896378066799116,0.006783151803361642,0.008122615874902372
2016-05-26,0.0,-0.00037017578672158695,0.0,0.0,0.0,0.0,0.0002865133026062061,-0.0008953667398661214
2016-05-27,0.0002187080474067571,0.004290400135997308,0.0002187080474067571,0.0002187080474067571,0.0002187080474067571,0.0002187080474067571,0.00429913502067425,0.004480167040588956
2016-05-30,0.0,-0.00034757279428109016,0.0,0.0,0.0,0.0,0.0,-0.0013378639714054508
2016-05-31,0.0,-0.00036314055729362853,0.0,0.0,0.0,0.0,-0.0019025664005437593,-0.0013399945177942074
2016-06-01,0.00041635067809617444,0.00026195189677029616,0.0,0.0004012049798236109,0.00446408499268165,0.005842273638674996,0.002049410679658248,-0.000447000720011026
2016-06-02,-0.0006186602246559976,0.002338183488671919,-0.00021866022465599766,0.004206449637612297,-0.0012357937823251634,-0.0012591691980916595,0.003043893813706511,0.005369005461518084
2016-06-03,0.0002187080474067571,-0.0034192951046079,0.0002187080474067571,0.0020664895349861157,0.0002187080474067571,0.0002187080474067571,-0.0029876149810015296,0.007120594050973761
2016-06-06,0.00021866022465588664,0.004095083123114129,0.00021866022465588664,0.004532888381218458,0.00021866022465588664,0.00021866022465588664,0.005088872881620077,0.00397690388081684
2016-06-07,0.0,0.0012566629194801894,0.0,-0.0004,0.0,0.0,0.0015611560120012413,0.0052813491558607595
2016-06-08,0.0,0.0009606069245019721,0.0,0.0,0.0,0.0,0.0032595029849147306,-0.0030641320031736807
2016-06-09,-0.0004372248456290251,-0.0029598147941220405,-0.0004372248456290251,-0.0004372248456290251,-0.0004372248456290251,-0.0004372248456290251,-0.0013652591321523522,-0.004830909304392783
2016-06-10,0.0,-0.008691908170019691,0.0,0.0,0.0,0.0,-0.009477588547321614,-0.01456330366117542
2016-06-13,0.0,-0.004175318865579722,0.0,0.0,0.0,0.0,-0.007711825333143518,-0.0022393627443165753
2016-06-14,0.0,-0.00024000000000000006,0.0,0.0,0.0,0.0,-0.0019667599599184626,-0.007181658719654815
2016-06-15,0.0,0.0003298056158265617,0.0,0.0,0.0,0.0,-0.0013939339594682965,0.002642625478201266
2016-06-16,0.0002187080474067571,0.0009903141943132935,0.0002187080474067571,0.0002187080474067571,0.0002187080474067571,0.0002187080474067571,0.0029844350526764263,-0.003180345354156233
2016-06-17,-0.00021866022465599766,-0.0006442528083426157,-0.00021866022465599766,-0.00021866022465599766,-0.00021866022465599766,-0.00021866022465599766,-0.0037246067217653334,0.002278645684641978
2016-06-20,0.0002187080474067571,-0.0005221074604507603,0.0002187080474067571,0.0002187080474067571,0.0002187080474067571,0.0002187080474067571,0.006440533273934568,0.008185682660526217
2016-06-21,0.0,0.00038710390735023913,0.0,0.0,0.0,0.0,0.00283837670776399,-0.00045091089085413927
2016-06-22,0.0,-0.0003847501610323523,0.0,0.0,0.0,0.0,-0.0016313102948639635,-0.0009026808513283857
2016-06-23,0.0,0.0010095068720357592,0.0,0.0,0.0,0.0,0.013022482532805357,0.00948558077879258
2016-06-24,-0.00021866022465599766,-0.0019502216273186602,-0.00021866022465599766,-0.00021866022465599766,-0.00021866022465599766,-0.00021866022465599766,-0.03590895441041586,-0.0165551588833176
2016-06-27,0.0,0.00014144619411102788,0.0,0.0,0.0,0.0,-0.01791004337568658,-0.014558548971317586
2016-06-28,0.0,0.004321614310808988,0.0,0.0,0.0,0.0,0.01803617016350101,0.010618493499282788
2016-06-29,0.0,0.002050263446334566,0.0,0.0,0.0,0.0,0.017027514291635848,0.014618635071378616
2016-06-30,0.0,0.0028186070704749877,0.0,0.0,0.0,0.0,0.013645612795714523,0.001800620481950732
2016-07-01,0.0036322508347853477,0.0003300635317770695,0.0004374160948135142,0.0006503159713017851,0.0079760629277001,0.0024696796366085773,0.0021006319426035702,0.0
2016-07-04,-0.0004,0.0003090797202867979,0.0,0.007640627681381296,-0.0009517120548820452,-0.00046897831816344003,0.0,0.015281255362762591
2016-07-05,0.0,0.0031356384173738317,0.0,-0.005367319340743859,0.0,0.0,-0.007193310842148026,-0.003541327839339692
2016-07-06,-0.00021861242281451254,-0.0004479903717625966,-0.00021861242281451254,0.003665147473954189,-0.00021861242281451254,-0.00021861242281451254,0.0059976608959195765,0.0013326340519888014
2016-07-07,0.00021866022465588664,-0.0018682237454630273,0.00021866022465588664,-0.00018133977534411338,0.00021866022465588664,0.00021866022465588664,-0.0006196948295595917,-0.006654858285532028
2016-07-08,-0.00021861242281451254,0.0033502721743592814,-0.00021861242281451254,-0.00021861242281451254,-0.00021861242281451254,-0.00021861242281451254,0.014890276436609895,0.009379218972837888
2016-07-11,0.00021866022465588664,0.0040611214316362354,0.00021866022465588664,0.00021866022465588664,0.00021866022465588664,0.00021866022465588664,0.0035270634943032064,0.00752218614220701
2016-07-12,-0.0004372248456290251,0.002776980284887688,-0.0004372248456290251,-0.0004372248456290251,-0.0004372248456290251,-0.0004372248456290251,0.007263029639631213,0.007905274466904144
2016-07-13,0.0002187080474067571,0.001070010963627377,0.0002187080474067571,0.0002187080474067571,0.0002187080474067571,0.0002187080474067571,-0.00013917294104670574,0.000435258159835028
2016-07-14,0.00021866022465588664,0.0015664398359485525,0.00021866022465588664,0.00021866022465588664,0.00021866022465588664,0.00021866022465588664,0.005583278719103912,0.0021777446435360392
2016-07-15,-0.00021861242281451254,-0.0018712425678991673,-0.00021861242281451254,-0.00021861242281451254,-0.00021861242281451254,-0.00021861242281451254,-0.0013420887383238655,-0.0021730123774706955
2016-07-18,0.0,0.00364701874344914,0.0,0.0,0.0,0.0,0.002687452733034945,0.002613577289038105
2016-07-19,0.00021866022465588664,-0.0014801042751432772,0.00021866022465588664,0.00021866022465588664,0.00021866022465588664,0.00021866022465588664,-0.001016144075919767,-0.00043469653251693163
2016-07-20,0.0,0.007108799821407752,0.0,0.0,0.0,0.0,0.004162590001498101,0.0008693356126534546
2016-07-21,0.0,-0.0028147736760814946,0.0,0.0,0.0,0.0,-0.003777150201028534,0.0017366170986123919
2016-07-22,0.0,0.006160809904130904,0.0,0.0,0.0,0.0,0.004485076388514919,0.0034677559836193694
2016-07-25,-0.00021861242281451254,-0.0014567577555811841,-0.00021861242281451254,-0.00021861242281451254,-0.00021861242281451254,-0.00021861242281451254,-0.0027159386438811994,-0.006911327965239411
2016-07-26,0.0,0.0007404583136404019,0.0,0.0,0.0,0.0,0.00046145468442260196,0.003479604443876294
2016-07-27,0.00021866022465588664,0.0018384592380226385,0.00021866022465588664,0.00021866022465588664,0.00021866022465588664,0.00021866022465588664,-0.0010609967336211445,0.0
2016-07-28,-0.00021861242281451254,0.002404380874773282,-0.00021861242281451254,-0.00021861242281451254,-0.00021861242281451254,-0.00021861242281451254,0.001154701642784195,0.0008674005524778039
2016-07-29,0.00021866022465588664,0.004431050289570049,0.00021866022465588664,0.00021866022465588664,0.00021866022465588664,0.00021866022465588664,0.0016147343100958444,0.001299050918086797
2016-08-01,-0.0002899593528281567,0.001878292413270266,-0.00021861242281451254,-0.000814583368053778,-0.008315302729855405,-0.017779063238427793,-0.0008291667361075561,0.0
2016-08-02,-0.00018133977534411338,-0.010289317398264353,0.00021866022465588664,-0.006879991199793711,-0.0007273518856255583,-0.000380863809529116,-0.006407304968427563,-0.00735267743115986
2016-08-03,-0.00021861242281451254,0.0016913420062465347,-0.00021861242281451254,0.0029863065761954743,-0.00021861242281451254,-0.00021861242281451254,0.002922640122676512,0.0030499730297144367
2016-08-04,0.0,0.001017182678387596,0.0,0.0009663499701740852,0.0,0.0,0.0010639598996495803,0.0008687400406985901
2016-08-05,0.0,0.006657074631842344,0.0,-0.0004,0.0,0.0,0.008179148617610377,0.008246193100674981
2016-08-08,0.0,-0.0003925722315920986,0.0,0.0,0.0,0.0,-0.0005955774556115623,0.00731829402017925
2016-08-09,0.0,0.001386326225942769,0.0,0.0,0.0,0.0,0.0005959323795017291,0.003419065328420512
2016-08-10,0.0,-0.004661610620374801,0.0,0.0,0.0,0.0,-0.002474922363104204,-0.0017037609292737121
2016-08-11,0.0,0.0038826740992152333,0.0,0.0,0.0,0.0,0.004640222847901887,0.0021333625776842613
2016-08-12,0.0,-0.00063759618493755,0.0,0.0,0.0,0.0,-0.0008687524316915995,-0.003406177644723396
2016-08-15,0.0,0.005728245253248599,0.0,0.0,0.0,0.0,0.0028838730653060196,0.0017086421116654371
2016-08-16,0.0,-0.00573508706254573,0.0,0.0,0.0,0.0,-0.0051576479437799305,-0.0038375399400959465
2016-08-17,0.0,0.0007292895536486377,0.0,0.0,0.0,0.0,0.0018809953799852064,-0.0008564174572306404
2016-08-18,0.00021866022465588664,0.0018936822073802432,0.00021866022465588664,0.00021866022465588664,0.00021866022465588664,0.00021866022465588664,0.0022440643979873,-0.0004283074053491598
2016-08-19,-0.00021861242281451254,-0.0002990878232738359,-0.00021861242281451254,-0.00021861242281451254,-0.00021861242281451254,-0.00021861242281451254,-0.0014623821088962652,-0.00042870571360975607
2016-08-22,0.0,0.0005998827944093676,0.0,0.0,0.0,0.0,-4.5656224205492535e-05,0.0034304720245703635
2016-08-23,0.0,0.003129343481552738,0.0,0.0,0.0,0.0,0.0020133920656022486,0.002136581236608981
2016-08-24,0.00021866022465588664,-0.005129027050721758,0.00021866022465588664,0.00021866022465588664,0.00021866022465588664,0.00021866022465588664,-0.005115071939135518,-0.009381662247338052
2016-08-25,-0.00021861242281451254,0.00021941602599894426,-0.00021861242281451254,-0.00021861242281451254,-0.00021861242281451254,-0.00021861242281451254,-0.0006883282438485683,0.0
2016-08-26,0.0,-0.0006129048150333417,0.0,0.0,0.0,0.0,-0.0018831598312775144,0.00043055132679814534
2016-08-29,0.00021866022465588664,0.0028334107745194093,0.00021866022465588664,0.00021866022465588664,0.00021866022465588664,0.00021866022465588664,0.004924200080263397,0.0038728630606981174
2016-08-30,0.0,0.0021809681740285747,0.0,0.0,0.0,0.0,-0.0016485883347117092,0.0004284909311880192
2016-08-31,0.0,-0.0009234336557304523,0.0,0.0,0.0,0.0,-0.002843860014279831,-0.006426650639310472
2016-09-01,0.00146707657412519,-0.0006067129296052575,0.0,0.0028569361264112027,0.0014910548293043092,0.008026965745651198,4.565262570999096e-05,0.006468219627112415
2016-09-02,-0.00018097216165529028,0.002547748277767825,0.00021902783834470974,0.006110058412998387,-0.0007550338447579606,-0.0007440558882905184,0.004508114589781176,0.007712002236215598
2016-09-06,0.0,0.0011992013223802549,0.0,0.0019365816511418554,0.0,0.0,0.0030224650074512915,0.0008506982948324193
2016-09-07,-0.0002189798756560002,0.0019589083819386175,-0.0002189798756560002,-0.00025834645370137466,-0.0002189798756560002,-0.0002189798756560002,-9.159886306187026e-05,-0.00042509404434087905
2016-09-08,0.0,-0.003009845421641733,0.0,-0.0004,0.0,0.0,-0.0022825746807689784,0.0008501237385767357
2016-09-09,0.00021902783834470974,-0.01954562022052524,0.00021902783834470974,0.00021902783834470974,0.00021902783834470974,0.00021902783834470974,-0.02393492678714293,-0.018259050053204606
2016-09-12,-0.000437544426749259,0.0015762213239718474,-0.000437544426749259,-0.000437544426749259,-0.000437544426749259,-0.000437544426749259,0.014346935505058056,0.004325671702573475
2016-09-13,0.00021866022465588664,-0.003362759837311602,0.00021866022465588664,0.00021866022465588664,0.00021866022465588664,0.00021866022465588664,-0.01437519448037572,-0.016365287820861996
2016-09-14,0.0,-7.999999999999999e-05,0.0,0.0,0.0,0.0,-0.00037501751593904675,0.0010580092949050712
2016-09-15,0.0,0.0,0.0,0.0,0.0,0.0,0.009992789297906146,0.009691839266643631
2016-09-16,0.0,0.0,0.0,0.0,0.0,0.0,-0.0038656555513433277,-0.004363341721773217
2016-09-19,0.0,0.0,0.0,0.0,0.0,0.0,0.0001874463253210834,0.0039442720199327486
2016-09-20,0.0,0.0,0.0,0.0,0.0,0.0,4.693631552088462e-05,0.0021821345092987166
2016-09-21,0.0,0.0,0.0,0.0,0.0,0.0,0.011245313165360926,0.012630837457230815
2016-09-22,0.00021902783834470974,0.0027806068208784227,0.00021902783834470974,0.00021902783834470974,0.00021902783834470974,0.00021902783834470974,0.006301735246187601,0.0051611582109341025
2016-09-23,0.0,-0.0045257298621876755,0.0,0.0,0.0,0.0,-0.0054795188324454625,-0.0064185080553058604
2016-09-26,0.0,-0.0048385422593935305,0.0,0.0,0.0,0.0,-0.008102042963503808,-0.004306647622661308
2016-09-27,-0.0002189798756560002,0.004990890700748842,-0.0002189798756560002,-0.0002189798756560002,-0.0002189798756560002,-0.0002189798756560002,0.006207862221730753,-0.004325059881099547
2016-09-28,0.0,0.0021887216822193967,0.0,0.0,0.0,0.0,0.004963513015982635,0.012598129617161113
2016-09-29,0.0,-0.0052738249183158946,0.0,0.0,0.0,0.0,-0.009047219992210587,0.0017158147991400696
2016-09-30,0.00021902783834470974,0.004111383372314804,0.00021902783834470974,0.00021902783834470974,0.00021902783834470974,0.00021902783834470974,0.007546414149825376,-0.000856704232611083
2016-10-03,-0.002693692633913283,-0.0014824204209281657,-0.0002189798756560002,-0.0031023536948944106,-0.006997128577278112,-0.004135172903030824,-0.0024042046760408553,-0.0030005027137479656
2016-10-04,-0.00018097216165529028,-0.002759695369924287,0.00021902783834470974,-0.008567823841145517,-0.0007991327229641626,-0.0002681391761414352,-0.005097944145549871,-0.012037703536741162
2016-10-05,0.0,0.0021325168340863066,0.0,0.005693842377401559,0.0,0.0,0.00442543192046152,0.006962252834341598
2016-10-06,0.0,-0.0003452131076177922,0.0,-8.435404253204215e-05,0.0,0.0,0.0006955562921189262,-0.0008642643771830105
2016-10-07,0.0,-0.002767891770123043,0.0,-0.0004,0.0,0.0,-0.003429438956870201,-0.002162745117658349
2016-10-10,0.0,0.00249205715652499,0.0,0.0,0.0,0.0,0.005208399812815623,0.0
2016-10-11,-0.0002189798756560002,-0.009420239928336734,-0.0002189798756560002,-0.0002189798756560002,-0.0002189798756560002,-0.0002189798756560002,-0.012629817728710635,-0.0008666711879918854
2016-10-12,0.00021902783834470974,-0.0008399467829307339,0.00021902783834470974,0.00021902783834470974,0.00021902783834470974,0.00021902783834470974,0.0013121731049692276,0.004772229170167064
2016-10-13,-0.0002189798756560002,-0.004482520109829844,-0.0002189798756560002,-0.0002189798756560002,-0.0002189798756560002,-0.0002189798756560002,-0.003275758610667312,0.0017270357675767123
2016-10-14,0.0,-0.000316699465412693,0.0,0.0,0.0,0.0,0.0005164323295006046,-0.0034483309497084225
2016-10-17,0.0,-0.0019010624432129752,0.0,0.0,0.0,0.0,-0.0034722434201618357,-0.00043229081100149003
2016-10-18,0.0,0.0015753706485987086,0.0,0.0,0.0,0.0,0.006262651184805401,0.011250341875935321
2016-10-19,0.00021902783834470974,0.0019197663949843682,0.00021902783834470974,0.00021902783834470974,0.00021902783834470974,0.00021902783834470974,0.0026671103510653715,0.0064187209305544
2016-10-20,-0.0002189798756560002,-0.00012644246678702225,-0.0002189798756560002,-0.0002189798756560002,-0.0002189798756560002,-0.0002189798756560002,-0.0018665858181565742,0.00042472729303288936
2016-10-21,0.0,0.0010883081637345084,0.0,0.0,0.0,0.0,0.00046733161978407267,0.005950211929917959
2016-10-24,0.0,0.0004417988205767998,0.0,0.0,0.0,0.0,0.004252580367980041,-0.0008447020796296112
2016-10-25,0.0,-0.0022991529483865135,0.0,0.0,0.0,0.0,-0.0033502514409615713,-0.002960324022220573
2016-10-26,0.00021902783834470974,-0.001989107050959249,0.00021902783834470974,0.00021902783834470974,0.00021902783834470974,0.00021902783834470974,-0.0020077704360920157,-0.0038168289221577334
2016-10-27,-0.0002189798756560002,-0.0002778510653444144,-0.0002189798756560002,-0.0002189798756560002,-0.0002189798756560002,-0.0002189798756560002,-0.0026669028204027168,0.002128890872634459
2016-10-28,0.00021902783834470974,-0.003178656971784211,0.00021902783834470974,0.00021902783834470974,0.00021902783834470974,0.00021902783834470974,-0.002955383878839535,-0.004248208303908929
2016-10-31,0.00021846071995268446,-0.0004468154796873236,0.00021846071995268446,0.00021846071995268446,0.00021846071995268446,0.00021846071995268446,4.704458140758483e-05,0.00042638918189741304
2016-11-01,-0.0045746723995311765,-0.0041730942179061484,-0.0002184130052902411,-0.0042357015043521405,-0.0048100461265974444,-0.017795738815600825,-0.0072451955570536075,-0.0004262074516506731
2016-11-02,-0.00018153928004731556,-0.0038257931083971646,-0.009595399359506084,-0.009195399359506085,-0.00085245884477597,-0.0006042277255428823,-0.006018826899325758,-0.012371971819686411
2016-11-03,-0.0002184130052902411,-4.98842020449785e-05,-0.002720582352030987,-0.002720582352030987,-0.0002184130052902411,-0.0002184130052902411,-0.004577166378548991,-0.0008639983255129824
2016-11-04,0.00021846071995268446,-0.0004391412451227872,-0.003144820026276862,-0.003144820026276862,0.00021846071995268446,0.00021846071995268446,-0.001101597435798074,-0.00518804261675565
2016-11-07,-0.0002184130052902411,-0.0002984130052902411,0.016026470324758346,-0.0006184130052902411,-0.0002184130052902411,-0.0002184130052902411,0.02205710044804743,0.009995840201469264
2016-11-08,0.00021846071995268446,0.00019487340249874319,0.0024668856862243294,0.00021846071995268446,0.00021846071995268446,0.00021846071995268446,0.0045036057945573305,0.00043016557789132825
2016-11-09,-0.0004373450528935008,0.008154388911247602,0.008526855896886287,-0.0004373450528935008,-0.0004373450528935008,-0.0004373450528935008,0.01060239776381211,0.006451314029960464
2016-11-10,0.0,0.010927678637879072,0.0010342621925769624,0.0,0.0,0.0,0.0024953236363258746,-0.00042679925117194983
2016-11-11,-0.0004372248456290251,0.0008746162940637033,-0.007565638002490216,-0.0004372248456290251,-0.0004372248456290251,-0.0004372248456290251,-0.0023048159569415416,-0.01282646004803889
2016-11-14,0.0004374160948135142,0.009070045202889211,0.0019086504571008689,0.0004374160948135142,0.0004374160948135142,0.0004374160948135142,0.0007855020921465616,0.003031798822055176
2016-11-15,0.00021902783834470974,0.007684059799961718,0.009514480116711743,0.00021902783834470974,0.00021902783834470974,0.00021902783834470974,0.007802690730565942,0.011226269502857544
2016-11-16,0.0,-0.004668813851263121,-0.0020066554126369485,0.0,0.0,0.0,-0.001878269855683623,-0.002135040969590274
2016-11-17,0.00021846071995268446,0.003643869321521609,0.006421417482569303,0.00021846071995268446,0.00021846071995268446,0.00021846071995268446,0.005140582723721865,0.0077022522414167405
2016-11-18,-0.0002184130052902411,0.0013867351496785088,-5.691135247193335e-05,-0.0002184130052902411,-0.0002184130052902411,-0.0002184130052902411,-0.002237289228130712,0.0021234665231868455
2016-11-21,-0.0002189798756560002,0.007871571221288542,0.009707652734192496,-0.0002189798756560002,-0.0002189798756560002,-0.0002189798756560002,0.007551029813801957,0.011864275654583034
2016-11-22,0.0,0.002868322487055943,0.0028611365051822713,0.0,0.0,0.0,0.0019533955508599377,0.003768877459504605
2016-11-23,0.0,0.003268299071042802,6.345250696321303e-05,0.0,0.0,0.0,0.000544281317163664,-0.00041737630323723796
2016-11-24,0.0,-8.351011579081913e-05,-0.00020877528947704782,0.0,0.0,0.0,0.0,-0.00041755057895409564
2016-11-25,0.00021902783834470974,0.0006844686828941793,0.0018576740480198417,0.00021902783834470974,0.00021902783834470974,0.00021902783834470974,0.0037153480960396834,0.0
2016-11-28,-0.0002189798756560002,-0.009634964922509816,-0.0048528225439822825,-0.0002189798756560002,-0.0002189798756560002,-0.0002189798756560002,-0.004695022285123085,-0.00501062280284148
2016-11-29,0.0,-0.0015443027381204736,0.0011853874841483147,0.0,0.0,0.0,0.0019506332161227657,0.00042014175217386374
2016-11-30,0.0,0.012578601583764759,0.0017366425846795375,0.0,0.0,0.0,-0.0023991340655737936,0.0058724192349328685
2016-12-01,-0.0036636683835608594,0.0014903815401051236,-0.0037144395185004786,-0.004114439518500479,-0.005666419651263572,0.007463612436433857,-0.003675614263013771,-0.003753264773987186
2016-12-02,-0.0006184081986950081,-0.0013492098871656477,0.000878280536716014,0.000878280536716014,-0.0011479552946936562,-0.0007183193147733109,0.000500759459475475,0.001255801613956553
2016-12-05,0.0,0.009372742061982998,0.004467586628857045,0.004467586628857045,0.0,0.0,0.0060087832848712,0.002926389972842891
2016-12-06,0.00021845591125702057,0.00458776652387658,0.0026259794545016035,0.0026259794545016035,0.00021845591125702057,0.00021845591125702057,0.003167542480280394,0.002084416428722813
2016-12-07,0.0,0.010850050057029348,0.010492063369338278,-0.0004,0.0,0.0,0.01308068933370854,0.007903437404968017
2016-12-08,0.0,0.007335705640176338,0.003081647483229921,0.0,0.0,0.0,0.0024487557118191283,0.003714539254640714
2016-12-09,0.0,0.002896580142906569,0.003637046274192701,0.0,0.0,0.0,0.0060405973230655,0.0012334952253199027
2016-12-12,-0.00021840819869500816,-0.003666223557289361,-0.001395397585802316,-0.00021840819869500816,-0.00021840819869500816,-0.00021840819869500816,-0.0011479567447947314,-0.0016428384268099006
2016-12-13,0.00021845591125702057,0.005519171842776194,0.006833574565730194,0.00021845591125702057,0.00021845591125702057,0.00021845591125702057,0.006674056989408594,0.006993092142051793
2016-12-14,0.0,-0.011542531299609072,-0.010254631368139033,0.0,0.0,0.0,-0.008254218569366145,-0.012255044166911921
2016-12-15,0.0,0.004799012810224168,0.0028856287168596007,0.0,0.0,0.0,0.004117074294659906,0.0016541831390592954
2016-12-16,-0.00021840819869500816,-0.0008271087542881085,5.4238501610182066e-05,-0.00021840819869500816,-0.00021840819869500816,-0.00021840819869500816,-0.001955837166909835,0.0020643141701301992
2016-12-19,0.00021845591125702057,0.0011632580102089785,0.001706848363191682,0.00021845591125702057,0.00021845591125702057,0.00021845591125702057,0.002177454811612245,0.001236241914771119
2016-12-20,-0.00021840819869500816,0.0048320049989094786,0.002751888049129958,-0.00021840819869500816,-0.00021840819869500816,-0.00021840819869500816,0.003857556997368672,0.0016462191008912441
2016-12-21,0.00021845591125702057,-0.0018884240442351263,-0.0009806929164059008,0.00021845591125702057,0.00021845591125702057,0.00021845591125702057,-0.00278273380822025,0.0008213479754084485
2016-12-22,-0.00021840819869500816,-0.0014355037157522288,-4.262170403129817e-05,-0.00021840819869500816,-0.00021840819869500816,-0.00021840819869500816,-0.001727306024961739,0.0016420626168991426
2016-12-23,0.0,0.001595607760509399,0.0009370976325616676,0.0,0.0,0.0,0.001464174195219048,0.0004100210699042872
2016-12-27,0.00021845591125702057,0.002092912507906064,0.0012405382707528778,0.00021845591125702057,0.00021845591125702057,0.00021845591125702057,0.0024810765415057556,0.0
2016-12-28,-2.159168504212161e-05,-0.0073763722840645375,-0.0028124368001410383,-2.159168504212161e-05,-2.159168504212161e-05,-2.159168504212161e-05,-0.008264665376196967,0.0026397917759148903
2016-12-29,0.00021862053143673066,-0.0006096700206289895,0.0017396493025871318,0.00021862053143673066,0.00021862053143673066,0.00021862053143673066,-0.00022243301288071837,0.003701731618054982
2016-12-30,-0.0004378719940020259,-0.0026682593729759766,-0.005720715461671744,-0.0004378719940020259,-0.0004378719940020259,-0.0004378719940020259,-0.0036549681045234816,-0.007786462818820006
2017-01-03,0.0019391285625737105,0.003312818819893551,0.007748714493970854,0.007348714493970854,0.0051141794960778125,0.018701178894433682,0.007649861375690792,0.007847567612250916
2017-01-04,-0.0004,0.00765149445904938,0.006458324113310487,0.006458324113310487,-0.0009747639471382581,-0.0006139553685551957,0.005949072278585099,0.006967575948035876
2017-01-05,-0.00021857274694669915,-0.0031954455838046863,0.001637688908209034,0.001637688908209034,-0.00021857274694669915,-0.00021857274694669915,-0.0007944463360454179,0.004069824152463486
2017-01-06,0.00021862053143673066,-0.000285938490343285,-0.0006430316350851673,-0.0006430316350851673,0.00021862053143673066,0.00021862053143673066,0.0035778900544658487,-0.004863953324636183
2017-01-09,0.0,-0.0064380120024060804,-0.00490917569098015,-0.0004,0.0,0.0,-0.0033008452962037804,-0.006517506085756519
2017-01-10,-0.00021857274694669915,-0.0009859283929639505,0.001025117012961263,-0.00021857274694669915,-0.00021857274694669915,-0.00021857274694669915,0.0,0.002050234025922526
2017-01-11,0.00021862053143673066,0.0018087861569379715,0.0032542462242066694,0.00021862053143673066,0.00021862053143673066,0.00021862053143673066,0.002826046542488303,0.003682445905925036
2017-01-12,0.0,-0.00222069195113066,-0.0030895321413033083,0.0,0.0,0.0,-0.0025101290322732117,-0.003668935250333405
2017-01-13,0.0,0.0027838500691619306,0.003193603834750758,0.0,0.0,0.0,0.0022956348053246867,0.004091572864176829
2017-01-16,0.0,-0.0002445362932212536,-0.000611340733053134,0.0,0.0,0.0,0.0,-0.001222681466106268
2017-01-17,0.0,-0.004927985299613935,-0.002781763334576637,0.0,0.0,0.0,-0.0035236328129877315,-0.002039893856165542
2017-01-18,-0.00021857274694669915,0.0006529538364477139,8.299720599835858e-05,-0.00021857274694669915,-0.00021857274694669915,-0.00021857274694669915,0.002210057940796206,-0.002044063528799489
2017-01-19,0.0,-0.002795124916259395,-0.0016474774381829427,0.0,0.0,0.0,-0.0037045846892378442,0.0004096298128719589
2017-01-20,0.00021862053143673066,0.003620321505251125,0.006137126910762625,0.00021862053143673066,0.00021862053143673066,0.00021862053143673066,0.0036744370929906456,0.008599816728534604
2017-01-23,-0.00021857274694669915,0.0013531086072404855,-0.0031284181436536107,-0.00021857274694669915,-0.00021857274694669915,-0.00021857274694669915,-0.002602497109378543,-0.0036543391779286782
2017-01-24,0.0,0.004347512928980013,0.007484524510540158,0.0,0.0,0.0,0.006411688305481444,0.008557360715598872
2017-01-25,0.00021862053143673066,0.004669196421328272,0.005337969785402241,0.00021862053143673066,0.00021862053143673066,0.00021862053143673066,0.008655527206627545,0.002020412364176938
2017-01-26,0.00021857274694681017,-0.0012610785852062323,-0.0013292840087092972,0.00021857274694681017,0.00021857274694681017,0.00021857274694681017,-0.0010455171195903334,-0.001613050897828261
2017-01-27,-0.0004370499666817018,-0.001653826263989844,-0.0021983642751768895,-0.0004370499666817018,-0.0004370499666817018,-0.0004370499666817018,-0.00156945347354287,-0.002827275076810909
2017-01-30,0.00043724106287368336,-0.0064321625130092965,-0.008163586606440676,0.00043724106287368336,0.00043724106287368336,0.00043724106287368336,-0.006201862206961728,-0.010125311005919624
2017-01-31,-0.0002185249833408509,-0.0017827515168575613,-0.0008623968133831261,-0.0002185249833408509,-0.0002185249833408509,-0.0002185249833408509,-8.767923044095127e-05,-0.001637114396325301
2017-02-01,0.001363883623045426,0.0029237484038116346,0.000812584226368207,0.000412584226368207,-0.0038016815969655394,-0.0017441891221307631,0.00039536988149024843,0.0012297985712461657
2017-02-02,-0.0004,-0.0004399385308968551,0.00012498286880124887,0.00012498286880124887,-0.0009385531014986285,-0.0006129558109956177,0.0006592602320201202,-0.00040929449441762245
2017-02-03,-0.0002190772830140686,0.003176037670220966,0.005903434022090259,0.005903434022090259,-0.0002190772830140686,-0.0002190772830140686,0.0068928171407687255,0.004914050903411793
2017-02-06,0.00043804297346894394,0.00017471796698220737,-0.0010977451889839784,-0.0010977451889839784,0.00043804297346894394,0.00043804297346894394,-0.0017880305712048017,-0.0004074598067631552
2017-02-07,0.0,0.0015284512091604087,0.0010409918431748544,-0.0004,0.0,0.0,4.365275072704122e-05,0.0020383309356226675
2017-02-08,0.0,0.0009482203309282512,0.0024858625107019305,0.0,0.0,0.0,0.001310454098814473,0.003661270922589388
2017-02-09,0.0,0.001821471660297149,0.00499328530204135,0.0,0.0,0.0,0.005932842177447384,0.004053728426635317
2017-02-10,-0.00021882183171617609,0.0018009008683267827,0.005606227999759739,-0.00021882183171617609,-0.00021882183171617609,-0.00021882183171617609,0.003945782829344324,0.007266673170175153
2017-02-13,0.0,0.0031077641164671066,0.0035230548350175805,0.0,0.0,0.0,0.0054428550731060454,0.0016032545969291156
2017-02-14,0.00021886972519036263,0.0023445836068487933,0.003198161226163565,0.00021886972519036263,0.00021886972519036263,0.00021886972519036263,0.003995092285314916,0.002401230167012214
2017-02-15,-0.00021882183171617609,0.003951484429562036,0.004406590744209127,-0.00021882183171617609,-0.00021882183171617609,-0.00021882183171617609,0.005220802752159637,0.003592378736258617
2017-02-16,0.0,-0.0004084883154401896,0.0001710256455356718,0.0,0.0,0.0,-0.0008515478333802617,0.0011935991244516053
2017-02-17,0.00021886972519036263,0.0015057039838699906,0.0003908465606756173,0.00021886972519036263,0.00021886972519036263,0.00021886972519036263,0.001576215452346652,-0.0007945223309954175
2017-02-21,-0.00021882183171617609,0.005494631321444743,0.004766878031360333,-0.00021882183171617609,-0.00021882183171617609,-0.00021882183171617609,0.005955169658873327,0.003578586403847339
2017-02-22,0.0,-0.0015491137135875467,-0.0024251895120059874,0.0,0.0,0.0,-0.0008880023184563157,-0.003962376705555659
2017-02-23,0.0,-0.0025586902684943793,-0.0014510261983274875,0.0,0.0,0.0,0.0006774673489833294,-0.0035795197456383043
2017-02-24,0.0,-0.002003014268290082,-0.006750995548452432,0.0,0.0,0.0,0.0012686606423835123,-0.014770651739288376
2017-02-27,0.0,0.002310687834157377,0.0005788210699327334,0.0,0.0,0.0,0.001562990820319854,-0.0004053486804543871
2017-02-28,0.0004372205558211828,-0.005182231042911121,-0.004795038982560396,0.0004372205558211828,0.0004372205558211828,0.0004372205558211828,-0.002699560881393559,-0.006890517083727232
2017-03-01,0.009002694290276112,0.007573436404005998,0.013121271886889607,0.012721271886889608,0.0014451012481553026,0.06163007020777242,0.013997786999404349,0.012244756774374865
2017-03-02,-0.0004,-0.009126643486379878,-0.005164907237344529,-0.005164907237344529,-0.0010971927295053596,-0.000895309526920131,-0.006297436296096581,-0.004032378178592477
2017-03-03,0.00021917157709938628,0.0017696562447112154,0.0023392114661908714,0.0023392114661908714,0.00021917157709938628,0.00021917157709938628,0.0006297188477870641,0.004048704084594679
2017-03-06,0.00021891604808188525,-0.0042330536525915455,-0.000682616902916211,-0.000682616902916211,0.00021891604808188525,0.00021891604808188525,-0.0029779858244872726,0.0016127520186548505
2017-03-07,-0.000437943726616874,-0.0016666117911085054,-0.0020974225762211973,-0.0008379437266168739,-0.000437943726616874,-0.000437943726616874,-0.002987029792329343,-0.0012078153601130515
2017-03-08,0.0,0.0002895314014789596,-0.004354286455370615,0.0,0.0,0.0,-0.00185644077889624,-0.00685213213184499
2017-03-09,0.0,0.0010968676749461448,0.0008370869497921207,0.0,0.0,0.0,0.0012681671251171256,0.00040600677446711586
2017-03-10,0.00021917157709938628,0.0024841640216855423,0.0015492135303656895,0.00021917157709938628,0.00021917157709938628,0.00021917157709938628,0.0035042690605973092,-0.00040584199986593017
2017-03-13,-0.000219123551444933,0.0010644444506349383,0.001672834769949838,-0.000219123551444933,-0.000219123551444933,-0.000219123551444933,0.0005048253987707252,0.002840844141128951
2017-03-14,0.0,-0.002266523931111841,-0.00656718924867461,0.0,0.0,0.0,-0.003826675352355813,-0.009307703144993407
2017-03-15,0.00021917157709938628,0.0040430866463753165,0.008615871238000561,0.00021917157709938628,0.00021917157709938628,0.00021917157709938628,0.008653509002874538,0.008578233473126584
2017-03-16,0.00021891604808188525,-5.0099142746051845e-05,0.00043415568184707043,0.00021891604808188525,0.00021891604808188525,0.00021891604808188525,-0.0019669798613327627,0.0028352912250269036
2017-03-17,0.0,-0.0019491098519355487,-0.0028973757491024266,0.0,0.0,0.0,-0.0017560579541475718,-0.004038693544057281
2017-03-20,-0.00021886813433480423,-1.7207042737430334e-05,-0.0021704195264308224,-0.00021886813433480423,-0.00021886813433480423,-0.00021886813433480423,-0.0010967223520275127,-0.003244116700834132
2017-03-21,0.00021891604808188525,-0.008436891512448976,-0.010488290225258878,0.00021891604808188525,0.00021891604808188525,0.00021891604808188525,-0.012839741555485173,-0.008136838895032583
2017-03-22,0.0,0.001094475553161072,0.0017917053888656387,0.0,0.0,0.0,0.002352806376965111,0.0012306044007661665
2017-03-23,-0.00021886813433480423,-0.0007039271446830143,0.0025391529525526924,-0.00021886813433480423,-0.00021886813433480423,-0.00021886813433480423,-0.0010667485968143264,0.006145054501919711
2017-03-24,0.00021891604808188525,0.00032658995325580704,0.00021064788018027025,0.00021891604808188525,0.00021891604808188525,0.00021891604808188525,-0.0007265496452851794,0.00114784540564572
2017-03-27,0.0,0.00017584373080356213,0.001534503920114505,0.0,0.0,0.0,-0.0010260413535175816,0.004095049193746592
2017-03-28,0.0,0.0011188404761727222,0.006493164191601064,0.0,0.0,0.0,0.007276660977783234,0.0057096674054188945
2017-03-29,0.0,0.0007221146700076453,0.0026978212477215546,0.0,0.0,0.0,0.0009349585663636084,0.004460683929079501
2017-03-30,0.0,-0.0006595874716988923,-0.0006283503929212508,0.0,0.0,0.0,0.003184173805317103,-0.004440874591159605
2017-03-31,-0.00021886813433480423,-0.0009891764430086214,-0.0017720291062992555,-0.00021886813433480423,-0.00021886813433480423,-0.00021886813433480423,-0.0023276889712968707,-0.0012163692413016403
2017-04-03,-0.0017129405482770564,0.0010111776992118406,0.00014527720852286485,-0.00025472279147713517,0.00532507537197743,-0.005007379528293638,-0.0017393626248525251,0.002029917041898255
2017-04-04,-0.0004,0.0013125377553922179,0.002750038656413323,0.002750038656413323,-0.0011021930777350875,-0.0007334192372674667,0.0006377480260322255,0.00486232928679442
2017-04-05,0.0,-0.0013721943425886397,-0.0020913057421450554,-0.0020913057421450554,0.0,0.0,-0.0029728121791799955,-0.0012097993051101152
2017-04-06,0.0,0.0019148933172080352,0.0032223247637397368,0.0032223247637397368,0.0,0.0,0.0028112517095983947,0.003633397817881079
2017-04-07,0.0,-0.0007150449997365138,-0.0015154578679018038,-0.0004,0.0,0.0,-0.0010196800191947242,-0.0020112357166088835
2017-04-10,0.0,0.001958396976026977,0.0025145420785692707,0.0,0.0,0.0,0.0005952704651412954,0.004433813691997246
2017-04-11,0.00021920822156351605,0.0003017071498590874,-0.0009960252998427177,0.00021920822156351605,0.00021920822156351605,0.00021920822156351605,-0.0011895328010222972,-0.0008025177986631382
2017-04-12,-0.00021916017985035285,-0.0025733444827645926,-0.004199016457115401,-0.00021916017985035285,-0.00021916017985035285,-0.00021916017985035285,-0.004381925517923491,-0.004016107396307311
2017-04-13,0.00021920822156351605,-0.005355955232697439,-0.007078223886065993,0.00021920822156351605,0.00021920822156351605,0.00021920822156351605,-0.006494847249307156,-0.00766160052282483
2017-04-17,0.0,0.0020710855074381578,0.00910278564956013,0.0,0.0,0.0,0.008859663219893177,0.009345908079227083
2017-04-18,0.00021874530019139193,0.0015568581666862702,-0.0033036396489582454,0.00021874530019139193,0.00021874530019139193,0.00021874530019139193,-0.002984120241461108,-0.003623159056455383
2017-04-19,0.0,-0.0005327682591234284,-0.003141511651237161,0.0,0.0,0.0,-0.001838361620742468,-0.004444661681731854
2017-04-20,0.0,-0.0002289676686551223,0.006301630022556126,0.0,0.0,0.0,0.008138755149543098,0.004464504895569155
2017-04-21,0.0,-0.00125533770862984,-0.001391395182213595,0.0,0.0,0.0,-0.0031868054514906374,0.00040401508706344735
2017-04-24,-0.0002186974611495529,0.002400517143068993,0.008932212184010191,-0.0002186974611495529,-0.0002186974611495529,-0.0002186974611495529,0.010998347017939114,0.006866077350081268
2017-04-25,0.0,0.005178335906791011,0.0035107637822573423,0.0,0.0,0.0,0.005818233698892339,0.0012032938656223457
2017-04-26,0.00021874530019139193,-0.00036421470960659166,-0.0031189419009904906,0.00021874530019139193,0.00021874530019139193,0.00021874530019139193,-0.0006287696969393686,-0.005609114105041613
2017-04-27,-0.0002186974611495529,0.0009348929020421308,-0.003810973620017921,-0.0002186974611495529,-0.0002186974611495529,-0.0002186974611495529,0.0008390350667522029,-0.008460982306788045
2017-04-28,0.00043759432029744083,-0.002074675231326104,0.0013482529448196057,0.00043759432029744083,0.00043759432029744083,0.00043759432029744083,-0.0021794553284119056,0.004875961218051117
2017-05-01,0.002141925712139308,0.004942186571753604,0.0008557169799192077,0.0004557169799192077,-0.0048811018973742275,0.003936897922016044,0.0025201178154523607,-0.0008086838556139453
2017-05-02,-0.0006190787185191167,0.00046579862319056086,-0.0006190787185191167,0.0012004535477424527,-0.0013672822553273821,-0.000820001558222509,0.0003772632933385367,0.0020236438021463687
2017-05-03,0.0,-0.0024834896251925585,0.0,-0.002424873255268134,0.0,0.0,-0.0012147818730989801,-0.003634964637437288
2017-05-04,0.00021912672452106818,-0.00017586557240139027,0.00021912672452106818,-0.004074369092699481,0.00021912672452106818,0.00021912672452106818,0.0011742403058041528,-0.009322978491203116
2017-05-05,-0.00021907871851911676,0.0035362488296650347,-0.00021907871851911676,-0.0006190787185191167,-0.00021907871851911676,-0.00021907871851911676,0.003936809184346357,0.011456312317242645
2017-05-08,0.00021912672452106818,5.179142956721668e-08,0.00021912672452106818,0.00021912672452106818,0.00021912672452106818,0.00021912672452106818,-0.00016663197620514492,0.004045551590684537
2017-05-09,0.0,4.762138890110888e-05,0.0,0.0,0.0,0.0,-0.0009179536420896861,-0.0048347057964565066
2017-05-10,0.00021887135579445882,0.002224201349995103,0.00021887135579445882,0.00021887135579445882,0.00021887135579445882,0.00021887135579445882,0.0017957435308066927,0.0036437943186493627
2017-05-11,0.0,-0.0022934541698682006,0.0,0.0,0.0,0.0,-0.0020429573390613465,-0.004840852698806519
2017-05-12,-0.00021882346160684296,-0.0004805524646151583,-0.00021882346160684296,-0.00021882346160684296,-0.00021882346160684296,-0.00021882346160684296,-0.0016709057153571072,-0.00040522580148449894
2017-05-15,0.00021887135579445882,0.0028629980171364,0.00021887135579445882,0.00021887135579445882,0.00021887135579445882,0.00021887135579445882,0.005523468632883333,0.006082741766322508
2017-05-16,0.0,0.0015821191100388043,0.0,0.0,0.0,0.0,-0.0009154355994837049,-0.004836950603563039
2017-05-17,0.0002187198029324211,-0.013998290274516514,0.0002187198029324211,0.0002187198029324211,0.0002187198029324211,0.0002187198029324211,-0.017744007382516136,-0.017415962386069128
2017-05-18,0.0,-0.00011424413895178438,0.0,0.0,0.0,0.0,0.00402868218828889,0.0004122765351939339
2017-05-19,-0.00021867197504110703,-0.00023784687833905416,-0.00021867197504110703,-0.00021867197504110703,-0.00021867197504110703,-0.00021867197504110703,0.006503956968733293,0.010712952564059464
2017-05-22,0.0002187198029324211,0.00017497584234593688,0.0002187198029324211,0.0002187198029324211,0.0002187198029324211,0.0002187198029324211,0.005077198092602764,0.0
2017-05-23,0.0,-0.0005653219420226785,0.0,0.0,0.0,0.0,0.0022131422362434705,0.002445931127396994
2017-05-24,-0.00021867197504110703,0.0002038810619840348,-0.00021867197504110703,-0.00021867197504110703,-0.00021867197504110703,-0.00021867197504110703,0.00233253232917896,-0.004473282398566258
2017-05-25,0.0002187198029324211,0.0029011433021701996,0.0002187198029324211,0.0002187198029324211,0.0002187198029324211,0.0002187198029324211,0.004779516437731335,0.0004078696693519124
2017-05-26,0.0002189828830625462,0.0002337873814432535,0.0002189828830625462,0.0002189828830625462,0.0002189828830625462,0.0002189828830625462,-0.00020651516675129766,-0.00040770337950934987
2017-05-29,0.0,0.0002515402313651105,0.0,0.0,0.0,0.0,0.0,0.0008172429133019854
2017-05-30,-0.00043755904016351543,0.0007600624637912557,-0.00043755904016351543,-0.00043755904016351543,-0.00043755904016351543,-0.00043755904016351543,-0.0008687836678304972,-0.002857563800412577
2017-05-31,0.0,-0.0004384763819785587,0.0,0.0,0.0,0.0,-0.00024866933779210676,-0.0012282228495251735
2017-06-01,0.0062728682960747325,0.002876005828775364,0.00037203098233384857,0.007674721832376008,0.004845169427529238,0.016995128205948305,0.007952529462479596,0.00819691420227242
2017-06-02,-0.0006191565632727599,0.005432386197814232,-0.0002191565632727599,0.0006479112506519447,-0.0013442691632097104,-0.0009567259517871043,0.0033281159575362373,-0.002032293456232348
2017-06-05,0.0002192046034004136,-0.0015888373791703137,0.0002192046034004136,-0.0011832545280689999,0.0002192046034004136,0.0002192046034004136,-0.0007369835696016125,-0.0016295254865363873
2017-06-06,-0.0002191565632727599,-0.001629538616102022,-0.0002191565632727599,3.3553438603339814e-05,-0.0002191565632727599,-0.0002191565632727599,-0.0031969631236443696,0.0032640700008510493
2017-06-07,0.00043789099260815867,0.0017836536690652772,0.00043789099260815867,3.789099260815865e-05,0.00043789099260815867,0.00043789099260815867,0.0018501665411025936,-0.005286769763616639
2017-06-08,-0.00021859067032226065,0.0031824252876666353,-0.00021859067032226065,-0.00021859067032226065,-0.00021859067032226065,-0.00021859067032226065,0.000492495560878714,0.0024530315485218335
2017-06-09,0.0002186384626503557,-0.009275303922317502,0.0002186384626503557,0.0002186384626503557,0.0002186384626503557,0.0002186384626503557,-0.0015177201718268307,0.0032625384212159325
2017-06-12,-0.00021859067032226065,0.0009253451160816707,-0.00021859067032226065,-0.00021859067032226065,-0.00021859067032226065,-0.00021859067032226065,-0.00020518771958388804,-0.005284521582619384
2017-06-13,0.0002186384626503557,0.003478600303770509,0.0002186384626503557,0.0002186384626503557,0.0002186384626503557,0.0002186384626503557,0.004889631514950699,0.0
2017-06-14,-0.00021859067032226065,-0.0008689606188541535,-0.00021859067032226065,-0.00021859067032226065,-0.00021859067032226065,-0.00021859067032226065,-0.0012678062061471929,-0.013077020810659756
2017-06-15,0.0,-0.0012052707389892615,0.0,0.0,0.0,0.0,-0.0019242762619289255,0.0
2017-06-16,0.0004375877856741539,-0.001105499374381469,0.0004375877856741539,0.0004375877856741539,0.0004375877856741539,0.0004375877856741539,0.000218707748405933,0.002484316040359813
2017-06-19,-0.0002188535553810933,0.005186924286272454,-0.0002188535553810933,-0.0002188535553810933,-0.0002188535553810933,-0.0002188535553810933,0.008324850794628302,0.004130569916886984
2017-06-20,0.0,-0.005556192057279841,0.0,0.0,0.0,0.0,-0.006743878018330429,-0.007815930358356704
2017-06-21,0.00021890146274450295,-0.0025515884638690257,0.00021890146274450295,0.00021890146274450295,0.00021890146274450295,0.00021890146274450295,-0.0002469363778319078,0.0
2017-06-22,0.00021864640577828887,-0.0003408680027450651,0.00021864640577828887,0.00021864640577828887,0.00021864640577828887,0.00021864640577828887,-0.00045287668833338124,0.004975424013842433
2017-06-23,-0.00021859860997797131,0.001467277082073415,-0.00021859860997797131,-0.00021859860997797131,-0.00021859860997797131,-0.00021859860997797131,0.0011941928306933303,0.006443439335440226
2017-06-26,-0.0002188535553810933,0.0028436175910253607,-0.0002188535553810933,-0.0002188535553810933,-0.0002188535553810933,-0.0002188535553810933,0.0006581239567877706,0.0
2017-06-27,0.0,-0.004163587766910925,0.0,0.0,0.0,0.0,-0.008056319257728206,-0.002065465032386138
2017-06-28,0.0004375957305409184,0.00678034048287798,0.0004375957305409184,0.0004375957305409184,0.0004375957305409184,0.0004375957305409184,0.008950650694518503,0.00538102164826082
2017-06-29,-0.00021859860997797131,-0.0021647486354458454,-0.00021859860997797131,-0.00021859860997797131,-0.00021859860997797131,-0.00021859860997797131,-0.008788833022339015,-0.008645579655544244
2017-06-30,0.00021864640577828887,-0.0004225751603077787,0.00021864640577828887,0.00021864640577828887,0.00021864640577828887,0.00021864640577828887,0.0018644698932592796,-0.0024916356421506025
2017-07-03,0.000499406637732932,0.004658864422275588,0.00010935108106902014,0.00044776393187036,-0.00256777093425351,-0.008364380584889062,0.00169552786374072,0.0
2017-07-04,-0.0004,0.0,0.0,-0.001248929698827339,-0.0011147766303557158,-0.0006019632447566455,0.0,-0.002497859397654678
2017-07-05,-0.0002187817902729039,-0.0005294392776689083,-0.0002187817902729039,0.0019908978512228614,-0.0002187817902729039,-0.0002187817902729039,0.002312182889397496,0.0016696128130482268
2017-07-06,0.00021882966621888933,-0.003996136586275245,0.00021882966621888933,-0.0070723237008093465,0.00021882966621888933,0.00021882966621888933,-0.009144665157597931,-0.004999982244020762
2017-07-07,0.0,0.003306999573309444,0.0,-0.0004,0.0,0.0,0.006485128892082637,-0.0041880146302126775
2017-07-10,0.0,-0.0011078565820591634,0.0,0.0,0.0,0.0,0.0010738663255780434,0.006307929784549415
2017-07-11,0.0,-0.0011723680569138085,0.0,0.0,0.0,0.0,-0.0007423308057287192,0.0016718078991067031
2017-07-12,-0.0002187817902729039,0.0020534962642983824,-0.0002187817902729039,-0.0002187817902729039,-0.0002187817902729039,-0.0002187817902729039,0.007514578919570081,0.0008342548368138747
2017-07-13,0.0,0.0013755806026565232,0.0,0.0,0.0,0.0,0.00168017152254607,-0.0012505421638254743
2017-07-14,0.0004376593324380007,0.0013296263306344393,0.0004376593324380007,0.0004376593324380007,0.0004376593324380007,0.0004376593324380007,0.004664079334385507,0.0033389207296739
2017-07-17,-0.00021873393527094276,-0.0002271989277705176,-0.00021873393527094276,-0.00021873393527094276,-0.00021873393527094276,-0.00021873393527094276,-0.00012218605654756853,-0.0008320283298859366
2017-07-18,0.0,0.0015136863037721992,0.0,0.0,0.0,0.0,0.0005294899442316314,-0.0008324170426620148
2017-07-19,0.0,0.005342565987621662,0.0,0.0,0.0,0.0,0.005414090714767061,0.0058328898566182286
2017-07-20,0.0,0.0008301628832738218,0.0,0.0,0.0,0.0,0.0004454690002406725,0.001657163798657546
2017-07-21,0.0,-0.0014123945784402458,0.0,0.0,0.0,0.0,-0.0008905412919426592,-0.00578977257335056
2017-07-24,0.0,0.002522293255112951,0.0,0.0,0.0,0.0,-0.00024299440792852067,-0.002079868236857574
2017-07-25,0.0,0.003903400027563642,0.0,0.0,0.0,0.0,0.0024311037309099337,0.004585287432345542
2017-07-26,0.00021878179027279288,-0.0010345939638303659,0.00021878179027279288,0.00021878179027279288,0.00021878179027279288,0.00021878179027279288,4.023327351321271e-05,-0.0016599137103537887
2017-07-27,0.00021873393527083174,-0.004592744208777311,0.00021873393527083174,0.00021873393527083174,0.00021873393527083174,0.00021873393527083174,-0.0009292306033045206,0.0008312355927935222
2017-07-28,-0.00021868610119935017,-0.0011439454682486527,-0.00021868610119935017,-0.00021868610119935017,-0.00021868610119935017,-0.00021868610119935017,-0.0011732007678254552,-0.004567846988755342
2017-07-31,0.0,-0.0011252986957331012,0.0,0.0,0.0,0.0,-0.000567273415049252,0.002502866100168477
2017-08-01,-0.0014352881886178527,0.003245978097112481,0.0002626256477908928,0.0025871786343009797,0.005239388929597406,0.004115966054087257,0.0022289751545039316,0.003745382114098028
2017-08-02,-0.00018122000377744884,0.0007633833282956857,0.00021877999622255118,0.0021082858447483144,-0.0009154215108272848,-0.00056451746132372,0.0004852660767988848,0.003731305612697744
2017-08-03,0.0,-0.0051315701857916896,0.0,-0.003448282230360644,0.0,0.0,-0.001940051878986604,-0.0049565125817346845
2017-08-04,0.0,0.003169592282282174,0.0,0.003194134347255906,0.0,0.0,0.0018221163450184985,0.004566152349493313
2017-08-07,0.0,0.0010152955328963877,0.0,-0.0004,0.0,0.0,0.001859391987406367,0.0
2017-08-08,0.0,-0.0021269222822186016,0.0,0.0,0.0,0.0,-0.002461036074513645,-0.0012395897952951485
2017-08-09,0.0,-0.00019039383765260265,0.0,0.0,0.0,0.0,-4.0117304418219035e-05,-0.0016552071270726776
2017-08-10,0.0,-0.016734041393489753,0.0,0.0,0.0,0.0,-0.014115538069547573,-0.0095318328380537
2017-08-11,0.00021873214200529567,-0.00018126785799470435,0.00021873214200529567,0.00021873214200529567,0.00021873214200529567,0.00021873214200529567,0.0014767714595333992,-0.0020919504534188116
2017-08-14,-0.00021868430871807565,-0.00021868430871807565,-0.00021868430871807565,-0.00021868430871807565,-0.00021868430871807565,-0.00021868430871807565,0.009913234565848583,0.0054509633833461635
2017-08-15,0.00021873214200529567,0.0004052465780702975,0.00021873214200529567,0.00021873214200529567,0.00021873214200529567,0.00021873214200529567,-0.00012191398114091978,-0.00041685199063323797
2017-08-16,-0.00021868430871807565,0.00041027284546495406,-0.00021868430871807565,-0.00021868430871807565,-0.00021868430871807565,-0.00021868430871807565,0.0017446080671315034,-0.0012516870244013711
2017-08-17,0.00021873214200529567,-0.0037378743987672054,0.00021873214200529567,0.00021873214200529567,0.00021873214200529567,0.00021873214200529567,-0.015590873878956968,-0.003341710071024906
2017-08-18,-0.00021868430871807565,-0.0003849838662271399,-0.00021868430871807565,-0.00021868430871807565,-0.00021868430871807565,-0.00021868430871807565,-0.0015633193821920077,-0.005029626954195621
2017-08-21,0.00021873214200529567,0.00010491945014488026,0.00021873214200529567,0.00021873214200529567,0.00021873214200529567,0.00021873214200529567,0.0007829559233574201,0.0
2017-08-22,0.0002188912002116794,0.003154951912045645,0.0002188912002116794,0.0002188912002116794,0.0002188912002116794,0.0002188912002116794,0.01045690400327226,0.0025278337119509775
2017-08-23,0.0,-0.00048356256631596487,0.0,0.0,0.0,0.0,-0.003585542579587764,0.005041487346198359
2017-08-24,0.0,-0.00017318856782235772,0.0,0.0,0.0,0.0,-0.002330525417759466,0.0012544058690151516
2017-08-25,-0.000218843297339677,-0.00020970480873991896,-0.000218843297339677,-0.000218843297339677,-0.000218843297339677,-0.000218843297339677,0.0023359694539470954,-0.001670106826442197
2017-08-28,0.0002188912002116794,0.0005563853560031085,0.0002188912002116794,0.0002188912002116794,0.0002188912002116794,0.0002188912002116794,4.113452021847763e-05,-0.00041847979905640376
2017-08-29,0.0,0.0008649056215187302,0.0,0.0,0.0,0.0,0.001144612471688955,0.0020922561153788877
2017-08-30,0.0,0.0014467474461634213,0.0,0.0,0.0,0.0,0.004737630234101786,0.004175470415286764
2017-08-31,0.00021842960490614516,0.0032675068927620556,0.00021842960490614516,0.00021842960490614516,0.00021842960490614516,0.00021842960490614516,0.006016272474491657,0.004573544560823262
2017-09-01,0.00217356556967671,-0.000528198140082967,6.555593135892934e-05,-0.00010682224155532627,-0.0014790506105303686,-0.002480511618028954,0.0014141507292435573,-0.0008277952123542098
2017-09-05,-0.0008374589332970524,-0.0061982910125046075,-0.00043745893329705243,-0.007319135753526551,-0.0016058593945895681,-0.0010306919591670113,-0.007182043156579887,-0.007456228350473215
2017-09-06,0.0004376503873686488,0.0018074111041111343,0.0004376503873686488,0.0012894550356422063,0.0004376503873686488,0.0004376503873686488,0.003413614845667823,-0.0008347047743834102
2017-09-07,0.0,0.001933345864680347,0.0,-0.0011051412156860563,0.0,0.0,-0.00012152291752265398,-0.0020887595138494586
2017-09-08,-0.0002186777697762432,-0.005249917139341319,-0.0002186777697762432,-0.0006186777697762432,-0.0002186777697762432,-0.0002186777697762432,-0.0011748406035723136,-0.002511655944824942
2017-09-11,0.0,0.010956808717099566,0.0,0.0,0.0,0.0,0.0106663869934287,0.0033573410553711103
2017-09-12,0.000437658033124233,0.001052047118564659,0.000437658033124233,0.000437658033124233,0.000437658033124233,0.000437658033124233,0.0033705369392715845,0.006691501152932711
2017-09-13,0.0,0.002583730319700406,0.0,0.0,0.0,0.0,0.00047975740410022283,-0.00041519231578568405
2017-09-14,-0.00021883665730060287,0.0005866126308054827,-0.00021883665730060287,-0.00021883665730060287,-0.00021883665730060287,-0.00021883665730060287,-0.0003198720399556487,0.0037408131919203225
2017-09-15,0.0,0.003169584251784619,0.0,0.0,0.0,0.0,0.0013463073424928584,-0.0008284401820511933
2017-09-18,0.0,0.0010429677581912154,0.0,0.0,0.0,0.0,0.002126742525344172,0.004972844978568869
2017-09-19,0.00043714875206335435,0.0007251480278839264,0.00043714875206335435,0.00043714875206335435,0.00043714875206335435,0.00043714875206335435,0.0010013009286711227,0.003711605389328909
2017-09-20,0.0,2.162033846806453e-05,0.0,0.0,0.0,0.0,0.00036013012207880557,0.005752113760492783
2017-09-21,0.0,-0.0016431757806564568,0.0,0.0,0.0,0.0,-0.0026793592508524977,0.004493208014243688
2017-09-22,0.0,0.0018563046844005673,0.0,0.0,0.0,0.0,0.00020034299280791146,0.0004065112707600793
2017-09-25,0.0,-0.0006534415490082375,0.0,0.0,0.0,0.0,-0.0020447000352561417,0.0032351285746330394
2017-09-26,0.0,0.0007869962738689918,0.0,0.0,0.0,0.0,0.0006027714009988472,-0.0020407684016470196
2017-09-27,0.0,0.008597773770506922,0.0,0.0,0.0,0.0,0.003894226952149138,0.008997822373933984
2017-09-28,-0.00021816882256942005,0.001417617019721398,-0.00021816882256942005,-0.00021816882256942005,-0.00021816882256942005,-0.00021816882256942005,0.001199793618450684,0.0012161410163078479
2017-09-29,0.0004374665723645421,0.003063647429105654,0.0004374665723645421,0.0004374665723645421,0.0004374665723645421,0.0004374665723645421,0.0035152376042428823,0.0016194538818252724
2017-10-02,0.0024469464693388345,0.005293015265572088,4.360353680477047e-05,0.0039922441155034296,-0.004041521843131781,0.013304994690266742,0.004338410481221411,0.004446077749785449
2017-10-03,-0.0004,0.0017207720262686355,0.0,0.001875077762839461,-0.0011921042877288588,-0.0007928576199402578,0.0021403795119834257,0.0016097760136954964
2017-10-04,-0.00021893807079909067,-0.0017562612865287708,-0.00021893807079909067,0.0007943089512238988,-0.00021893807079909067,-0.00021893807079909067,0.0011865293339912153,0.00040208856845658225
2017-10-05,0.00021898601517489347,0.0060123850933135,0.00021898601517489347,0.004367848022901577,0.00021898601517489347,0.00021898601517489347,0.00592492568482883,0.002810770360974324
2017-10-06,-0.00021893807079909067,-0.0020814719028380726,-0.00021893807079909067,-0.0006189380707990906,-0.00021893807079909067,-0.00021893807079909067,-0.0011388347308028957,-0.0032036924753401363
2017-10-09,0.0,-0.0006735691855504599,0.0,0.0,0.0,0.0,-0.0016510331319219418,0.0
2017-10-10,0.0,0.0024278751096760585,0.0,0.0,0.0,0.0,0.002638385750666883,0.0028123861538178474
2017-10-11,0.0,0.0010082288501769732,0.0,0.0,0.0,0.0,0.0015707834012914645,0.0020032549503175012
2017-10-12,0.0004376619982375818,-0.0036139554756984276,0.0004376619982375818,0.0004376619982375818,0.0004376619982375818,0.0004376619982375818,-0.0014899518673617829,-0.0035983405954834735
2017-10-13,0.0,0.001444391325507266,0.0,0.0,0.0,0.0,0.0012173404883646377,0.004413865168792164
2017-10-16,-0.00021858031876365036,0.0021348210421319627,-0.00021858031876365036,-0.00021858031876365036,-0.00021858031876365036,-0.00021858031876365036,0.001333581749650703,-0.0007990030666922276
2017-10-17,0.00021862810656481102,-0.0012077737776380328,0.00021862810656481102,0.00021862810656481102,0.00021862810656481102,0.00021862810656481102,0.000705113847761174,0.0011994146462168676
2017-10-18,0.0,-0.00045020062946884206,0.0,0.0,0.0,0.0,0.0009786955244168727,-0.0019969514270167243
2017-10-19,0.0,0.00019050021446777256,0.0,0.0,0.0,0.0,0.00027360558671873925,0.0016008545113548323
2017-10-20,0.000218786916418523,0.005037905986240512,0.000218786916418523,0.000218786916418523,0.000218786916418523,0.000218786916418523,0.005160613430093441,0.0031962054259775385
2017-10-23,-0.0002187390591741334,-0.0016826636905745707,-0.0002187390591741334,-0.0002187390591741334,-0.0002187390591741334,-0.0002187390591741334,-0.003889674994097314,0.0
2017-10-24,0.00043757383283682394,0.0025713530955577824,0.00043757383283682394,0.00043757383283682394,0.00043757383283682394,0.00043757383283682394,0.0017572091036541782,0.002787456580169767
2017-10-25,0.0,-0.003658944748920767,0.0,0.0,0.0,0.0,-0.004950108743464798,-0.002779708264078029
2017-10-26,0.0,0.0030912177566881026,0.0,0.0,0.0,0.0,0.001292457806935765,0.002787456580169767
2017-10-27,0.0,0.0082362050316088,0.0,0.0,0.0,0.0,0.008176321560839028,0.0035744317913988244
2017-10-30,-0.0002186912228618887,4.653977834758735e-05,-0.0002186912228618887,-0.0002186912228618887,-0.0002186912228618887,-0.0002186912228618887,-0.003724977489137249,0.003561700735059903
2017-10-31,0.0002187390591741334,0.0008200808598007647,0.0002187390591741334,0.0002187390591741334,0.0002187390591741334,0.0002187390591741334,0.0015578203089823273,0.001182861143693037
2017-11-01,-0.0006447758843967251,0.0008696321719348531,0.00010975862601614317,0.00045811021981363476,0.0059702312832780585,0.0006474021109890029,0.0013222405438366724,0.0003939798957905971
2017-11-02,-0.0006195964030790032,0.002214983495828205,-0.0005997025159641841,-0.0001997025159641841,-0.001492942258414426,-0.000926810281211801,0.0003881492688702082,-0.0007875543007985764
2017-11-03,0.0,0.001515971939065897,0.0018664450812385658,0.0018664450812385658,0.0,0.0,0.003338850270629079,0.00039403989184805255
2017-11-06,0.0002196446362512372,0.0019872370833764474,0.003137134879123926,0.003137134879123926,0.0002196446362512372,0.0002196446362512372,0.0015478439518601395,0.004726425806387713
2017-11-07,0.0,-0.0018407270233941064,0.0006323440659254387,-0.0004,0.0,0.0,-0.000695281225800648,0.0019599693576515254
2017-11-08,0.0,0.0005981601056440102,6.784060699543959e-05,0.0,0.0,0.0,0.001700646273949502,-0.001564965059958623
2017-11-09,-0.0002195964030790032,-0.004003743725717555,-0.002401596257347427,-0.0002195964030790032,-0.0002195964030790032,-0.0002195964030790032,-0.003627652685207927,-0.0011755398294869268
2017-11-10,0.0002196446362512372,-0.0009318117614435684,-0.0013319162108189064,0.0002196446362512372,0.0002196446362512372,0.0002196446362512372,-0.0003099857221159352,-0.0023538466995218776
2017-11-13,0.0,0.0002490486771284051,-0.0003215427751657729,0.0,0.0,0.0,0.0009299747744595521,-0.001573060324791098
2017-11-14,0.0,-0.0027336172084464925,-0.004312184709563904,0.0,0.0,0.0,-0.0023224048704633127,-0.006301964548664496
2017-11-15,0.0,-0.003053841104358055,-0.0030971757307022285,0.0,0.0,0.0,-0.005005586692149566,-0.0011887647692548908
2017-11-16,0.0002182542529898246,0.0017564711852999842,0.005837829823997387,0.0002182542529898246,0.0002182542529898246,0.0002182542529898246,0.008501015970427073,0.003174643677567701
2017-11-17,-0.00021820662846505634,-0.0003788648574374997,0.0003107229033260106,-0.00021820662846505634,-0.00021820662846505634,-0.00021820662846505634,-0.002938558710649408,0.0035600045173014294
2017-11-20,0.0002182542529898246,-0.00028207959477895007,0.0014444365441085294,0.0002182542529898246,0.0002182542529898246,0.0002182542529898246,0.0017061921414622816,0.0011826809467547772
2017-11-21,0.00021830984825133015,0.002495427433863906,0.005633627009367315,0.00021830984825133015,0.00021830984825133015,0.00021830984825133015,0.006542879941196622,0.004724374077538007
2017-11-22,0.0,-0.0005207877741068278,-0.0004422374047844402,0.0,0.0,0.0,-0.0008844748095688804,0.0
2017-11-23,0.0,0.00025739968518161404,-0.00019589172984513237,0.0,0.0,0.0,0.0,-0.00039178345969026473
2017-11-24,-0.00021826219946374792,0.0025892578673388563,0.002330857767101069,-0.00021826219946374792,-0.00021826219946374792,-0.00021826219946374792,0.002309619637752336,0.0023520958964498018
2017-11-27,0.0,-0.0004135210500845199,-0.0025961632123633893,0.0,0.0,0.0,-0.0004990788378829158,-0.004693247586843863
2017-11-28,0.0004375486745804569,0.006534313323350682,0.005072462649248766,0.0004375486745804569,0.0004375486745804569,0.0004375486745804569,0.010144925298497531,0.0
2017-11-29,-0.00021914294062586048,-0.0076812347019815435,-0.0018762390852935518,-0.00021914294062586048,-0.00021914294062586048,-0.00021914294062586048,-0.0006090194693503248,-0.0031434587012367787
2017-11-30,0.0,0.005498747025495044,0.007925117538748583,0.0,0.0,0.0,0.00875510224981113,0.007095132827686035
2017-12-01,0.0015917667451601288,-0.0031841493081938618,-0.0024077458795791484,-0.0028077458795791486,0.014096852135094345,-0.006216214143256229,-0.0020756599714705226,-0.0027398317876877742
2017-12-04,-0.0002908245122704042,-0.006952505811110688,-0.0027633351391300742,-0.0027633351391300742,-0.0013151496602912633,-0.0005287500727324687,-0.001209527243296482,-0.004317143034963666
2017-12-05,0.00010947310727593695,-0.003279658380570423,-0.003375231582818994,-0.003375231582818994,0.00010947310727593695,0.00010947310727593695,-0.003596996687000975,-0.0031534664786370126
2017-12-06,-0.00010946112422660637,-0.0010016266869621094,9.498554639919554e-05,9.498554639919554e-05,-0.00010946112422660637,-0.00010946112422660637,0.00018997109279839108,0.0
2017-12-07,0.00010947310727593695,0.0009234589267145179,0.00454229324026012,-0.00029052689272406307,0.00010947310727593695,0.00010947310727593695,0.0031532397258564604,0.00593134675466378
2017-12-08,0.00010884211692663293,0.0026114677611901896,0.00547813020503507,0.00010884211692663293,0.00010884211692663293,0.00010884211692663293,0.0054530926725406825,0.005503167737529457
2017-12-11,-0.00010883027160946135,0.0002852808931155383,0.0018973491879914484,-0.00010883027160946135,-0.00010883027160946135,-0.00010883027160946135,0.003012780283840444,0.0007819180921424529
2017-12-12,0.00010884211692663293,0.0017115060053705029,0.0014684930129058582,0.00010884211692663293,0.00010884211692663293,0.00010884211692663293,0.001765214123313541,0.0011717719024981754
2017-12-13,-0.00010883027160946135,-0.0023783883526559807,0.00033394577974588113,-0.00010883027160946135,-0.00010883027160946135,-0.00010883027160946135,-0.00011250117216010658,0.0007803927316518688
2017-12-14,0.00010884211692663293,-0.0043456674761358505,-0.005356975241728512,0.00010884211692663293,0.00010884211692663293,0.00010884211692663293,-0.00408625606235391,-0.006627694421103114
2017-12-15,0.00010975868150930879,0.004366358413256166,0.004948672398706888,0.00010975868150930879,0.00010975868150930879,0.00010975868150930879,0.00832737110405568,0.0015699736933580954
2017-12-18,0.0001093340545255117,0.005323330829195828,0.00591349029707422,0.0001093340545255117,0.0001093340545255117,0.0001093340545255117,0.006341159631611415,0.005485820962537025
2017-12-19,2.1348750087302193e-05,-0.002022612323854922,-0.0017254656666312318,2.1348750087302193e-05,2.1348750087302193e-05,2.1348750087302193e-05,-0.0038402004315423177,0.0003892690982798541
2017-12-20,0.0,0.0020984120943548182,0.0005172088944889741,0.0,0.0,0.0,-0.0005242186682737904,0.0015586364572517386
2017-12-21,0.0,0.0065234274128141674,0.0016133096715059692,0.0,0.0,0.0,0.002059766757206649,0.0011668525858052892
2017-12-22,0.00021946459096611193,-0.00039251163829598926,-0.000713535233793694,0.00021946459096611193,0.00021946459096611193,0.00021946459096611193,-0.0002615778398684654,-0.0011654926277189226
2017-12-26,-0.00010939889073025011,0.0009192088054210902,-0.0005981414602604374,-0.00010939889073025011,-0.00010939889073025011,-0.00010939889073025011,-0.0011962829205208747,0.0
2017-12-27,0.00021861547929580283,0.00016109782795985518,0.001410063120602878,0.00021861547929580283,0.00021861547929580283,0.00021861547929580283,0.00048651509478303545,0.0023336111464227205
2017-12-28,0.0,0.0019455722853183313,0.002139464989304618,0.0,0.0,0.0,0.0020575972483878324,0.0022213327302214037
2017-12-29,-0.00021856769701400491,-0.004566664461234624,-0.0020798662610888585,-0.00021856769701400491,-0.00021856769701400491,-0.00021856769701400491,-0.00377083130430389,-0.00038890121787382714
2018-01-02,0.006348078230116727,0.007852732690845387,0.00649588066402651,0.00609588066402651,0.008208607894816675,0.027434881657825722,0.007157471671475513,0.005834289656577507
2018-01-03,-0.00018140843699514486,0.006470790096024138,0.005482829340665241,0.005482829340665241,-0.0011218188019472654,-0.00050381863192077,0.006325411861830332,0.004640246819500149
2018-01-04,0.00010989041575171221,0.004819761423858049,0.003069740058351922,0.003069740058351922,0.00010989041575171221,0.00010989041575171221,0.004214618921592361,0.0019248611951114825
2018-01-05,0.0,0.0016172143559914478,0.0017952886041752159,0.0017952886041752159,0.0,0.0,0.006664086926534196,-0.0030735097181837645
2018-01-08,0.00010895066287242017,0.0012093984031528837,-4.908208382731205e-05,-0.00029104933712757985,0.00010895066287242017,0.00010895066287242017,0.001828550897728487,-0.001926715065383111
2018-01-09,0.0,0.0013061278936552735,0.0013247611934523729,0.0,0.0,0.0,0.002263416904820126,0.0003861054820846199
2018-01-10,0.0,0.000310369649332465,-0.0028876484924985624,0.0,0.0,0.0,-0.001529868813037072,-0.004245428171960053
2018-01-11,-0.00010893879391871142,0.0102752894414456,0.004423238000031304,-0.00010893879391871142,-0.00010893879391871142,-0.00010893879391871142,0.00729616131370725,0.0015503146863553585
2018-01-12,0.00032757351618628583,0.006176595822278541,0.004033340013846809,0.00032757351618628583,0.00032757351618628583,0.00032757351618628583,0.006519044587699252,0.001547635439994366
2018-01-15,0.0,0.0008501260324493831,0.002125315081123458,0.0,0.0,0.0,0.0,0.004250630162246916
2018-01-16,-0.00021855126170844397,-0.007240556257233855,-0.004017843020351353,-0.00021855126170844397,-0.00021855126170844397,-0.00021855126170844397,-0.0034186492620579267,-0.004617036778644779
2018-01-17,0.00021859903680376824,0.007373863728086284,0.005539167325917638,0.00021859903680376824,0.00021859903680376824,0.00021859903680376824,0.009532121719628917,0.001546212932206359
2018-01-18,0.0,-0.004076185719910708,-0.0019983212080653123,0.0,0.0,0.0,-0.0016807178190527683,-0.0023159245970778564
2018-01-19,0.00010984235972721912,0.0056408395911750515,0.004596048198555969,0.00010984235972721912,0.00010984235972721912,0.00010984235972721912,0.004549774671895657,0.004642321725216281
2018-01-22,0.00010879999274671093,0.008489327481056552,0.0036801842388839434,0.00010879999274671093,0.00010879999274671093,0.00010879999274671093,0.008130498054757407,-0.00077012957698952
2018-01-23,0.0,0.0011893444432069522,0.0016392260139967973,0.0,0.0,0.0,0.0021225528650743453,0.0011558991629192494
2018-01-24,0.00010950929020991929,-0.0012825360790820418,-0.002118783759535281,0.00010950929020991929,0.00010950929020991929,0.00010950929020991929,-0.000388308437275553,-0.003849259081795009
2018-01-25,0.0,-0.0027370437675184878,-0.002106208863261294,0.0,0.0,0.0,0.0004240583284282895,-0.004636476054950878
2018-01-26,0.0002182735438249761,0.005554762696426599,0.006371095899364576,0.0002182735438249761,0.0002182735438249761,0.0002182735438249761,0.011577486617823762,0.0011647051809053899
2018-01-29,-0.0002182259108820528,-0.0073194214679387455,-0.007580131130980106,-0.0002182259108820528,-0.0002182259108820528,-0.0002182259108820528,-0.006629898522493516,-0.008530363739466695
2018-01-30,0.00010918827581618551,-0.008266910123766024,-0.009430531221938654,0.00010918827581618551,0.00010918827581618551,0.00010918827581618551,-0.010257117233538282,-0.008603945210339026
2018-01-31,0.00010907335847676336,0.00044705843088690413,0.0008402132279267116,0.00010907335847676336,0.00010907335847676336,0.00010907335847676336,0.0004970738463097035,0.0011833526095437197
2018-02-01,0.00021579915310759862,0.0005737965828163772,-0.003916914998478405,-0.004316914998478405,-0.017229100597542957,0.001482725735764984,-0.001135648352613261,-0.006698181644343548
2018-02-02,-0.00029072780636423234,-0.016568930255092918,-0.018818181239406873,-0.018818181239406873,-0.0011615567623273937,-0.0006010384269561175,-0.02176962330198251,-0.015866739176831235
2018-02-05,-0.00010926025452795418,-0.010409145469554409,-0.02957706838298002,-0.02957706838298002,-0.00010926025452795418,-0.00010926025452795418,-0.04182237935273292,-0.017331757413227122
2018-02-06,0.00010927219363576768,2.9272193635767685e-05,0.011081497014810093,0.011081497014810093,0.00010927219363576768,0.00010927219363576768,0.019701828846383496,0.002461165183236691
2018-02-07,0.00010936323309018725,0.00010936323309018725,-0.003735367367296627,-0.00029063676690981277,0.00010936323309018725,0.00010936323309018725,-0.005424881217705013,-0.002045853516888241
2018-02-08,-0.00010935127408140399,-0.00010935127408140399,-0.027364357222567692,-0.00010935127408140399,-0.00010935127408140399,-0.00010935127408140399,-0.03750870929682126,-0.01722000514831412
2018-02-09,0.00021841753049378632,0.00021841753049378632,0.006050297153953388,0.00021841753049378632,0.00021841753049378632,0.00021841753049378632,0.015021351226049307,-0.002920756918142531
2018-02-12,0.0,0.0,0.014246189391566078,0.0,0.0,0.0,0.014684661038257829,0.013807717744874326
2018-02-13,0.0,0.0,0.00041821612719783463,0.0,0.0,0.0,0.0024872009373415604,-0.0016507686829458912
2018-02-14,0.0,0.0,0.01129545845184099,0.0,0.0,0.0,0.013496228827688084,0.009094688075993895
2018-02-15,0.00010985413183317583,0.00010985413183317583,0.008223507180866951,0.00010985413183317583,0.00010985413183317583,0.00010985413183317583,0.012760050739248907,0.0036869636224849955
2018-02-16,0.00010901850710109962,0.00010901850710109962,0.001779296913596018,0.00010901850710109962,0.00010901850710109962,0.00010901850710109962,0.00029334264967850743,0.0032652511775135284
2018-02-20,0.0,0.0,-0.0033340510901906373,0.0,0.0,0.0,-0.006261359875773254,-0.00040674230460802097
2018-02-21,-0.00010900662336188471,-0.00010900662336188471,0.0005651900822232214,-0.00010900662336188471,-0.00010900662336188471,-0.00010900662336188471,-0.00497431477569954,0.006104694940145983
2018-02-22,0.00010901850710109962,0.00010901850710109962,0.00024370206378043768,0.00010901850710109962,0.00010901850710109962,0.00010901850710109962,0.0012961844138505985,-0.0008087802862897231
2018-02-23,0.0002188367150777193,0.0002188367150777193,0.011613546630615201,0.0002188367150777193,0.0002188367150777193,0.0002188367150777193,0.01593954727304525,0.007287545988185151
2018-02-26,-0.0002187888360475343,-0.0002187888360475343,0.008418710879050217,-0.0002187888360475343,-0.0002187888360475343,-0.0002187888360475343,0.011612466131519783,0.005224955626580652
2018-02-27,0.0002188367150777193,-0.0019233903745563418,-0.007243065539696447,0.0002188367150777193,0.0002188367150777193,0.0002188367150777193,-0.012486807948116518,-0.001999323131276376
2018-02-28,0.00010908568495304749,-0.001340060694451606,-0.011274904914360562,0.00010908568495304749,0.00010908568495304749,0.00010908568495304749,-0.01013006087410051,-0.012419748954620613
2018-03-01,-0.007376625236814526,-0.0032363180821287424,-0.01011012804403899,-0.01051012804403899,-0.0010699935326483636,-0.014242981510651127,-0.0145406674685844,-0.005679588619493581
2018-03-02,-0.0002906282956843139,0.001569017996070823,0.002781403512586378,0.002781403512586378,-0.0009542455171497244,-0.00022345744733947556,0.005154804839208271,0.00040800218596448445
2018-03-05,0.0,0.0019736718893146547,0.010673053035896718,0.010673053035896718,0.0,0.0,0.011558047158077844,0.009788058913715592
2018-03-06,0.0,-0.0001487545979236949,0.00126750696300304,0.00126750696300304,0.0,0.0,0.00253501392600608,0.0
2018-03-07,0.0,0.002334325035405374,-0.002000896311564082,-0.0004,0.0,0.0,-0.0003667523398773742,-0.00363504028325079
2018-03-08,-0.00010935974345416266,0.0004843347293206124,0.00444634989084236,-0.00010935974345416266,-0.00010935974345416266,-0.00010935974345416266,0.004839236890547438,0.004053462891137283
2018-03-09,0.0002187434086313722,0.006610797948496173,0.009508637112039864,0.0002187434086313722,0.0002187434086313722,0.0002187434086313722,0.01740229869605625,0.0016149755280234768
2018-03-12,0.00010934778520854671,0.0021542765075056865,0.0005818019114341433,0.00010934778520854671,0.00010934778520854671,0.00010934778520854671,-0.0012550020739071632,0.00241860589677545
2018-03-13,0.0,-0.0067762673801905265,-0.002025115562436508,0.0,0.0,0.0,-0.006462807886369215,0.002412576761496199
2018-03-14,0.0,-0.0013943167839632234,-0.0017636065979139692,0.0,0.0,0.0,-0.005131243869691771,0.0016040306738638321
2018-03-15,-0.000109335829577617,-0.0009540348061074288,5.5958064051842005e-05,-0.000109335829577617,-0.000109335829577617,-0.000109335829577617,-0.001089638227986467,0.001201554356090151
2018-03-16,0.00021859270326252123,0.0006021183491386807,0.002142068509548234,0.00021859270326252123,0.00021859270326252123,0.00021859270326252123,0.0010841904815357406,0.0031999465375607272
2018-03-19,0.0,-0.012929586824830941,-0.010951640691357678,0.0,0.0,0.0,-0.013530443054929231,-0.008372838327786125
2018-03-20,-0.00010922104313093595,0.00040361716746313293,0.0018554919079198928,-0.00010922104313093595,-0.00010922104313093595,-0.00010922104313093595,0.0017005031812593607,0.002010480634580425
2018-03-21,0.000218671659155234,-0.0020095926405559127,0.0010467520392196117,0.000218671659155234,0.000218671659155234,0.000218671659155234,-0.0019190029337391445,0.004012507012178368
2018-03-22,0.00010941475957793045,-0.0033161198328331355,-0.02129149696112026,0.00010941475957793045,0.00010941475957793045,0.00010941475957793045,-0.02499711612115807,-0.01758587780108245
2018-03-23,0.00010899150061649543,-0.00022763464685818575,-0.016332051004622872,0.00010899150061649543,0.00010899150061649543,0.00010899150061649543,-0.021314591177344577,-0.011349510831901166
2018-03-26,-0.00010897962276390505,-0.0010665067432101161,0.01575174465035223,-0.00010897962276390505,-0.00010897962276390505,-0.00010897962276390505,0.027358960485891926,0.0041445288148125314
2018-03-27,0.0002183942899147695,0.0013557788218121925,-0.01077570366437175,0.0002183942899147695,0.0002183942899147695,0.0002183942899147695,-0.017011804809098807,-0.004539602519644692
2018-03-28,0.00010937890157070029,0.00028320469866227604,-0.002306772203927332,0.00010937890157070029,0.00010937890157070029,0.00010937890157070029,-0.002954729314004978,-0.001658815093849686
2018-03-29,0.00021863108979314205,0.00017490487183451366,0.013033574310200802,0.00021863108979314205,0.00021863108979314205,0.00021863108979314205,0.012777853843173537,0.013289294777228067
2018-04-02,-0.01505135028944622,0.00028207077901858395,-0.01571057456638647,-0.01611057456638647,-0.011669003440940011,-0.024736616998047817,-0.0215849194233092,-0.00983622970946374
2018-04-03,-0.0005094517832521679,-0.0009984164069934964,0.005373901807065262,0.005373901807065262,-0.0011147178879177821,-0.0005006261686628817,0.012817049235881228,-0.002069245621750704
2018-04-04,0.00021882474563561516,-0.00028243535724603586,0.004520149063175105,0.004520149063175105,0.00021882474563561516,0.00021882474563561516,0.010699305610969656,-0.0016590074846194458
2018-04-05,0.00010933705572568897,-0.00028995769154721346,0.010385428797282104,0.010385428797282104,0.00010933705572568897,0.00010933705572568897,0.007891960323639369,0.012878897270924838
2018-04-06,0.0,-0.00467433312986397,-0.015654918440953625,-0.0004,0.0,0.0,-0.02228590428235755,-0.0090239325995497
2018-04-09,0.00010891410581526095,0.0007485243517999951,0.003292048765026534,0.00010891410581526095,0.00010891410581526095,0.00010891410581526095,0.004928325058024763,0.0016557724720283051
2018-04-10,-0.00010890224482462685,0.005776104863720777,0.00918982037708782,-0.00010890224482462685,-0.00010890224482462685,-0.00010890224482462685,0.01590033456480011,0.0024793061893755297
2018-04-11,0.00021885570319457592,0.0024718854055554964,-0.0030332558643931806,0.00021885570319457592,0.00021885570319457592,0.00021885570319457592,-0.005241988874092773,-0.0008245228546935879
2018-04-12,0.0,-0.00292009621212741,0.0047324560734955945,0.0,0.0,0.0,0.008227008652381684,0.0012379034946095047
2018-04-13,0.0,0.003178904194815804,-0.0012607342584129433,0.0,0.0,0.0,-0.0029332645374443578,0.0004117960206184712
2018-04-16,0.0002186023625081468,0.003408003254149783,0.004522650138334083,0.0002186023625081468,0.0002186023625081468,0.0002186023625081468,0.008221554989304325,0.0008237452873638418
2018-04-17,0.0,0.0031191616886212525,0.007612647201285516,0.0,0.0,0.0,0.01069857186596157,0.004526722536609462
2018-04-18,-0.00010968810987055377,0.0026614033613599373,0.005900802585380949,-0.00010968810987055377,-0.00010968810987055377,-0.00010968810987055377,0.0007404152553223131,0.011061189915439584
2018-04-19,0.00021847584593914782,-0.0040331565574855165,-0.005002406527362002,0.00021847584593914782,0.00021847584593914782,0.00021847584593914782,-0.00554778938030287,-0.0044570236744211345
2018-04-20,0.0,-0.003871010298302746,-0.0036291235236993735,0.0,0.0,0.0,-0.008479134823207612,0.0012208877758088654
2018-04-23,0.0,0.0008521127072165814,0.002160827152599132,0.0,0.0,0.0,-0.00015005848449889392,0.004471712789697158
2018-04-24,0.00010947079496848033,-0.00421496039156518,-0.008959578370286159,0.00010947079496848033,0.00010947079496848033,0.00010947079496848033,-0.013467351146885687,-0.004451805593686631
2018-04-25,0.00010894540336137126,0.0017421316746109696,0.002252469989401318,0.00010894540336137126,0.00010894540336137126,0.00010894540336137126,0.0024719280709810665,0.002033011907821569
2018-04-26,0.00010975490057174575,0.005659852618183337,0.009544884382706398,0.00010975490057174575,0.00010975490057174575,0.00010975490057174575,0.010165264178209732,0.008924504587203064
2018-04-27,0.00010871626215624985,-0.0019562339705292194,0.0014745211497192434,0.00010871626215624985,0.00010871626215624985,0.00010871626215624985,0.0009386784876017629,0.002010363811836724
2018-04-30,-0.00010870444421540171,-0.00332762763309443,-0.005450185966002441,-0.00010870444421540171,-0.00010870444421540171,-0.00010870444421540171,-0.0076902049900865466,-0.0032101669419183354
2018-05-01,-0.0009686409596421156,0.0007059909568668221,0.0012909907826607059,0.0008909907826607059,-0.007310952267958911,0.0066689215537145685,0.0017767108916952878,0.0008052706736261239
2018-05-02,-0.0002908814571256798,0.00013219845466938546,-0.0002908814571256798,-0.003358735606772134,-0.0008769382609903676,-0.00034638593264828255,-0.006717471213544268,0.0
2018-05-03,0.0,-0.0007532620549180579,0.0,-0.0015040509918042844,0.0,0.0,-0.0022034792490739363,-0.0008046227345346324
2018-05-04,0.00021882911642512326,0.004794551784669787,0.00021882911642512326,0.010297650256632762,0.00021882911642512326,0.00021882911642512326,0.012946383899678837,0.007648916613586687
2018-05-07,0.0,0.002495386156958235,0.0,-0.0004,0.0,0.0,0.003383120812625817,0.004394604881415187
2018-05-08,0.0001094932382024183,0.0014259372020884256,0.0001094932382024183,0.0001094932382024183,0.0001094932382024183,0.0001094932382024183,0.0,0.0023866037554114428
2018-05-09,0.0,0.009357466842841678,0.0,0.0,0.0,0.0,0.009665943036992752,0.0023807317245070347
2018-05-10,0.0,0.007849931479589766,0.0,0.0,0.0,0.0,0.009350508231742438,0.005542887992932899
2018-05-11,0.0,1.7346716997468348e-05,0.0,0.0,0.0,0.0,0.003051071559853291,0.0015747508330661297
2018-05-14,0.0,0.00013563365907840472,0.0,0.0,0.0,0.0,0.00047655273010605015,0.006289099567481138
2018-05-15,0.00021885989488357183,-0.004734280907638722,0.00021885989488357183,0.00021885989488357183,0.00021885989488357183,0.00021885989488357183,-0.006887095580520364,0.0015627286235280202
2018-05-16,0.00010863662168225652,0.0032328481212923425,0.00010863662168225652,0.00010863662168225652,0.00010863662168225652,0.00010863662168225652,0.004205166774680524,0.0007799586974297501
2018-05-17,0.0,0.0031331367760663613,0.0,0.0,0.0,0.0,-0.0008442773991448327,0.0015587016719340596
2018-05-18,0.00010934283214147911,-0.0017953987542448592,0.00010934283214147911,0.00010934283214147911,0.00010934283214147911,0.00010934283214147911,-0.0025006687309552245,0.0015563689140305481
2018-05-21,0.0,0.005112998008129343,0.0,0.0,0.0,0.0,0.007518835370076804,0.0
2018-05-22,0.0,-0.005266745901383906,0.0,0.0,0.0,0.0,-0.0027800381859459655,-0.0011653931448991628
2018-05-23,0.00010912575399579794,0.002176748642044646,0.00010912575399579794,0.00010912575399579794,0.00010912575399579794,0.00010912575399579794,0.002750956516217151,-0.000389010599330164
2018-05-24,0.0002185353455539385,-0.004086489932919557,0.0002185353455539385,0.0002185353455539385,0.0002185353455539385,0.0002185353455539385,-0.0020485010990739516,-0.001167299938509836
2018-05-25,0.00010909000684278247,-0.006487255666971281,0.00010909000684278247,0.00010909000684278247,0.00010909000684278247,0.00010909000684278247,-0.002382565597656261,-0.0015582809071850168
2018-05-28,0.0,-0.0007112320022526796,0.0,0.0,0.0,0.0,0.0,-0.005462308745280642
2018-05-29,0.0,-0.003012691935310663,0.0,0.0,0.0,0.0,-0.011501094291226144,-0.004315205126743105
2018-05-30,-0.00010907810751126235,0.0037841654525993464,-0.00010907810751126235,-0.00010907810751126235,-0.00010907810751126235,-0.00010907810751126235,0.013344832354807545,0.007486078801850704
2018-05-31,0.00021838507008919983,-0.0022490239930641654,0.00021838507008919983,0.00021838507008919983,0.00021838507008919983,0.00021838507008919983,-0.0061258949975392385,0.0011731409889421673
2018-06-01,0.002279328756416138,0.00894287564503773,6.601374561987505e-05,0.004118174895386528,-0.0024218448158527467,0.026758304984321673,0.00981752735198449,-0.0007811775612114324
2018-06-04,-0.00029073601287725703,0.00575605561728132,0.00010926398712274299,0.0025712041034585686,-0.0009089108124222371,-0.00048639354704986895,0.004751514068581653,0.0003908941383354847
2018-06-05,0.0,0.0020960215137925567,0.0,0.002513192147307719,0.0,0.0,0.0007278552496292612,0.004298529044986177
2018-06-06,-0.00010925204980827274,0.0038096910257735764,-0.00010925204980827274,0.00632007961365455,-0.00010925204980827274,-0.00010925204980827274,0.008359842424896069,0.004280316802413031
2018-06-07,0.00010926398712274299,-0.004056779082511609,0.00010926398712274299,-0.00029073601287725703,0.00010926398712274299,0.00010926398712274299,-0.00010771386006536154,0.0
2018-06-08,0.00021881156317138384,0.0008088001907509357,0.00021881156317138384,0.00021881156317138384,0.00021881156317138384,0.00021881156317138384,0.002956583392678125,0.0007750993162567443
2018-06-11,0.00010902321856409714,0.0006976524190678956,0.00010902321856409714,0.00010902321856409714,0.00010902321856409714,0.00010902321856409714,0.0013302151437550869,0.004645328227383727
2018-06-12,0.0,0.0043343968778971845,0.0,0.0,0.0,0.0,0.0012919679047056487,0.0011562385805088393
2018-06-13,-0.00010901133379770389,-0.005854373754892639,-0.00010901133379770389,-0.00010901133379770389,-0.00010901133379770389,-0.00010901133379770389,-0.0031907777096286116,-0.0015395949539412923
2018-06-14,0.0003275819828474358,0.007002908195875924,0.0003275819828474358,0.0003275819828474358,0.0003275819828474358,0.0003275819828474358,0.0025178176522697715,0.005011283935895783
2018-06-15,0.0,-0.0006774382699115568,0.0,0.0,0.0,0.0,-0.0012762119386311443,-0.0007670942778672529
2018-06-18,-0.00010878265246527796,0.0013653610135400786,-0.00010878265246527796,-0.00010878265246527796,-0.00010878265246527796,-0.00010878265246527796,-0.0020565009471882334,0.00383896638977399
2018-06-19,0.00021820363295721457,-0.001202102926672022,0.00021820363295721457,0.00021820363295721457,0.00021820363295721457,0.00021820363295721457,-0.0038330777221162737,-0.0038242850878568158
2018-06-20,-0.00010938527727422098,0.005230008982615076,-0.00010938527727422098,-0.00010938527727422098,-0.00010938527727422098,-0.00010938527727422098,0.0017061555281436824,0.006910066091775802
2018-06-21,0.00010939724372205362,-0.003867653817786421,0.00010939724372205362,0.00010939724372205362,0.00010939724372205362,0.00010939724372205362,-0.006268874991639639,-0.005718840258236657
2018-06-22,0.0001087707532445581,0.0006643564979332519,0.0001087707532445581,0.0001087707532445581,0.0001087707532445581,0.0001087707532445581,0.001823090697411267,0.006902025209994722
2018-06-25,0.00021874676129862713,-0.011177999421684457,0.00021874676129862713,0.00021874676129862713,0.00021874676129862713,0.00021874676129862713,-0.013612793437626003,-0.015462635151046622
2018-06-26,-0.00010863275085970514,0.001481316331670506,-0.00010863275085970514,-0.00010863275085970514,-0.00010863275085970514,-0.00010863275085970514,0.002214246153734667,0.005845754228130717
2018-06-27,0.0002180058942486962,-0.0009625277342916405,0.0002180058942486962,0.0002180058942486962,0.0002180058942486962,0.0002180058942486962,-0.008284094332021263,-0.00271239686149527
2018-06-28,0.0,0.0003754438543390747,0.0,0.0,0.0,0.0,0.005717263731935818,-0.0034964045579901626
2018-06-29,0.0002182655058600158,0.000413098225650801,0.0002182655058600158,0.0002182655058600158,0.0002182655058600158,0.0002182655058600158,0.001439990523063317,0.006627759319546511
2018-07-02,-0.0005035842090811743,-0.0011897405491015035,-0.0001413503223933743,0.0006688470396631456,-0.015478143564646782,0.015298601358860074,0.002137694079326291,0.0
2018-07-03,-0.00018144416983649736,0.0018978022511837891,0.00021855583016350266,-0.0025401692097291595,-0.0008931220699836661,-0.00040606210618066897,-0.0035311550164501826,-0.0015491834030081364
2018-07-04,0.0,-0.0002602105345515415,0.0,0.001939483869982217,0.0,0.0,0.0,0.003878967739964434
2018-07-05,0.0,0.0025725928322105408,0.0,0.003112940238850115,0.0,0.0,0.008157778549680028,-0.0019318980719797985
2018-07-06,0.00021850807395007443,0.0015220141376790953,0.00021850807395007443,-0.00018149192604992559,0.00021850807395007443,0.00021850807395007443,0.008458336199286265,0.005420225951742852
2018-07-09,0.0,-0.002239545595934711,0.0,0.0,0.0,0.0,0.009004625427593282,0.006160666251247893
2018-07-10,0.0001093836543164528,0.0036233599622635016,0.0001093836543164528,0.0001093836543164528,0.0001093836543164528,0.0001093836543164528,0.003597911107980023,0.0061232172167724475
2018-07-11,0.0,-0.008973232944787878,0.0,0.0,0.0,0.0,-0.007314560133988124,-0.007607259031420233
2018-07-12,0.0,0.007897217532244928,0.0,0.0,0.0,0.0,0.009066294202821679,0.00843223945526761
2018-07-13,0.00010916706653674169,0.0007734308096645881,0.00010916706653674169,0.00010916706653674169,0.00010916706653674169,0.00010916706653674169,0.0007878988313718693,0.0
2018-07-16,0.00010946205334239067,-0.004871834816374898,0.00010946205334239067,0.00010946205334239067,0.00010946205334239067,0.00010946205334239067,-0.0008948420372958399,-0.004180910754124856
2018-07-17,0.0,0.00013890300695567088,0.0,0.0,0.0,0.0,0.004045357059875743,0.0011452167843666317
2018-07-18,0.0001090409135624526,-0.0010141655709434926,0.0001090409135624526,0.0001090409135624526,0.0001090409135624526,0.0001090409135624526,0.0021039045836659387,-0.0015251487182808
2018-07-19,0.00010943813947794645,-0.0010721624168437448,0.00010943813947794645,0.00010943813947794645,0.00010943813947794645,0.00010943813947794645,-0.003771277706655085,0.003436418645743844
2018-07-20,0.00010891482686692378,-0.002313459681693786,0.00010891482686692378,0.00010891482686692378,0.00010891482686692378,0.00010891482686692378,-0.0011430584664773313,-0.006849390505264563
2018-07-23,-0.00010890296571919311,0.0006553904061725425,-0.00010890296571919311,-0.00010890296571919311,-0.00010890296571919311,-0.00010890296571919311,0.0018594800948867896,-0.001149513783666678
2018-07-24,0.0002184432583920426,0.0032636779733997974,0.0002184432583920426,0.0002184432583920426,0.0002184432583920426,0.0002184432583920426,0.005031685837102451,-0.00038339988608104836
2018-07-25,-0.0001095045110031112,0.007335715532929701,-0.0001095045110031112,-0.0001095045110031112,-0.0001095045110031112,-0.0001095045110031112,0.008522491344187255,0.0011512780861873129
2018-07-26,0.00010951650355428555,-0.006622566920606166,0.00010951650355428555,0.00010951650355428555,0.00010951650355428555,0.00010951650355428555,-0.002358940240302032,0.002299544601417125
2018-07-27,0.00021808881603124775,-0.007003402714111662,0.00021808881603124775,0.00021808881603124775,0.00021808881603124775,0.00021808881603124775,-0.0067764115090970245,-0.0038241745241079927
2018-07-30,-0.00010886729761316882,-0.001127737278314229,-0.00010886729761316882,-0.00010886729761316882,-0.00010886729761316882,-0.00010886729761316882,-0.005223296347538486,-0.0023033494148548828
2018-07-31,0.00021816723776257874,-0.00030423373973564877,0.00021816723776257874,0.00021816723776257874,0.00021816723776257874,0.00021816723776257874,0.004929185550724968,0.004232571530705442
2018-08-01,-0.0031085094647051613,-0.0003010922498760227,5.509207684961659e-05,-0.0027679780353551007,-0.010278599381334439,-0.0027769537526271585,-0.0016707374799289632,-0.003065218590781238
2018-08-02,-0.0002906395643569756,0.0012267571298941072,0.00010936043564302445,0.004069216947550802,-0.0010069972870179937,-0.0005946580302953674,0.005447927476655456,0.002690506418446148
2018-08-03,0.0,0.002001448365390246,0.0,0.002333942898035124,0.0,0.0,0.0042847799195371294,0.00038310587653311856
2018-08-06,0.00010904189273008846,0.0014990849271815066,0.00010904189273008846,0.0018335954824504341,0.00010904189273008846,0.00010904189273008846,0.0036671909649008683,0.0
2018-08-07,0.00010954092237347446,0.0012624041654293093,0.00010954092237347446,-0.00029045907762652556,0.00010954092237347446,0.00010954092237347446,0.0033020115714506026,-0.006896446406215007
2018-08-08,-0.00010952892447402274,-0.0007941458769804787,-0.00010952892447402274,-0.00010952892447402274,-0.00010952892447402274,-0.00010952892447402274,-0.00042032454123808183,0.0007716032432598663
2018-08-09,0.00010954092237347446,-0.001326456591670322,0.00010954092237347446,0.00010954092237347446,0.00010954092237347446,0.00010954092237347446,-0.0013656481177601876,0.0053969668550561956
2018-08-10,0.00021864915893132775,-0.005114208462402048,0.00021864915893132775,0.00021864915893132775,0.00021864915893132775,0.00021864915893132775,-0.0067003431001277924,-0.004217509678885456
2018-08-13,0.00010940283113280991,-0.0030270023978577814,0.00010940283113280991,0.00010940283113280991,0.00010940283113280991,0.00010940283113280991,-0.003743552844490239,-0.00500603806865485
2018-08-14,-0.0002185774489356085,0.002045514458983302,-0.0002185774489356085,-0.0002185774489356085,-0.0002185774489356085,-0.0002185774489356085,0.006380689572423437,0.0050312245703860725
2018-08-15,0.00021862523548188406,0.00017458714819413852,0.00021862523548188406,0.00021862523548188406,0.00021862523548188406,0.00021862523548188406,-0.007466801836939707,-0.010781736904644679
2018-08-16,0.0,0.0032400329086237803,0.0,0.0,0.0,0.0,0.0080910460879966,0.00506013837737207
2018-08-17,0.0001094930024574392,0.0026188682671983263,0.0001094930024574392,0.0001094930024574392,0.0001094930024574392,0.0001094930024574392,0.0035205563676705687,0.006196733612033434
2018-08-20,0.0,0.0005706577958859871,0.0,0.0,0.0,0.0,0.002139795584922055,0.0003847280234048345
2018-08-21,0.00010897037598955883,0.0015183672287918085,0.00010897037598955883,0.00010897037598955883,0.00010897037598955883,0.00010897037598955883,0.00234517178641247,-0.0015388679635220948
2018-08-22,0.0,-0.0007511482091006272,0.0,0.0,0.0,0.0,-0.0005941750978399885,0.0030828451552338265
2018-08-23,0.0003276924417008331,-0.0015233924651901853,0.0003276924417008331,0.0003276924417008331,0.0003276924417008331,0.0003276924417008331,-0.0013270894205691386,-0.0011523316235962922
2018-08-24,0.0,0.0035404951444427016,0.0,0.0,0.0,0.0,0.0060177692167926455,0.0015382755308981366
2018-08-27,0.00010882072632623085,0.002801588403656177,0.00010882072632623085,0.00010882072632623085,0.00010882072632623085,0.00010882072632623085,0.007895812345789066,0.005376059493345631
2018-08-28,0.0,0.0026133237425557177,0.0,0.0,0.0,0.0,0.00048339989994183874,-0.005347312025765549
2018-08-29,-0.00010880888566433544,0.00421054321614247,-0.00010880888566433544,-0.00010880888566433544,-0.00010880888566433544,-0.00010880888566433544,0.005380575524343678,0.0026880753010942726
2018-08-30,0.00043671207056639183,-0.002080235831571953,0.00043671207056639183,0.00043671207056639183,0.00043671207056639183,0.00043671207056639183,-0.004048512618609279,-0.0007657159171231553
2018-08-31,-0.00010897730108938575,0.0026727533539613103,-0.00010897730108938575,-0.00010897730108938575,-0.00010897730108938575,-0.00010897730108938575,3.467026382519833e-05,-0.006132603919628665
2018-09-04,-0.004115268032923491,-0.004863762145256324,8.745667220932951e-05,-0.004346428023464954,-0.020885841112919423,-0.010329814132184277,-0.0017224112332510089,-0.006170444813678899
2018-09-05,-0.0005091837291753439,-0.0023026392405822277,-0.00010918372917534391,-0.0019279693014243038,-0.0013689828502101635,-0.0008023985045862626,-0.0026914286747317107,-0.001164509928116897
2018-09-06,0.00021818719910604578,-0.0032313330613739093,0.00021818719910604578,-0.0028647963125859044,0.00021818719910604578,0.00021818719910604578,-0.003010187340231063,-0.0027194052849407457
2018-09-07,0.00021905787157994183,-0.003956901158498947,0.00021905787157994183,-0.0011662208916328187,0.00021905787157994183,0.00021905787157994183,-0.0019429751999883171,-0.0003894665832773203
2018-09-10,0.0,0.0010069390511137667,0.0,-0.0004,0.0,0.0,0.001738041690109382,-0.0019484614652773846
2018-09-11,0.00010904591455251911,0.0016527974463161677,0.00010904591455251911,0.00010904591455251911,0.00010904591455251911,0.00010904591455251911,0.0032977101830375943,0.001952265379138618
2018-09-12,0.0,-0.0007390330918135347,0.0,0.0,0.0,0.0,0.00024213150131413563,-0.0023383571660973157
2018-09-13,0.0,0.003582758165440447,0.0,0.0,0.0,0.0,0.0059142442041544285,-0.0027342767502509524
2018-09-14,0.0001091360211189496,-0.000638863186591454,0.0001091360211189496,0.0001091360211189496,0.0001091360211189496,0.0001091360211189496,0.00017232433288327798,0.001175364406642343
2018-09-17,0.00021906410470440285,-0.0037859957329931192,0.00021906410470440285,0.00021906410470440285,0.00021906410470440285,0.00021906410470440285,-0.00529456458987243,0.003912075166198736
2018-09-18,0.0,0.0022125838513133767,0.0,0.0,0.0,0.0,0.005426387340724759,0.007794400609557828
2018-09-19,0.0,-1.989252380941493e-05,0.0,0.0,0.0,0.0,0.0010660076384774175,-0.0031577020765569674
2018-09-20,0.00021809846080000916,0.0055794949830862885,0.00021809846080000916,0.00021809846080000916,0.00021809846080000916,0.00021809846080000916,0.008103422706319474,0.003910600025990307
2018-09-21,0.0,-0.0020527176154230943,0.0,0.0,0.0,0.0,-0.0009138977740061893,0.0
2018-09-24,0.00010938224415268927,0.0005361855259421812,0.00010938224415268927,0.00010938224415268927,0.00010938224415268927,0.00010938224415268927,-0.0033217855640348404,-0.0003895275129360831
2018-09-25,0.0,0.0005984689819023004,0.0,0.0,0.0,0.0,-0.0009278044566920496,-0.0019483965187303554
2018-09-26,0.0,-0.004789088954956512,0.0,0.0,0.0,0.0,-0.0029922897938547965,-0.0003907157053471
2018-09-27,0.0002178231970797473,0.0015805746745234386,0.0002178231970797473,0.0002178231970797473,0.0002178231970797473,0.0002178231970797473,0.002794241395894348,0.003906386093247116
2018-09-28,0.0,-0.0006555088629889826,0.0,0.0,0.0,0.0,0.00010304903564173351,-0.008949406437382623
2018-10-01,0.0033031343743636895,0.003902903869556518,6.573016635536e-05,0.002711397752056044,0.0007709810753692655,0.0101769796001114,0.003474507374859659,0.0027482881292524297
2018-10-02,-0.0002899474203419846,-0.00039098358290850843,0.0001100525796580154,-0.0030323212503511887,-0.0011566027774397533,-0.000625266711688582,-0.0005830388734141545,-0.005481603627288223
2018-10-03,0.0,0.002545895946946964,0.0,0.0018492597622787876,0.0,0.0,0.0005488964462838641,0.003149623078273711
2018-10-04,0.0002183488203406636,-0.009793736674000698,0.0002183488203406636,-0.005673791453411958,0.0002183488203406636,0.0002183488203406636,-0.007815601397036076,-0.0035319815097878404
2018-10-05,0.00010971084621602678,-0.005028971632406019,0.00010971084621602678,-0.00029028915378397324,0.00010971084621602678,0.00010971084621602678,-0.0055968589968758975,-0.0035450567368497943
2018-10-08,0.0,-0.0003154948866532735,0.0,0.0,0.0,0.0,0.0,0.0
2018-10-09,-0.00010969881106659418,0.0017021228975329984,-0.00010969881106659418,-0.00010969881106659418,-0.00010969881106659418,-0.00010969881106659418,-0.0014595157686119187,-0.005138379627304013
2018-10-10,0.0002191160911890755,-0.0060979882425023614,0.0002191160911890755,0.0002191160911890755,0.0002191160911890755,0.0002191160911890755,-0.031663252769417616,-0.02185100477597479
2018-10-11,0.00010927943300975684,2.927943300975685e-05,0.00010927943300975684,0.00010927943300975684,0.00010927943300975684,0.00010927943300975684,-0.02202621554389017,-0.011779495671344065
2018-10-12,0.0,0.0,0.0,0.0,0.0,0.0,0.013888051909477062,0.0057543173823484395
2018-10-15,0.00010896199140963958,0.00010896199140963958,0.00010896199140963958,0.00010896199140963958,0.00010896199140963958,0.00010896199140963958,-0.005617112350267295,0.0
2018-10-16,0.00010874647490366485,0.00010874647490366485,0.00010874647490366485,0.00010874647490366485,0.00010874647490366485,0.00010874647490366485,0.02186609191406519,0.010216611317151791
2018-10-17,0.0,0.0,0.0,0.0,0.0,0.0,0.00017829587325213225,-0.00283157587897942
2018-10-18,0.0,0.0,0.0,0.0,0.0,0.0,-0.014441042975838259,-0.008113776359581881
2018-10-19,0.00010965095362736044,0.00010965095362736044,0.00010965095362736044,0.00010965095362736044,0.00010965095362736044,0.00010965095362736044,-0.0005428146026500436,0.004498990102183464
2018-10-22,0.00021856526107244534,0.00021856526107244534,0.00021856526107244534,0.00021856526107244534,0.00021856526107244534,0.00021856526107244534,-0.004488710776880622,-0.0044788398460468
2018-10-23,0.0,0.0,0.0,0.0,0.0,0.0,-0.0050907541942168955,-0.00817985950461353
2018-10-24,0.00010910608327474591,0.00010910608327474591,0.00010910608327474591,0.00010910608327474591,0.00010910608327474591,0.00010910608327474591,-0.030298316073953502,-0.02350495342940817
2018-10-25,0.00010980654915160315,0.00010980654915160315,0.00010980654915160315,0.00010980654915160315,0.00010980654915160315,0.00010980654915160315,0.017940456099349467,0.0008443256664267818
2018-10-26,0.00010847166778038542,0.00010847166778038542,0.00010847166778038542,0.00010847166778038542,0.00010847166778038542,0.00010847166778038542,-0.017587488327478584,-0.0029535404952294453
2018-10-29,0.0,0.0,0.0,0.0,0.0,0.0,-0.005540361621381162,-0.01015643618568618
2018-10-30,0.0,0.0,0.0,0.0,0.0,0.0,0.014818831210504202,0.011543140740394975
2018-10-31,0.0001100878189457255,0.0001100878189457255,0.0001100878189457255,0.0001100878189457255,0.0001100878189457255,0.0001100878189457255,0.010680661683579507,0.008875800853116012
2018-11-01,0.006798851193032467,0.00021821846445613247,0.00021821846445613247,0.009319612985988225,0.01670886870388953,0.010364653375914098,0.010641709053504034,0.008797516918472414
2018-11-02,-0.00039999999999999996,0.0,-0.004399556213946709,-0.003999556213946709,-0.0010877670591043086,-0.00034089632231594134,-0.005922774413433918,-0.0020763380144595
2018-11-05,0.00010923799480533347,0.00010923799480533347,0.005879371685014956,0.005879371685014956,0.00010923799480533347,0.00010923799480533347,0.005516670945968194,0.006242072424061718
2018-11-06,0.0,0.0,0.00585227795388088,0.00585227795388088,0.0,0.0,0.006328072114342831,0.005376483793418929
2018-11-07,0.0001094294636594384,0.002394507662142411,0.013172507127225508,-0.0002905705363405616,0.0001094294636594384,0.0001094294636594384,0.02140869856412486,0.004936315690326154
2018-11-08,0.0001099259357484339,0.0002368830505437014,-0.0017261928125704151,0.0001099259357484339,0.0001099259357484339,0.0001099259357484339,-0.001814804802098613,-0.0016375808230422173
2018-11-09,0.00021799750380657734,-0.0018008240267160724,-0.00713898177252964,0.00021799750380657734,0.00021799750380657734,0.00021799750380657734,-0.009768097966860845,-0.004509865578198435
2018-11-12,-0.00010887333984677117,-0.003650584090968922,-0.013049209581860566,-0.00010887333984677117,-0.00010887333984677117,-0.00010887333984677117,-0.01868503912106323,-0.007413380042657902
2018-11-13,0.00010888519454144152,0.0009958165632305781,-0.0017654145534733434,0.00010888519454144152,0.00010888519454144152,0.00010888519454144152,-0.0018713133144981908,-0.001659515792448496
2018-11-14,-0.00010887333984677117,-0.0032546478391353604,-0.0030029517895786006,-0.00010887333984677117,-0.00010887333984677117,-0.00010887333984677117,-0.006836698427016397,0.0008307948478591953
2018-11-15,0.00032736725156290447,0.0017874813714175543,0.005633662747147827,0.00032736725156290447,0.00032736725156290447,0.00032736725156290447,0.010436536194619483,0.0008307892996761712
2018-11-16,0.00010895119433684819,0.002441440880369283,0.0017152176033302657,0.00010895119433684819,0.00010895119433684819,0.00010895119433684819,0.0026006284867885476,0.0008298067198719838
2018-11-19,-0.00010893932526723216,0.00014059273270598203,-0.011152153462151315,-0.00010893932526723216,-0.00010893932526723216,-0.00010893932526723216,-0.016914547467270946,-0.005389759457031684
2018-11-20,0.0002185121901345788,-0.0063044199866934434,-0.015713877007793475,0.0002185121901345788,0.0002185121901345788,0.0002185121901345788,-0.0185059882459504,-0.01292176576963655
2018-11-21,0.0002186676757354178,0.000159717984355714,0.00909373792878132,0.0002186676757354178,0.0002186676757354178,0.0002186676757354178,0.003407404010377535,0.014780071847185106
2018-11-22,0.0,-0.00013266952879444904,-0.0004160141147087626,0.0,0.0,0.0,0.0,-0.0008320282294175252
2018-11-23,0.0,-0.00039930092012487874,-0.006463197107768104,0.0,0.0,0.0,-0.006678829846275547,-0.006247564369260661
2018-11-26,0.00010900516784051462,0.0002411901826023355,0.00911998549097326,0.00010900516784051462,0.00010900516784051462,0.00010900516784051462,0.016144488548551772,0.0020954824333947464
2018-11-27,0.0,0.0010752184490889771,-0.00040865187327426833,0.0,0.0,0.0,0.0033647989679648216,-0.004182102714513358
2018-11-28,0.00010990748978900733,0.001988568358160592,0.01823238848009412,0.00010990748978900733,0.00010990748978900733,0.00010990748978900733,0.023025173192181114,0.013439603768007125
2018-11-29,0.00010847347452824785,0.00011436537818076964,0.0005650001451901199,0.00010847347452824785,0.00010847347452824785,0.00010847347452824785,-0.0021855875562157845,0.0033155878465960242
2018-11-30,0.00010957882429329935,0.0023610550803812914,0.002841043108307295,0.00010957882429329935,0.00010957882429329935,0.00010957882429329935,0.0060955903639037246,-0.0004135041472891343
2018-12-03,0.012419471999646525,0.0015184711382121964,0.009100221946943376,0.008700221946943377,0.02104916495832478,0.012152946456656337,0.013241689859483818,0.004958754034402935
2018-12-04,-0.00029083578055826253,-0.0022326156706339974,-0.022574473459741673,-0.022574473459741673,-0.0010016832593471342,-0.0010885512712395984,-0.032402516857543584,-0.012746430061939762
2018-12-05,0.0,0.0004619730222368279,0.003956503261490996,0.003956503261490996,0.0,0.0,0.0,0.007913006522981991
2018-12-06,0.00021860921891225793,0.005016148464018211,-0.00860974201131387,-0.00860974201131387,0.00021860921891225793,0.00021860921891225793,-0.0015173301692927854,-0.015702153853334955
2018-12-07,0.00010973753644005768,-0.002290541972329918,-0.0158161427925666,-0.00029026246355994234,0.00010973753644005768,0.00010973753644005768,-0.023235787595317414,-0.008396497989815788
2018-12-10,0.00010911647325806406,-0.0013569857356970695,-0.0018034900198267145,0.00010911647325806406,0.00010911647325806406,0.00010911647325806406,0.001896872766905977,-0.005503852806559406
2018-12-11,-0.00010910456815249603,-3.327169374460759e-05,-0.001589029302143996,-0.00010910456815249603,-0.00010910456815249603,-0.00010910456815249603,0.00022726394160010877,-0.003405322545888101
2018-12-12,0.00021813144282023522,-0.0033513135246196367,0.006148706127779957,0.00021813144282023522,0.00021813144282023522,0.00021813144282023522,0.005035759955981378,0.007261652299578536
2018-12-13,0.0001086867504762612,-0.0005869307440954684,-0.0010178905254122905,0.0001086867504762612,0.0001086867504762612,0.0001086867504762612,-0.0003393692940264481,-0.001696411756798133
2018-12-14,0.00010968964426250061,0.0007496031679027127,-0.014542287269140641,0.00010968964426250061,0.00010968964426250061,0.00010968964426250061,-0.018464633970600164,-0.010619940567681119
2018-12-17,0.00010906885735106897,0.0006808760783168389,-0.017537940328299306,0.00010906885735106897,0.00010906885735106897,0.00010906885735106897,-0.019618473654861246,-0.015457407001737367
2018-12-18,0.0,0.0005261383479596038,0.0016322021526154473,0.0,0.0,0.0,-0.0010965378602524334,0.004360942165483328
2018-12-19,-0.0001088540659580639,0.0003720897078304031,-0.013349805048532282,-0.0001088540659580639,-0.0001088540659580639,-0.0001088540659580639,-0.014975721354298699,-0.011723888742765864
2018-12-20,0.0002184420485826788,0.0003055916418492011,-0.01209324971625314,0.0002184420485826788,0.0002184420485826788,0.0002184420485826788,-0.01627802584638638,-0.007908473586119902
2018-12-21,0.0002192058398626795,-0.0008710154717871621,-0.016887851567399526,0.0002192058398626795,0.0002192058398626795,0.0002192058398626795,-0.02048956502883237,-0.013286138105966683
2018-12-24,0.00010932536211494259,0.0009421363036687058,-0.018822054913986308,0.00010932536211494259,0.00010932536211494259,0.00010932536211494259,-0.026422946860588103,-0.011221162967384513
2018-12-26,-0.00010931341138664674,-8.74507291093174e-05,0.025262414010184808,-0.00010931341138664674,-0.00010931341138664674,-0.00010931341138664674,0.050524828020369617,0.0
2018-12-27,0.00032777325635935384,-0.0003923738435866131,0.01745676719246325,0.00032777325635935384,0.00032777325635935384,0.00032777325635935384,0.007677631755810044,0.02723590262911646
2018-12-28,0.00010979644873887473,0.000970107919945118,0.002201727393110531,0.00010979644873887473,0.00010979644873887473,0.00010979644873887473,-0.0012901166598802138,0.005693571446101275
2018-12-31,0.00010927754164047343,-0.0006337296283587924,0.008359909986975333,0.00010927754164047343,0.00010927754164047343,0.00010927754164047343,0.008758831310379467,0.0079609886635712
2019-01-02,0.003218806851225953,0.0006363488891537818,0.0007395421624248888,0.0003395421624248888,0.0044567456229764515,0.0018559209744995514,0.0010401236573258643,0.00043896066752391327
2019-01-03,-7.226874571069042e-05,0.0017698552794861656,-0.016975168851852296,-0.016975168851852296,-0.0007517227294604658,-0.00038060195744476415,-0.0238624661697443,-0.010087871533960291
2019-01-04,0.00010974842681243935,-0.00114842656642844,0.024944324295503417,0.024944324295503417,0.00010974842681243935,0.00010974842681243935,0.03349531634531422,0.016393332245692616
2019-01-07,0.0,0.0,0.006340126530729684,0.006340126530729684,0.0,0.0,0.007885092758224133,0.004795160303235235
2019-01-08,0.0,-0.0003272675778208889,0.008385171222213716,-0.0004,0.0,0.0,0.009395125946922045,0.007375216497505388
2019-01-09,0.0,-0.00013113726350686417,0.009227425799048783,0.0,0.0,0.0,0.004673469291501142,0.013781382306596424
2019-01-10,0.00010922975191474116,0.001391130183710967,0.004949735600382477,0.00010922975191474116,0.00010922975191474116,0.00010922975191474116,0.003527626062116207,0.006371845138648746
2019-01-11,0.00021813169845663616,0.0009652268231701289,0.0014595744312465575,0.00021813169845663616,0.00021813169845663616,0.00021813169845663616,0.00038642972144642407,0.002532719141046691
2019-01-14,-0.00010919400340569929,0.00024348158547484735,-0.0017871716252141345,-0.00010919400340569929,-0.00010919400340569929,-0.00010919400340569929,-0.006101057683954636,0.002526714433526367
2019-01-15,0.00021881707287785268,0.002733495988710257,0.008250362982939463,0.00021881707287785268,0.00021881707287785268,0.00021881707287785268,0.011461015391333707,0.00503971057454522
2019-01-16,0.00010867562695349164,0.004923157453065796,0.003090181412339188,0.00010867562695349164,0.00010867562695349164,0.00010867562695349164,0.0024196799324196494,0.0037606828922587265
2019-01-17,0.0002185428880796536,0.00573516624825559,0.007123915657231472,0.0002185428880796536,0.0002185428880796536,0.0002185428880796536,0.007586734622518021,0.006661096691944923
2019-01-18,0.0,0.009109407678018088,0.010170325610971087,0.0,0.0,0.0,0.013310000912652553,0.007030650309289621
2019-01-21,0.0,-7.999999999999999e-05,0.0,0.0,0.0,0.0,0.0,0.0
2019-01-22,0.00010985506219207686,-0.009218469512981687,-0.009424458124377533,0.00010985506219207686,0.00010985506219207686,0.00010985506219207686,-0.013510416662665947,-0.005338499586089118
2019-01-23,0.0,-6.50596491519773e-05,0.0006330126374473055,0.0,0.0,0.0,0.0020921122482040477,-0.0008260869733094367
2019-01-24,0.00032740299269007345,0.0028333080435266394,0.0027451927075423654,0.00032740299269007345,0.00032740299269007345,0.00032740299269007345,0.0005316978288258944,0.004958687586258836
2019-01-25,-0.00010889620238663245,0.009207897411539526,0.006492241640788876,-0.00010889620238663245,-0.00010889620238663245,-0.00010889620238663245,0.008461223673796647,0.004523259607781105
2019-01-28,0.00010890806206109716,-0.0009165784952419601,-0.0029814234453602317,0.00010890806206109716,0.00010890806206109716,0.00010890806206109716,-0.007599957617570929,0.0016371107268504659
2019-01-29,0.0,0.0016090195944717504,0.0030144165473052764,0.0,0.0,0.0,-0.0013273185701017098,0.007356151664712263
2019-01-30,0.00021860204196566535,0.008047261813783482,0.0077127453659632805,0.00021860204196566535,0.00021860204196566535,0.00021860204196566535,0.015831139348605028,-0.00040564861667846674
2019-01-31,0.0,0.006211098588119612,0.006826171808518744,0.0,0.0,0.0,0.00878230015792214,0.004870043459115347
2019-02-01,-0.001274353797431171,-0.0005691430755243588,-0.000768751075313101,-0.001168751075313101,-0.005712285578352639,-0.008126932600147881,0.00048163584816496297,-0.002019137998791165
2019-02-04,-0.00029083477504281385,0.007186238356976206,0.006148203190205037,0.006148203190205037,-0.0009366089720453149,-0.0008928392448044741,0.007035496312225664,0.00526091006818441
2019-02-05,0.0,0.0029530413604305526,0.005316498588725294,0.005316498588725294,0.0,0.0,0.004191793805515376,0.006441203371935211
2019-02-06,0.00021881242615839902,-0.0018948183147769362,-0.00025912090207047545,-0.00025912090207047545,0.00021881242615839902,0.00021881242615839902,-0.0013182743478377112,0.0008000325436967604
2019-02-07,0.0,-0.003971048559274393,-0.004966248921999816,-0.0004,0.0,0.0,-0.009533034946393903,-0.00039946289760572906
2019-02-08,0.00021916911542052553,-0.0014292982636156639,-0.0015883424193120499,0.00021916911542052553,0.00021916911542052553,0.00021916911542052553,0.0012217804238952024,-0.004398465262519302
2019-02-11,-0.00010940886954047269,0.0013406967957350214,-0.0019315305335245725,-0.00010940886954047269,-0.00010940886954047269,-0.00010940886954047269,0.0005546483790992429,-0.004417709446148388
2019-02-12,0.00021803265574993347,0.004828642426323682,0.008849933225883788,0.00021803265574993347,0.00021803265574993347,0.00021803265574993347,0.012859196525231154,0.004840669926536423
2019-02-13,0.0,0.0022584013813581015,0.0012220905666672222,0.0,0.0,0.0,0.00324691649655362,-0.0008027353632191758
2019-02-14,0.00021869287179532293,0.0020461214637042206,0.0015022875317660112,0.00021869287179532293,0.00021869287179532293,0.00021869287179532293,-0.002218288990400219,0.005222864053932241
2019-02-15,0.0,0.010145920809361542,0.010045017895219499,0.0,0.0,0.0,0.010897530181606108,0.00919250560883289
2019-02-19,0.00021854397151210847,0.0020160195998964346,0.00363767463127862,0.00021854397151210847,0.00021854397151210847,0.00021854397151210847,0.001730476075860743,0.005544873186696497
2019-02-20,0.0,0.001591963852460565,0.004158352598248927,0.0,0.0,0.0,0.002015401151694629,0.006301304044803224
2019-02-21,0.00010854067566867798,-0.0014331837104159418,-0.0023650110542521863,0.00010854067566867798,0.00010854067566867798,0.00010854067566867798,-0.0035558515906155552,-0.0011741705178888173
2019-02-22,0.00021907881400751172,0.0067869755859444325,0.003296170983659974,0.00021907881400751172,0.00021907881400751172,0.00021907881400751172,0.006200247399973158,0.00039209456734679016
2019-02-25,-0.00010911129857604784,0.00033778010486735783,0.00224713313544167,-0.00010911129857604784,-0.00010911129857604784,-0.00010911129857604784,0.0013607538046904732,0.003133512466192867
2019-02-26,0.00010912320515066298,-0.0016360951321985116,-0.0001623234354344305,0.00010912320515066298,0.00010912320515066298,0.00010912320515066298,-0.0007151808672274385,0.00039053399635857744
2019-02-27,0.00010941438551648197,-0.0008443217439208616,0.00017536873996448765,0.00010941438551648197,0.00010941438551648197,0.00010941438551648197,-0.00042984309169979973,0.000780580571628775
2019-02-28,0.000218299741000072,-0.0024383616458595195,-0.002881370538029615,0.000218299741000072,0.000218299741000072,0.000218299741000072,-0.0018625176434249324,-0.0039002234326342977
2019-03-01,0.004826203372690228,0.005271087596093516,0.005079660855121904,0.004679660855121903,-0.01670702682013716,0.009277006338033088,0.006243826973286071,0.003915494736957736
2019-03-04,-0.0005093665756557449,-0.0035713921054685164,-0.002403642506041803,-0.002403642506041803,-0.0011195295551683173,-0.0011348384100098386,-0.003637236218714701,-0.0011700487933689052
2019-03-05,0.00010937853801196162,-0.0010201195009538868,0.00088202632630352,0.00088202632630352,0.00010937853801196162,0.00010937853801196162,-0.0013598541625854388,0.0031239068151924787
2019-03-06,0.00010916460598697775,-0.0034483335591470746,-0.003028641733378523,-0.003028641733378523,0.00010916460598697775,0.00010916460598697775,-0.006057283466757046,0.0
2019-03-07,0.00021870927599954015,-0.0042789015476761925,-0.005350557447809379,-0.00018129072400045987,0.00021870927599954015,0.00021870927599954015,-0.008365299077339738,-0.002335815818279019
2019-03-08,0.00010902787115818491,-0.0008177292560764472,-0.0025607164762925794,0.00010902787115818491,0.00010902787115818491,0.00010902787115818491,-0.002000054580209909,-0.0031213783723752497
2019-03-11,0.0,0.005963566683708298,0.010773307926978948,0.0,0.0,0.0,0.014501318236685767,0.007045297617272128
2019-03-12,0.00010982351119492861,0.0027867472987367498,0.002662761598294039,0.00010982351119492861,0.00010982351119492861,0.00010982351119492861,0.0037708546067725113,0.0015546685898155665
2019-03-13,0.00010890308453093134,0.00396197058234359,0.004085842259239358,0.00010890308453093134,0.00010890308453093134,0.00010890308453093134,0.006619610615520077,0.0015520739029586395
2019-03-14,0.0,-0.0003824197178182276,-0.002063671482480267,0.0,0.0,0.0,-0.0006402260580008479,-0.0034871169069596863
2019-03-15,0.00010939581920266228,0.004849388117789856,0.004025590120545486,0.00010939581920266228,0.00010939581920266228,0.00010939581920266228,0.004940542771749046,0.003110637469341926
2019-03-18,0.00010958566829355476,0.0019878699922322163,0.005495210021749353,0.00010958566829355476,0.00010958566829355476,0.00010958566829355476,0.003626188435750244,0.0073642316077484615
2019-03-19,0.0,-0.0003481946116947964,-0.0016076792468494028,0.0,0.0,0.0,0.0002476974602287907,-0.0034630559539275962
2019-03-20,0.0,0.0013318610150296673,-0.00208406124773719,0.0,0.0,0.0,-0.0030098192111989164,-0.0011583032842754637
2019-03-21,0.00032720753342130315,0.01276830080303033,0.007966644616528296,0.00032720753342130315,0.00032720753342130315,0.00032720753342130315,0.011294522463616508,0.004638766769440084
2019-03-22,0.0,-0.011462395906669998,-0.014432716771293597,0.0,0.0,0.0,-0.019246183492370283,-0.00961925005021691
2019-03-25,0.0,-0.0008178640294647323,-0.0010998164292405077,0.0,0.0,0.0,-0.0007520181982809682,-0.0014476146602000473
2019-03-26,0.00010923522833095056,0.0046595109844156605,0.006469974981204496,0.00010923522833095056,0.00010923522833095056,0.00010923522833095056,0.007454088623692012,0.00548586133871698
2019-03-27,0.00010932414983577665,-0.002998209641737893,-0.0033938511881259625,0.00010932414983577665,0.00010932414983577665,0.00010932414983577665,-0.005228929604722099,-0.001558772771529826
2019-03-28,0.00021832187420800508,0.0035949205847131127,0.003456279648101246,0.00021832187420800508,0.00021832187420800508,0.00021832187420800508,0.00379023722579519,0.003122322070407302
2019-03-29,0.0,0.0016442131924371273,0.001401949179351325,0.0,0.0,0.0,0.00630561118934736,-0.00350171283064471
2019-04-01,0.00873751605483664,0.006125253278719644,0.009834174734818402,0.009434174734818402,-0.0005397967520027688,0.007550650073827587,0.011858997789581105,0.007809351680055698
2019-04-02,-0.000509067611032243,0.003640577094398001,0.001407461972902535,0.001407461972902535,-0.0012476553908530377,-0.001153694345891161,0.0004903983753044017,0.0023245255705006684
2019-04-03,0.00010907950807359512,0.002313080361432607,0.0011732913726170136,0.0011732913726170136,0.00010907950807359512,0.00010907950807359512,0.0015732088448399129,0.0007733739003941142
2019-04-04,0.00032831165354152425,-0.0005208571449645704,0.0024855753979622364,0.0024855753979622364,0.00032831165354152425,0.00032831165354152425,0.0026536289662728585,0.0023175218296516142
2019-04-05,0.0,0.0043743767383526595,0.004732121090705421,-0.0004,0.0,0.0,0.004840362761695083,0.0046238794197157596
2019-04-08,0.0,6.828204552304944e-05,0.0009565484714882944,0.0,0.0,0.0,0.0007619800889446804,0.0011511168540319083
2019-04-09,0.00010933412094216166,-0.0035816443946006696,-0.004286604369220848,0.00010933412094216166,0.00010933412094216166,0.00010933412094216166,-0.005124807136130727,-0.0034484016023109687
2019-04-10,0.0,0.004924415221422675,0.003435591654328163,0.0,0.0,0.0,0.0034108490842614803,0.0034603342243948454
2019-04-11,0.0003273619583439302,-0.0006546137633368865,0.00024443563441522986,0.0003273619583439302,0.0003273619583439302,0.0003273619583439302,-0.00027733149608089036,0.0007662027649113501
2019-04-12,0.0,0.004055115791304332,0.0054883709961397464,0.0,0.0,0.0,0.006765631004599149,0.004211110987680344
2019-04-15,0.00010938711687691338,-0.0008214221636422357,0.0008165177370483834,0.00010938711687691338,0.00010938711687691338,0.00010938711687691338,-0.0006544467379148156,0.0022874822120115823
2019-04-16,0.0,-0.0028370873455568994,-5.289512266853924e-05,0.0,0.0,0.0,0.0006548753189310474,-0.0007606655642681259
2019-04-17,0.0002189517328257118,0.0018189158624430848,0.00010900542783209843,0.0002189517328257118,0.0002189517328257118,0.0002189517328257118,-0.0024466545726875566,0.0026646654283517535
2019-04-18,0.00010894844311959417,0.0012372326231599254,0.0026929939330563313,0.00010894844311959417,0.00010894844311959417,0.00010894844311959417,0.001969094336292887,0.0034168935298197756
2019-04-22,0.0,0.0003127103223609317,-0.00032559782808500026,0.0,0.0,0.0,0.0008621645717816762,-0.0015133602279516767
2019-04-23,0.0,0.00890548416083603,0.007337744384468103,0.0,0.0,0.0,0.008991456571735057,0.00568403219720115
2019-04-24,0.0002188799568281219,-0.0021213231035982273,-0.0033704471723305374,0.0002188799568281219,0.0002188799568281219,0.0002188799568281219,-0.0022190192271318576,-0.004521875117529217
2019-04-25,0.00021842942399352694,0.0008513664601152105,-0.0006863682398939308,0.00021842942399352694,0.00021842942399352694,0.00021842942399352694,-0.0006159894114906583,-0.0007567470682972033
2019-04-26,-0.00010919086149974166,0.0027008729337514967,0.003654077071072015,-0.00010919086149974166,-0.00010919086149974166,-0.00010919086149974166,0.0046566103142504645,0.0026515438278935655
2019-04-29,0.00010920278544590545,0.0026986860115696845,0.0005949096831145972,0.00010920278544590545,0.00010920278544590545,0.00010920278544590545,0.0015676973092859647,-0.00037787794305677025
2019-04-30,0.00010919086149985269,-0.0011330925116442626,-0.0005007624141714628,0.00010919086149985269,0.00010919086149985269,0.00010919086149985269,0.0005103828703674207,-0.0015119076987103464
2019-05-01,-0.00573375506092415,-0.005280879481472779,-0.006218364954107436,-0.006618364954107436,-0.011229480167075433,-0.01255986917231855,-0.007516336396224732,-0.00492039351199014
2019-05-02,-0.00029072519529842433,-0.003193466459372995,-0.00029072519529842433,-0.0037420111038854453,-0.0010974733623832125,-0.0007350348001004239,-0.0021588334850111135,-0.005325188722759777
2019-05-03,0.00010936347539614033,0.008781408620370615,0.00010936347539614033,0.00776192368849693,0.00010936347539614033,0.00010936347539614033,0.009787558311556976,0.005736289065436884
2019-05-06,0.00010955271507651076,-0.004804464028565167,0.00010955271507651076,-0.0024379083076246366,0.00010955271507651076,0.00010955271507651076,-0.004115263891037113,-0.0007605527242121601
2019-05-07,0.00010913836118842113,-0.018788338758124978,0.00010913836118842113,-0.0002908616388115789,0.00010913836118842113,0.00010913836118842113,-0.01669981475194382,-0.007610344429496263
2019-05-08,0.0,-0.0019097371396823257,0.0,0.0,0.0,0.0,-0.0013887452068355177,0.0026839892188279535
2019-05-09,0.00010942818342973837,-0.0004228069320634997,0.00010942818342973837,0.00010942818342973837,0.00010942818342973837,0.00010942818342973837,-0.0030261063987420123,-0.004971373590949457
2019-05-10,0.00021853072131627904,-0.0004780104848170018,0.00021853072131627904,0.00021853072131627904,0.00021853072131627904,0.00021853072131627904,0.00502307688844339,-0.0015372066730703349
2019-05-13,-0.0001094928490310565,0.0008699285933709612,-0.0001094928490310565,-0.0001094928490310565,-0.0001094928490310565,-0.0001094928490310565,-0.025129971431572584,-0.006158561308899135
2019-05-14,0.0001095048390278297,-0.0002301248228569808,0.0001095048390278297,0.0001095048390278297,0.0001095048390278297,0.0001095048390278297,0.009043595404798044,0.006584114999952817
2019-05-15,0.0001089901270427962,0.000532620629051328,0.0001089901270427962,0.0001089901270427962,0.0001089901270427962,0.0001089901270427962,0.00585727945557446,0.0023084265428503503
2019-05-16,0.00010927984981101702,0.0007205112260691671,0.00010927984981101702,0.00010927984981101702,0.00010927984981101702,0.00010927984981101702,0.009261718338102298,0.006909775492667913
2019-05-17,0.0001095694763966204,-0.00019339996290748118,0.0001095694763966204,0.0001095694763966204,0.0001095694763966204,0.0001095694763966204,-0.006465133564436676,-0.001906058181766701
2019-05-20,0.00010925593791455412,-0.0028254137186819687,0.00010925593791455412,0.00010925593791455412,0.00010925593791455412,0.00010925593791455412,-0.006611767434609561,0.0
2019-05-21,0.0,0.0006935052269605891,0.0,0.0,0.0,0.0,0.009015509087037854,0.0026739143811851385
2019-05-22,0.00021848800471713226,0.0010455564094216997,0.00021848800471713226,0.00021848800471713226,0.00021848800471713226,0.00021848800471713226,-0.0030714948210164295,-0.0068574815187921745
2019-05-23,0.00021854075664529127,0.0017343335494909519,0.00021854075664529127,0.00021854075664529127,0.00021854075664529127,0.00021854075664529127,-0.0122193099843253,-0.010739898878373344
2019-05-24,0.0,0.0007737930696870787,0.0,0.0,0.0,0.0,0.0022690006610119884,0.0050405869769925005
2019-05-27,0.0,0.00044402495936237687,0.0,0.0,0.0,0.0,0.0,0.006172726732135647
2019-05-28,0.00010929673178661226,-0.0015305497276933756,0.00010929673178661226,0.00010929673178661226,0.00010929673178661226,0.00010929673178661226,-0.009300416974469594,-0.004601187951162489
2019-05-29,0.0,-0.002787317039588255,0.0,0.0,0.0,0.0,-0.006710957405433482,-0.008089366364413375
2019-05-30,0.0003271512429134926,0.0004978387918792483,0.0003271512429134926,0.0003271512429134926,0.0003271512429134926,0.0003271512429134926,0.0027311657854187654,-0.00194185872506758
2019-05-31,0.0,0.0006311633376426596,0.0,0.0,0.0,0.0,-0.013475305761205814,-0.0023342945754388778
2019-06-03,0.0026012262145215684,0.0009088722404243299,-4.347871054399821e-05,-0.0030365526017920195,0.014052849521903823,-0.0008525483734380006,-0.002542786012992848,-0.0027303191905911905
2019-06-04,-0.00018119115558383713,-0.0003258958898506581,0.00021880884441616288,0.015741896768108776,-0.0009406264296693849,-0.0007034169646221893,0.021706786958993307,0.009777006577224245
2019-06-05,0.0,0.00031392000132846043,0.0,0.005880152475374101,0.0,0.0,0.008661897891946824,0.003098407058801378
2019-06-06,0.0003277900834313119,-6.398014963248809e-07,0.0003277900834313119,0.004023712024466053,0.0003277900834313119,0.0003277900834313119,0.006502736881020876,0.0015446871679112295
2019-06-07,-0.00010889301667582618,0.0009301091732029532,-0.00010889301667582618,-0.0005088930166758261,-0.00010889301667582618,-0.00010889301667582618,0.010006997379038873,0.0023127860333316264
2019-06-10,0.00021831161709884306,0.0009013334853209675,0.00021831161709884306,0.00021831161709884306,0.00021831161709884306,0.00021831161709884306,0.004588866425778049,-0.0026923367770830264
2019-06-11,-0.00010938286189321467,0.00039072823158842434,-0.00010938286189321467,-0.00010938286189321467,-0.00010938286189321467,-0.00010938286189321467,-0.0002422409438205264,0.0023139471625457375
2019-06-12,0.00010939482781258114,-0.0025351600587311214,0.00010939482781258114,0.00010939482781258114,0.00010939482781258114,0.00010939482781258114,-0.0017649900417316955,-0.0015388914854643776
2019-06-13,0.00032804823443011166,0.003507296750004674,0.00032804823443011166,0.00032804823443011166,0.00032804823443011166,0.00032804823443011166,0.004126141328260724,0.001155813313384213
2019-06-14,0.00010904603578532068,-0.0010376184513000155,0.00010904603578532068,0.00010904603578532068,0.00010904603578532068,0.00010904603578532068,-0.0011053224253898541,0.004619166691535392
2019-06-17,0.0,0.0005386918985308185,0.0,0.0,0.0,0.0,0.00038055114749502295,0.002681932022739808
2019-06-18,0.0,0.00874994899626038,0.0,0.0,0.0,0.0,0.010470858828738105,0.009552582221881378
2019-06-19,0.00021816859948997624,0.0017276140846238077,0.00021816859948997624,0.00021816859948997624,0.00021816859948997624,0.00021816859948997624,0.0022572768225421758,0.00022949301548713663
2019-06-20,0.00010991293311191086,0.00691770359287065,0.00010991293311191086,0.00010991293311191086,0.00010991293311191086,0.00010991293311191086,0.009554291086528721,0.003815016959437312
2019-06-21,0.0,-0.00487744439717972,0.0,0.0,0.0,0.0,-0.0014536929402848564,-0.0038005179191212823
2019-06-24,0.00010909865757513515,-0.001044237579207019,0.00010909865757513515,0.00010909865757513515,0.00010909865757513515,0.00010909865757513515,-0.0012246134425812905,0.0011443030538231813
2019-06-25,0.0,-0.009066743986278403,0.0,0.0,0.0,0.0,-0.009807308183856889,-0.008765273093533366
2019-06-26,0.00021817351271291585,0.0008624957620672637,0.00021817351271291585,0.00021817351271291585,0.00021817351271291585,0.00021817351271291585,-0.0009978609460312704,-0.0038446187685268196
2019-06-27,0.0,0.003065378334606317,0.0,0.0,0.0,0.0,0.0035459214456161625,0.0007718202954258846
2019-06-28,0.0001090629617068739,0.004393082252257719,0.0001090629617068739,0.0001090629617068739,0.0001090629617068739,0.0001090629617068739,0.005146162756586303,0.004242181712732274
2019-07-01,0.00020497521622548953,0.008076484657096997,-5.472599565981007e-05,0.004139161246382428,-0.00627571730954128,0.01355278007755662,0.009078322492764856,0.0
2019-07-02,-0.00028984036475558883,-0.0007301881777361796,0.00011015963524441119,0.003990414752367166,-0.0010242573700681326,-0.00039817836886890266,0.002604440260837393,0.00537638924389694
2019-07-03,0.0003277364237441738,0.006581630862865762,0.0003277364237441738,0.007435405079072921,0.0003277364237441738,0.0003277364237441738,0.007995187312054286,0.006875622846091556
2019-07-04,0.0,-0.00012476363426621175,0.0,0.0003792784442675501,0.0,0.0,0.0,0.0007585568885351002
2019-07-05,-0.00010981083680672299,-0.0008053009603790961,-0.00010981083680672299,-0.000509810836806723,-0.00010981083680672299,-0.00010981083680672299,-0.001138087411357347,-0.0026535039928672344
2019-07-08,0.0,-0.005601280041035604,0.0,0.0,0.0,0.0,-0.005495000174967513,-0.0041807359743946115
2019-07-09,0.00010982289655081523,0.0016048242007305814,0.00010982289655081523,0.00010982289655081523,0.00010982289655081523,0.00010982289655081523,0.0012470269095221642,0.004579926478994301
2019-07-10,0.00010890910548244648,0.002194740558700881,0.00010890910548244648,0.00010890910548244648,0.00010890910548244648,0.00010890910548244648,0.004777747019722556,0.0015199445486160368
2019-07-11,0.00021829539845530377,0.0011587408542945844,0.00021829539845530377,0.00021829539845530377,0.00021829539845530377,0.00021829539845530377,0.002344179682561176,-0.0015176378232797383
2019-07-12,0.00010967475575585084,0.006414185830786412,0.00010967475575585084,0.00010967475575585084,0.00010967475575585084,0.00010967475575585084,0.004477176922398574,-0.0026594655911356124
2019-07-15,0.0,-0.0008076293030379044,0.0,0.0,0.0,0.0,0.00033277107014240137,0.0011427350546542314
2019-07-16,0.00010856109380719126,-0.004103949217056546,0.00010856109380719126,0.00010856109380719126,0.00010856109380719126,0.00010856109380719126,-0.003225569354967095,-0.0007607785873242623
2019-07-17,0.0,-0.006004207145337248,0.0,0.0,0.0,0.0,-0.0068047367633590206,-0.0011427381071157372
2019-07-18,0.00032825150995186014,0.002424155991351933,0.00032825150995186014,0.00032825150995186014,0.00032825150995186014,0.00032825150995186014,0.0036606118123581055,0.0011440454514495269
2019-07-19,0.0,-0.003440310781062861,0.0,0.0,0.0,0.0,-0.005555155909476084,-0.0007617961802002249
2019-07-22,0.0,0.004387974718945786,0.0,0.0,0.0,0.0,0.0024566534145309404,0.0019052843365974237
2019-07-23,-0.00010941463371172411,0.0037978211039320087,-0.00010941463371172411,-0.00010941463371172411,-0.00010941463371172411,-0.00010941463371172411,0.007150052969028264,0.003423515478286898
2019-07-24,0.0002187530973336571,0.004087941873796109,0.0002187530973336571,0.0002187530973336571,0.0002187530973336571,0.0002187530973336571,0.004699290577682369,0.00303262586318076
2019-07-25,0.00021830487912910534,-0.007648960437920401,0.00021830487912910534,0.00021830487912910534,0.00021830487912910534,0.00021830487912910534,-0.004776880267286399,-0.00793644371413249
2019-07-26,-0.00010927872439303599,0.008389117327282803,-0.00010927872439303599,-0.00010927872439303599,-0.00010927872439303599,-0.00010927872439303599,0.006700150330602339,0.0030474688931625415
2019-07-29,0.0002185813350756849,-0.004041004111206715,0.0002185813350756849,0.0002185813350756849,0.0002185813350756849,0.0002185813350756849,-0.001820991937541705,-0.0022787012522101913
2019-07-30,0.0,-0.001035779713470908,0.0,0.0,0.0,0.0,-0.002454880154869943,-0.0011419527953698827
2019-07-31,0.0001094669061729725,-0.010586397584549136,0.0001094669061729725,0.0001094669061729725,0.0001094669061729725,0.0001094669061729725,-0.010940563155931948,-0.003810831894608957
2019-08-01,-0.0008249222638674941,-0.011181739607401719,0.0002730370099714996,-0.005327841894299179,0.011241859787519562,-0.018374646983138284,-0.00870787586217081,-0.0011478079264275465
2019-08-02,-0.0004,-0.0022878635529309265,0.0,-0.007211582493371282,-0.0011269308428016208,-0.0007390598944006948,-0.007529197162295831,-0.006893967824446734
2019-08-05,-0.00010952507028860747,-0.000167620056230886,-0.00010952507028860747,-0.015036679476472803,-0.00010952507028860747,-0.00010952507028860747,-0.030073358952945606,0.0
2019-08-06,0.00010953706734362356,0.0017020084287594716,0.00010953706734362356,0.003154996075698302,0.00010953706734362356,0.00010953706734362356,0.0140228641602691,-0.007712872008872496
2019-08-07,0.00021875007189153806,0.0002982465981641536,0.00021875007189153806,-0.00018124992810846196,0.00021875007189153806,0.00021875007189153806,0.0005906170920992881,0.007384212974288706
2019-08-08,0.00010920111385126496,-0.00022050058239933004,0.00010920111385126496,0.00010920111385126496,0.00010920111385126496,0.00010920111385126496,0.019620176500718456,0.008101875085825938
2019-08-09,-0.00010918919027014251,-0.0006340196518119212,-0.00010918919027014251,-0.00010918919027014251,-0.00010918919027014251,-0.00010918919027014251,-0.0068114321919398035,-0.003826874397934499
2019-08-12,0.00021860222974279253,0.0005288176632716635,0.00021860222974279253,0.00021860222974279253,0.00021860222974279253,0.00021860222974279253,-0.012173264183558352,-0.005762673007113528
2019-08-13,0.00010917724746173363,4.520477095106828e-05,0.00010917724746173363,0.00010917724746173363,0.00010917724746173363,0.00010917724746173363,0.015551672904239533,0.0065686109234281975
2019-08-14,-0.00010916532909144294,-0.0020609648559892116,-0.00010916532909144294,-0.00010916532909144294,-0.00010916532909144294,-0.00010916532909144294,-0.029567469025252202,-0.017658233229238873
2019-08-15,0.00043690894817527415,0.0029887855589826096,0.00043690894817527415,0.00043690894817527415,0.00043690894817527415,0.00043690894817527415,0.0026414856228509365,-0.0019540394518217097
2019-08-16,-0.00010922950327862946,0.0015683849223407046,-0.00010922950327862946,-0.00010922950327862946,-0.00010922950327862946,-0.00010922950327862946,0.01475534359334607,0.008614011910895059
2019-08-19,0.0,0.0007753338711449897,0.0,0.0,0.0,0.0,0.012047427237253494,0.009705005790631605
2019-08-20,0.00010924143566626299,-0.0012274354111528887,0.00010924143566626299,0.00010924143566626299,0.00010924143566626299,0.00010924143566626299,-0.007662293020098465,-0.005382678715156963
2019-08-21,-0.00010922950327862946,-0.0001513465711276973,-0.00010922950327862946,-0.00010922950327862946,-0.00010922950327862946,-0.00010922950327862946,0.008135435312727202,0.004638794917189326
2019-08-22,0.00032792419983640464,0.00025193148475664005,0.00032792419983640464,0.00032792419983640464,0.00032792419983640464,0.00032792419983640464,-0.00030800702695210624,-0.002308687928765374
2019-08-23,-0.00010900579719008707,-0.002971893497547904,-0.00010900579719008707,-0.00010900579719008707,-0.00010900579719008707,-0.00010900579719008707,-0.025687492160164416,-0.01272654513819671
2019-08-26,0.0001090176807492238,0.0016308268333583788,0.0001090176807492238,0.0001090176807492238,0.0001090176807492238,0.0001090176807492238,0.011058855218216035,0.004687359337625319
2019-08-27,0.00010870605622614882,-0.00048204612308195844,0.00010870605622614882,0.00010870605622614882,0.00010870605622614882,0.00010870605622614882,-0.003924070480230357,0.004277177041668967
2019-08-28,-0.00010869424050397036,0.0005714521909158333,-0.00010869424050397036,-0.00010869424050397036,-0.00010869424050397036,-0.00010869424050397036,0.007041455311860956,0.005420098404792961
2019-08-29,0.00021831133534400138,0.0017275861605541732,0.00021831133534400138,0.00021831133534400138,0.00021831133534400138,0.00021831133534400138,0.012773381664900274,0.007700990196966462
2019-08-30,0.00010928168072421585,0.0008252122388834683,0.00010928168072421585,0.00010928168072421585,0.00010928168072421585,0.00010928168072421585,-0.00044430345440737984,0.003439212903844524
2019-09-03,-0.0031962579133953126,0.001504018653356276,0.00019676543592384022,-0.004846911235859719,0.0001597560408361277,-0.009055349098160604,-0.00584716379270489,-0.0030466586790145467
2019-09-04,-0.000509248243265303,0.002373268923843086,-0.00010924824326530302,0.007585029072588179,-0.0011094862448196542,-0.0004950294783954068,0.01135040447310609,0.0038196536720702667
2019-09-05,0.00010926017974788316,0.0026087184818332078,0.00010926017974788316,0.010232688251447408,0.00010926017974788316,0.00010926017974788316,0.01285496242172779,0.007610414081167027
2019-09-06,0.00010884879813444215,-0.0003779075697157141,0.00010884879813444215,-0.0007468171131959078,0.00010884879813444215,0.00010884879813444215,0.0007724196038416675,-0.002266053830233483
2019-09-09,0.0,-0.0030796846496030875,0.0,-0.0004,0.0,0.0,0.0005035110254738573,-0.0015138431861674295
2019-09-10,0.00021937135976601851,-0.0032456146773882423,0.00021937135976601851,0.00021937135976601851,0.00021937135976601851,0.00021937135976601851,-0.00023485356053076778,0.0022745566722175425
2019-09-11,-0.00010981136603538388,0.006436927054289844,-0.00010981136603538388,-0.00010981136603538388,-0.00010981136603538388,-0.00010981136603538388,0.007111204228084977,0.004160266886819919
2019-09-12,0.00021904781492310121,0.004197236305530927,0.00021904781492310121,0.00021904781492310121,0.00021904781492310121,0.00021904781492310121,0.003463740594434217,0.0026365135446937416
2019-09-13,0.0,-0.0037760752398059653,0.0,0.0,0.0,0.0,-0.0006641283203611126,0.0033809017237054206
2019-09-16,0.0,0.0002661964440566544,0.0,0.0,0.0,0.0,-0.0030887896524705027,0.002620806418816457
2019-09-17,0.00010890101606353397,0.0054907715665638785,0.00010890101606353397,0.00010890101606353397,0.00010890101606353397,0.00010890101606353397,0.00253206321036914,0.005228083436126463
2019-09-18,0.00021867657654484063,-0.0008959573903535079,0.00021867657654484063,0.00021867657654484063,0.00021867657654484063,0.00021867657654484063,0.000598113600249528,-0.0011148068933808375
2019-09-19,0.0,0.002140299248569444,0.0,0.0,0.0,0.0,-6.623025047602926e-05,0.0033472970287526937
2019-09-20,0.00010936427623908784,-0.005096500484532095,0.00010936427623908784,0.00010936427623908784,0.00010936427623908784,0.00010936427623908784,-0.004724774875203841,0.0014822503717999425
2019-09-23,0.00021840531196848367,0.000763228002544314,0.00021840531196848367,0.00021840531196848367,0.00021840531196848367,0.00021840531196848367,-0.00023461365841759285,-0.001110085021878815
2019-09-24,0.0,-0.007510947075661445,0.0,0.0,0.0,0.0,-0.007847186440570919,-0.004520084858752105
2019-09-25,0.0,0.00014858394630358888,0.0,0.0,0.0,0.0,0.005915052356690653,0.0
2019-09-26,0.00021855712595475474,0.0018116264966991037,0.00021855712595475474,0.00021855712595475474,0.00021855712595475474,0.00021855712595475474,-0.002083083220909887,0.0
2019-09-27,0.0,-0.0020865837743330616,0.0,0.0,0.0,0.0,-0.005387084477708859,-0.004877883253166404
2019-09-30,0.0001086064368012174,0.00018266855567317114,0.0001086064368012174,0.0001086064368012174,0.0001086064368012174,0.0001086064368012174,0.004637222609464198,-0.0011309645593216011
2019-10-01,-0.007998246242830517,-0.001993498779427525,-3.280774789371499e-05,-0.012764930356764058,-0.008125452376192877,-0.032341900465007664,-0.011894560046163849,-0.012835300667364269
2019-10-02,-0.0004,-0.0008445476678865749,0.0,-0.012465161295066474,-0.0009601187413466442,-0.0006499945760760876,-0.017664627925536913,-0.007265694664596034
2019-10-03,0.0003288860257344428,0.0002488860257344428,0.0003288860257344428,0.005637089035036236,0.0003288860257344428,0.0003288860257344428,0.008192598956723751,0.0030815791133487203
2019-10-04,0.0,0.0,0.0,0.009070180730303967,0.0,0.0,0.01353206168013088,0.004608299780477054
2019-10-07,0.00010906095131457683,-0.000732152970823039,0.00010906095131457683,-0.0002909390486854232,0.00010906095131457683,0.00010906095131457683,-0.004314521249534353,-0.0022938422682928783
2019-10-08,0.0,6.189972678440903e-05,0.0,0.0,0.0,0.0,-0.015524711057641527,-0.00727926556378744
2019-10-09,0.0,-0.0005563753811381078,0.0,0.0,0.0,0.0,0.009496325900555824,0.0057890993804941004
2019-10-10,0.00021839715427818263,-0.0010032194262768357,0.00021839715427818263,0.00021839715427818263,0.00021839715427818263,0.00021839715427818263,0.006763554658378856,0.00306984206156824
2019-10-11,0.00010972284964894108,2.9722849648941086e-05,0.00010972284964894108,0.00010972284964894108,0.00010972284964894108,0.00010972284964894108,0.010366991760744515,-0.0015304855707682918
2019-10-14,-0.00010971081186594844,-0.0002904211160463443,-0.00010971081186594844,-0.00010971081186594844,-0.00010971081186594844,-0.00010971081186594844,-0.0011138752012361808,0.0
2019-10-15,0.00010972284964894108,0.002295866596116492,0.00010972284964894108,0.00010972284964894108,0.00010972284964894108,0.00010972284964894108,0.009900318130722896,0.0007666345121148943
2019-10-16,0.00010881399324036423,-0.001893989103384617,0.00010881399324036423,0.00010881399324036423,0.00010881399324036423,0.00010881399324036423,-0.001606241524287122,0.000382673903519537
2019-10-17,0.00010920069673225896,0.00020295895888393644,0.00010920069673225896,0.00010920069673225896,0.00010920069673225896,0.00010920069673225896,0.002949419801240305,0.0003827897049495377
2019-10-18,0.0,-0.002376616116339157,0.0,0.0,0.0,0.0,-0.004377112969333075,-0.003060446972724229
2019-10-21,0.00010948764762153118,0.005491306196474266,0.00010948764762153118,0.00010948764762153118,0.00010948764762153118,0.00010948764762153118,0.006779033300682746,0.002302469175830879
2019-10-22,0.0,-0.00624538156398244,0.0,0.0,0.0,0.0,-0.0032666540532944044,-0.0007660472338674174
2019-10-23,0.0,0.0024278132899179907,0.0,0.0,0.0,0.0,0.002909420775809579,-0.0034477554154170864
2019-10-24,0.0002188517088912434,0.004410616123482037,0.0002188517088912434,0.0002188517088912434,0.0002188517088912434,0.0002188517088912434,0.0016339823450473023,0.0023066313015980278
2019-10-25,0.0,0.004108896312301048,0.0,0.0,0.0,0.0,0.0040950935380521525,0.0023013229979356176
2019-10-28,-0.00010985007605845976,0.005469222557112574,-0.00010985007605845976,-0.00010985007605845976,-0.00010985007605845976,-0.00010985007605845976,0.005636346862789354,-0.0015308092401589146
2019-10-29,0.0002186286554934913,-0.0017135441875617107,0.0002186286554934913,0.0002186286554934913,0.0002186286554934913,0.0002186286554934913,-0.0002965109874902838,0.0022998218436771634
2019-10-30,0.00010924064309580928,0.003392286294896985,0.00010924064309580928,0.00010924064309580928,0.00010924064309580928,0.00010924064309580928,0.003067185816512552,0.005736231006474135
2019-10-31,0.00010902957011382775,-0.0018915392134526646,0.00010902957011382775,0.00010902957011382775,0.00010902957011382775,0.00010902957011382775,-0.002663329724113761,-0.0015208271702134013
2019-11-01,0.006446492962944865,0.008944109114189946,-1.0752429103200178e-05,0.007659249575228633,0.008498388193483449,0.013921751756392658,0.009264135507073501,0.006854363643383765
2019-11-04,-0.0002908815832205921,0.003396767317031491,0.0035000073563729696,0.00390000735637297,-0.0008440805915265206,-0.00048569386211160014,0.00401768979210293,0.00378232492064301
2019-11-05,-0.00010910651124962367,-0.0029938847300784227,1.201300684400275e-05,1.201300684400275e-05,-0.00010910651124962367,-0.00010910651124962367,-0.0011060860785631066,0.001130112092251112
2019-11-06,0.00010911841677940792,0.0011923059908918756,0.0019957874163558653,0.0019957874163558653,0.00010911841677940792,0.00010911841677940792,0.0002279274208960569,0.0037636474118156737
2019-11-07,0.00021900942039154714,0.005186079023801327,0.003633036248437471,-0.00018099057960845288,0.00021900942039154714,0.00021900942039154714,0.0035166226399550027,0.0037494498569199397
2019-11-08,0.0,0.0031673493635635324,0.003287731630832069,0.0,0.0,0.0,0.002466295723388079,0.0041091675382760595
2019-11-11,0.0,-0.0010192130155421532,-0.0007688615225001638,0.0,0.0,0.0,-0.00190983222183283,0.00037210917683250244
2019-11-12,0.00010908262112807598,0.002386992810745481,0.0021696494734425587,0.00010908262112807598,0.00010908262112807598,0.00010908262112807598,0.0021078140676240587,0.0022314848792610587
2019-11-13,0.0,-0.00012750621324340015,0.0016459450800904163,0.0,0.0,0.0,0.00032359700500728117,0.0029682931551735514
2019-11-14,0.00010907072340748947,0.0006028963698508693,0.0014679281769439667,0.00010907072340748947,0.00010907072340748947,0.00010907072340748947,0.0014559331507248974,0.001479923203163036
2019-11-15,-0.00010905882828227131,0.005664710291563858,0.005095726836874537,-0.00010905882828227131,-0.00010905882828227131,-0.00010905882828227131,0.007236149860047281,0.002955303813701793
2019-11-18,0.0002188380663989964,0.0012310526306882341,0.00018464767823223038,0.0002188380663989964,0.0002188380663989964,0.0002188380663989964,0.0007378721571202895,-0.00036857680065582876
2019-11-19,-0.00010974332697388789,0.0009551851391082168,-0.0003283659901959224,-0.00010974332697388789,-0.00010974332697388789,-0.00010974332697388789,-0.0002884399935907389,-0.00036829198680110586
2019-11-20,0.00010975537189361617,-0.004090096421493006,-0.0018594377453728383,0.00010975537189361617,0.00010975537189361617,0.00010975537189361617,-0.0037188754907456767,0.0
2019-11-21,0.0,-0.002052335679108608,-0.0009887911342217892,0.0,0.0,0.0,-0.0016089862455601622,-0.0003685960228834162
2019-11-22,0.00010924585042371149,0.0012114867953293418,-0.00036298629130010474,0.00010924585042371149,0.00010924585042371149,0.00010924585042371149,0.0022241355192631485,-0.002950108101863358
2019-11-25,0.0,0.00913416020166009,0.006463912363228075,0.0,0.0,0.0,0.007750050013410892,0.005177774713045258
2019-11-26,0.00010883597930444466,0.0008914633695863429,0.0013167934454725305,0.00010883597930444466,0.00010883597930444466,0.00010883597930444466,0.0022655849148247587,0.0003680019761203024
2019-11-27,0.00021874248041631184,0.0049372363180014926,0.004067680508277105,0.00021874248041631184,0.00021874248041631184,0.00021874248041631184,0.004457618877603098,0.0036777421389511122
2019-11-28,0.0,0.0004397386872725395,0.0010993467181813488,0.0,0.0,0.0,0.0,0.0021986934363626975
2019-11-29,0.0,-0.0034508311971464868,-0.00404825087300309,0.0,0.0,0.0,-0.0037085951745498003,-0.004387906571456379
2019-12-02,-0.005783486924489133,-0.008746957964256598,-0.006450867608081667,-0.0068508676080816676,-0.018533062450509438,-0.038500512573973016,-0.008494993251510818,-0.004406741964652516
2019-12-03,-0.0005087920590945312,-0.00829518898477748,-0.005381900872866496,-0.005381900872866496,-0.0012049377694884303,-0.0010567605362558105,-0.006706338196190487,-0.004057463549542506
2019-12-04,0.00010880389609457808,-0.00029119610390542194,0.0027146115253337544,0.0027146115253337544,0.00010880389609457808,0.00010880389609457808,0.006170133700903024,-0.0007409106502355156
2019-12-05,0.00021877744973308744,0.00021877744973308744,-2.750460812184219e-05,-2.750460812184219e-05,0.00021877744973308744,0.00021877744973308744,0.0017981329490632803,-0.0018531421653069646
2019-12-06,0.0,0.0,0.008651701838965908,-0.0004,0.0,0.0,0.009133897187693973,0.008169506490237843
2019-12-09,0.00010956364340275471,-0.00045352590118999717,-0.002677011579444444,0.00010956364340275471,0.00010956364340275471,0.00010956364340275471,-0.003143908139712104,-0.0022101150191767838
2019-12-10,0.0,6.59816241176614e-05,-0.0005576510419686986,0.0,0.0,0.0,-0.0011153020839373973,0.0
2019-12-11,0.0,-0.00046203313854948914,0.0014194799260771607,0.0,0.0,0.0,0.0028389598521543213,0.0
2019-12-12,0.0002188050460956159,0.004078477577298223,0.004678497185259145,0.0002188050460956159,0.0002188050460956159,0.0002188050460956159,0.008618713753410612,0.0007382806171076783
2019-12-13,-0.0002187571809206812,0.0003034345655267149,0.0015906798651895704,-0.0002187571809206812,-0.0002187571809206812,-0.0002187571809206812,0.0005991996313987613,0.0025821600989803795
2019-12-16,0.0002188050460956159,0.007295793949857243,0.005274548285380987,0.0002188050460956159,0.0002188050460956159,0.0002188050460956159,0.006869916996720127,0.0036791795740418465
2019-12-17,-0.00010903072579282469,0.0014727438755756106,0.0006594857977058055,-0.00010903072579282469,-0.00010903072579282469,-0.00010903072579282469,0.00021934745658569454,0.0010996241388259165
2019-12-18,0.000217985828833811,-0.0003085237704397281,-0.001067315212501696,0.000217985828833811,0.000217985828833811,0.000217985828833811,6.25366376261205e-05,-0.0021971670626295126
2019-12-19,0.0001099132619393206,0.004308892499024198,0.0027834395899811737,0.0001099132619393206,0.0001099132619393206,0.0001099132619393206,0.004098736017776883,0.0014681431621854646
2019-12-20,5.415564590993682e-05,0.003368806866695895,0.0034746472009475893,5.415564590993682e-05,5.415564590993682e-05,5.415564590993682e-05,0.004384166006148105,0.002565128395747074
2019-12-23,0.0,0.001346916375192775,0.0013121575290411247,0.0,0.0,0.0,0.001527906289249259,0.0010964087688329904
2019-12-24,0.00010959714256508768,0.0010904067616992032,0.001841171791963192,0.00010959714256508768,0.00010959714256508768,0.00010959714256508768,3.137242476425328e-05,0.0036509711591621308
2019-12-26,0.00010948578045977264,0.00542809732473395,0.00266146546942414,0.00010948578045977264,0.00010948578045977264,0.00010948578045977264,0.00532293093884828,0.0
2019-12-27,-0.00010947379463588369,-0.0017420895448734932,-0.0006695315050895267,-0.00010947379463588369,-0.00010947379463588369,-0.00010947379463588369,-0.00024767292162608534,-0.0010913900885529682
2019-12-30,0.00010948578045977264,-0.004658205965766383,-0.004058814137802125,0.00010948578045977264,0.00010948578045977264,0.00010948578045977264,-0.005513409849247086,-0.0026042184263571633
2019-12-31,0.0,0.0024272899739790524,0.00011123413675367955,0.0,0.0,0.0,0.0024293476203749442,-0.002206879346867585
2020-01-02,0.005670602002669779,0.011044714205893858,0.005781895586407404,0.005381895586407404,0.009856497879554383,0.043198383572885746,0.009352030737522332,0.002211760435292476
2020-01-03,-0.0004,-0.008502801107326442,-0.004889470864662737,-0.004889470864662737,-0.0011817511695622394,-0.0007663031857974231,-0.007572062382457889,-0.002206879346867585
2020-01-06,-0.00010913997106942741,0.0026644869945346766,0.003381786790449426,0.003381786790449426,-0.00010913997106942741,-0.00010913997106942741,0.0038148660669132806,0.002948707513985571
2020-01-07,0.0,-0.002643440342456316,0.0004317697250982855,0.0004317697250982855,0.0,0.0,-0.0028116124487220784,0.0036751518989186494
2020-01-08,0.00021860172563270552,0.00459294673212665,0.0026646566072404676,-0.0001813982743672945,0.00021860172563270552,0.00021860172563270552,0.005329313214480935,0.0
2020-01-09,0.00010932662346552213,0.006291838907034686,0.005770492786274173,0.00010932662346552213,0.00010932662346552213,0.00010932662346552213,0.006780699560246628,0.004760286012301718
2020-01-10,0.0,-0.001406443932482171,-0.0010744177719956283,0.0,0.0,0.0,-0.0028775396016583743,0.0007287040576671178
2020-01-13,0.0,0.006766856631678309,0.004895503466412654,0.0,0.0,0.0,0.006877405041093576,0.002913601891731732
2020-01-14,0.0,-0.0022105667721879696,0.0008714202449908726,0.0,0.0,0.0,-0.0015249967050965374,0.0032678371950782825
2020-01-15,0.0001089175256043795,0.0032224102080762765,0.002758765099008076,0.0001089175256043795,0.0001089175256043795,0.0001089175256043795,0.002260008774608746,0.0032575214234074057
2020-01-16,0.00021900263855489932,0.008661018655461917,0.006143184223887155,0.00021900263855489932,0.00021900263855489932,0.00021900263855489932,0.00831840786681326,0.00396796058096105
2020-01-17,-0.00010967585177934502,0.004012328980408553,0.003712155700713038,-0.00010967585177934502,-0.00010967585177934502,-0.00010967585177934502,0.0031124612877257984,0.004311850113700277
2020-01-20,0.0,0.0004293905668072196,0.0010734764170180489,0.0,0.0,0.0,0.0,0.0021469528340360977
2020-01-21,0.00010968788189136269,0.0011940299921654686,-0.0013361405752269073,0.00010968788189136269,0.00010968788189136269,0.00010968788189136269,-0.0019581633829397482,-0.0007141177675140664
2020-01-22,0.0,0.00014947365360320488,0.0005962103835005506,0.0,0.0,0.0,0.0001207621089531763,0.0010716586580479248
2020-01-23,0.00010908032679224355,0.0037869356948430524,0.0012872975952789023,0.00010908032679224355,0.00010908032679224355,0.00010908032679224355,0.001146949942723241,0.0014276452478345636
2020-01-24,0.0,-0.005660750267863169,-0.005871941008508186,0.0,0.0,0.0,-0.008892985227947348,-0.002850896789069024
2020-01-27,0.00010926691625035012,-0.014421410091495845,-0.0114101201422932,0.00010926691625035012,0.00010926691625035012,0.00010926691625035012,-0.016029455223778744,-0.006790785060807658
2020-01-28,0.0,0.003955722878768379,0.007038710101284318,0.0,0.0,0.0,0.010479053380931802,0.0035983668216368336
2020-01-29,0.0001097511407768259,0.0009903503018054982,-0.00023350487232709494,0.0001097511407768259,0.0001097511407768259,0.0001097511407768259,-0.0008258082330510064,0.0003587984883968165
2020-01-30,0.0,0.0015580155954896483,0.0014432028877565117,0.0,0.0,0.0,0.0032450755737283288,-0.0003586697982153053
2020-01-31,0.0,-0.009556160003124849,-0.013919287475401998,0.0,0.0,0.0,-0.018158006400702642,-0.009680568550101354
2020-02-03,0.00410517390223595,0.0029664704221879657,0.004981489951234264,0.0045814899512342635,-0.006782317125328797,0.020801944407790943,0.007428891226355594,0.0025340886761129333
2020-02-04,-0.0004,0.0048699873644857845,0.011593221822216115,0.011593221822216115,-0.0012050077436279272,-0.0005702924766966709,0.015241348727971449,0.007945094916460782
2020-02-05,0.00021926073613665054,0.0009139721797382452,0.009894194536739565,0.009894194536739565,0.00021926073613665054,0.00021926073613665054,0.011547542194527471,0.008240846878951658
2020-02-06,0.00010901118817829847,0.004116647910439513,0.004169968038152394,0.004169968038152394,0.00010901118817829847,0.00010901118817829847,0.0033650902663133753,0.004974845809991413
2020-02-07,0.0,-0.0036611364652898047,-0.005316603271006526,-0.0004,0.0,0.0,-0.00532953764794819,-0.005303668894064861
2020-02-10,-0.00010899930603447405,0.007508169509544293,0.006398549124858821,-0.00010899930603447405,-0.00010899930603447405,-0.00010899930603447405,0.007465150470069126,0.005331947779648516
2020-02-11,0.00010901118817829847,-0.00019645905652130317,0.0019274682909764529,0.00010901118817829847,0.00010901118817829847,0.00010901118817829847,0.001733116296154913,0.002121820285797993
2020-02-12,0.00010949520824565795,0.004852474176514089,0.0048093202780412625,0.00010949520824565795,0.00010949520824565795,0.00010949520824565795,0.006442729006431058,0.0031759115496514667
2020-02-13,0.00010898737243936196,-0.0010022587332400468,-0.000885078782495774,0.00010898737243936196,0.00010898737243936196,0.00010898737243936196,-0.0010667489557995014,-0.0007034086091920466
2020-02-14,0.0,0.002572821289623617,0.0020328323215291766,0.0,0.0,0.0,0.0016018818511067678,0.0024637827919515853
2020-02-18,0.00010937213059292183,-0.00248511625561072,-0.0007619592945058984,0.00010937213059292183,0.00010937213059292183,0.00010937213059292183,-0.002577139394114858,0.0010532208051030612
2020-02-19,0.0,0.006744539078589496,0.0039692585981174755,0.0,0.0,0.0,0.00478162247056324,0.0031568947256717106
2020-02-20,0.0,-0.004715568711418272,-0.0017046986208913428,0.0,0.0,0.0,-0.004108545557061194,0.0006991483152785083
2020-02-21,0.00021881948720881006,-0.011701854474971076,-0.007594665388701072,0.00021881948720881006,0.00021881948720881006,0.00021881948720881006,-0.01029784049396254,-0.0048914902834396035
2020-02-24,-0.00010933624473719039,-0.01632791084347582,-0.024658750193697565,-0.00010933624473719039,-0.00010933624473719039,-0.00010933624473719039,-0.033165753168030165,-0.016151747219364965
2020-02-25,0.0,-0.00588195276287999,-0.026036149765851002,0.0,0.0,0.0,-0.030302105188284245,-0.02177019434341776
2020-02-26,0.0002187955379986395,-0.0006992664751336842,-0.005852176664280173,0.0002187955379986395,0.0002187955379986395,0.0002187955379986395,-0.003678345350689227,-0.008026007977871119
2020-02-27,0.00021845033079759268,0.0002974468757217519,-0.0307307973169208,0.00021845033079759268,0.00021845033079759268,0.00021845033079759268,-0.044911333598736336,-0.016550261035105263
2020-02-28,-0.00010949859158060349,-0.00033283585387191563,-0.015750914779397385,-0.00010949859158060349,-0.00010949859158060349,-0.00010949859158060349,-0.004202007398188767,-0.027299822160606002
2020-03-02,0.026646847888826163,0.0004204804369419169,0.03011167954841998,0.029711679548419977,0.036102253793857446,0.04733037196376335,0.043306905533564644,0.016916453563275313
2020-03-03,-0.0001818361234598328,0.001830427488010589,-0.018664259755290846,-0.018664259755290846,-0.0007877813598117173,-0.00015210466360260073,-0.02863279205927749,-0.008695727451304203
2020-03-04,0.00043752028124921516,0.0009583241130660448,0.032458093597500515,0.032458093597500515,0.00043752028124921516,0.00043752028124921516,0.04203321094685131,0.022882976248149722
2020-03-05,0.0002184169444816586,0.0017514230940652187,-0.02370495450005322,-0.02370495450005322,0.0002184169444816586,0.0002184169444816586,-0.03324158802145816,-0.014168320978648286
2020-03-06,0.0,0.0018050337466704925,-0.019044601429154318,-0.0004,0.0,0.0,-0.016530853124231748,-0.021558349734076887
2020-03-09,0.0004368374866550173,0.00034946998932401386,-0.09103797962972138,0.0004368374866550173,0.0004368374866550173,0.0004368374866550173,-0.0780947233547512,-0.10398123590469155
2020-03-10,-0.00021787811648821265,-0.00047236093281608497,0.041834531739521674,-0.00021787811648821265,-0.00021787811648821265,-0.00021787811648821265,0.05174520213627698,0.03192386134276637
2020-03-11,0.00021792559770705822,-0.0028117426329564046,-0.04778575599545598,0.00021792559770705822,0.00021792559770705822,0.00021792559770705822,-0.04874892103333783,-0.04682259095757413
2020-03-12,0.00010992851381397273,-0.00882378782133435,-0.10836482422225718,0.00010992851381397273,0.00010992851381397273,0.00010992851381397273,-0.09567705140555882,-0.12105259703895555
2020-03-13,0.0002179531027846071,0.00013795310278460712,0.08915031685012031,0.0002179531027846071,0.0002179531027846071,0.0002179531027846071,0.08548635897388834,0.09281427472635229
2020-03-16,0.00010929900072031984,0.00010929900072031984,-0.10311364552067842,0.00010929900072031984,0.00010929900072031984,0.00010929900072031984,-0.10942371795832029,-0.09680357308303655
2020-03-17,0.0,0.0,0.04064610793839685,0.0,0.0,0.0,0.053991903964265786,0.027300311912527908
2020-03-18,0.00021798069763123706,0.00021798069763123706,-0.05976521410842223,0.00021798069763123706,0.00021798069763123706,0.00021798069763123706,-0.05063286026192182,-0.06889756795492263
2020-03-19,-0.0002179331924019312,-0.0002179331924019312,0.016390276402272086,-0.0002179331924019312,-0.0002179331924019312,-0.0002179331924019312,0.0021251368578230068,0.030655415946721165
2020-03-20,0.00032706994875963957,0.00032706994875963957,-0.033854789846601285,0.00032706994875963957,0.00032706994875963957,0.00032706994875963957,-0.04309421582583994,-0.024615363867362627
2020-03-23,-0.0002181071659573819,-0.0002181071659573819,-0.04038673196657244,-0.0002181071659573819,-0.0002181071659573819,-0.0002181071659573819,-0.025568300428111868,-0.05520516350503302
2020-03-24,0.0,0.0,0.10540166745583901,0.0,0.0,0.0,0.09060321627164303,0.12020011864003499
2020-03-25,0.0,0.0,0.028527765200905275,0.0,0.0,0.0,0.014970285498629332,0.04208524490318122
2020-03-26,0.0,0.0,0.03979721693912186,0.0,0.0,0.0,0.05838973699778949,0.021204696880454232
2020-03-27,-0.0002181547470709866,-0.0002181547470709866,-0.040140559420857425,-0.0002181547470709866,-0.0002181547470709866,-0.0002181547470709866,-0.029785709516268244,-0.050495409325446605
2020-03-30,0.0,0.0,0.030651462943492636,0.0,0.0,0.0,0.032475851662761235,0.028827074224224036
2020-03-31,0.00010929900072031984,0.00010929900072031984,0.004141585303972295,0.00010929900072031984,0.00010929900072031984,0.00010929900072031984,-0.014905435529822042,0.023188606137766632
2020-04-01,-0.0070612983696625225,-8.742964460339842e-05,-0.03902748647812737,-0.03942748647812737,-0.01360108247846978,-0.012090622444194947,-0.045004796666907265,-0.03305017628934748
2020-04-02,-0.00029109903232442635,0.00010890096767557367,0.01959443431232233,0.01959443431232233,-0.0003276574596791076,-3.6541512714027418e-06,0.023075408103044426,0.01611346052160023
2020-04-03,-0.0003273596299708803,-0.0003273596299708803,-0.012513034015606384,-0.012513034015606384,-0.0003273596299708803,-0.0003273596299708803,-0.014454291419276233,-0.010571776611936534
2020-04-06,0.00010922156484816092,0.00010922156484816092,0.058109441138882945,0.058109441138882945,0.00010922156484816092,0.00010922156484816092,0.06716634734514781,0.049052534932618075
2020-04-07,-0.00021822143005667538,-0.00021822143005667538,0.0014355052950431046,-0.0006182214300566753,-0.00021822143005667538,-0.00021822143005667538,0.001019159891798127,0.0018518506982880822
2020-04-08,0.00010903558715757988,0.00010903558715757988,0.02856815190520301,0.00010903558715757988,0.00010903558715757988,0.00010903558715757988,0.0335687212754725,0.023567582534933518
2020-04-09,-0.00021864099485013888,-0.00021864099485013888,0.01663783762537019,-0.00021864099485013888,-0.00021864099485013888,-0.00021864099485013888,0.015217099003879575,0.018058576246860802
2020-04-13,0.00021868880918907152,-0.006766732392804534,-0.008112610308304846,0.00021868880918907152,0.00021868880918907152,0.00021868880918907152,-0.009130179686741124,-0.007095040929868568
2020-04-14,0.00010922156484816092,0.023891452426813987,0.021222646686882785,0.00010922156484816092,0.00010922156484816092,0.00010922156484816092,0.029493319919521976,0.012951973454243593
2020-04-15,-0.00010920963680083329,-0.02361399446422944,-0.020544990706122757,-0.00010920963680083329,-0.00010920963680083329,-0.00010920963680083329,-0.021248552269308663,-0.01984142914293685
2020-04-16,-0.00010902369969456593,0.0022789920800702973,-0.0007365882994951334,-0.00010902369969456593,-0.00010902369969456593,-0.00010902369969456593,0.004824565397866909,-0.006297741996857176
2020-04-17,0.0002182690610432747,0.027294274888936168,0.030483900796246965,0.0002182690610432747,0.0002182690610432747,0.0002182690610432747,0.027015578509964833,0.0339522230825291
2020-04-20,-0.00010920963680083329,-0.01223009498295995,-0.007933481762373296,-0.00010920963680083329,-0.00010920963680083329,-0.00010920963680083329,-0.01761817745001948,0.0017512139252728876
2020-04-21,0.0,-0.03431833219006169,-0.030260318047583445,0.0,0.0,0.0,-0.03036314260638817,-0.03015749348877872
2020-04-22,0.0,0.025282217968592136,0.023715585101312886,0.0,0.0,0.0,0.022194489472068923,0.02523668073055685
2020-04-23,0.00010922156484816092,-0.0031778904078363594,-0.0013545322618205846,0.00010922156484816092,0.00010922156484816092,0.00010922156484816092,-7.185137010434772e-05,-0.0026372131535368215
2020-04-24,-0.00010920963680083329,0.015366799827673548,0.012698735239423775,-0.00010920963680083329,-0.00010920963680083329,-0.00010920963680083329,0.013938736252891326,0.011458734225956224
2020-04-27,0.0,0.01606516029697094,0.014834538631843475,0.0,0.0,0.0,0.014418518976818007,0.015250558286868943
2020-04-28,0.0,-0.0031537894727999834,0.0028509296761110026,0.0,0.0,0.0,-0.0045985623970268286,0.010300421749248834
2020-04-29,-0.00010902369969456593,0.032293701586928146,0.027957485832484363,-0.00010902369969456593,-0.00010902369969456593,-0.00010902369969456593,0.026178517286504333,0.029736454378464394
2020-04-30,0.0002182690610432747,-0.013494892558776119,-0.0186816366160808,0.0002182690610432747,0.0002182690610432747,0.0002182690610432747,-0.009310853577399913,-0.028052419654761684
2020-05-01,-0.01461563758661346,-0.02520672697332376,-0.019178982631576802,-0.019578982631576803,-0.0074926300827472675,-0.01684714487091577,-0.026473236123061183,-0.01188472914009242
2020-05-04,-0.0004,0.005185058816733435,-0.0004,0.005030495183958261,-0.00041538633794178416,-0.00027032719280032665,0.002758518250687292,0.007302472117229231
2020-05-05,0.0,0.007422011452590738,0.0,0.0076046069285157225,0.0,0.0,0.009239213044174965,0.00597000081285648
2020-05-06,0.00010932765766136221,-0.0025443430880756294,0.00010932765766136221,-0.0025416012542071043,0.00010932765766136221,0.00010932765766136221,-0.00677883508288768,0.0016956325744734713
2020-05-07,-0.00010931570643124555,0.012678125244654349,-0.00010931570643124555,-0.0005093157064312455,-0.00010931570643124555,-0.00010931570643124555,0.012066496231364132,0.0
2020-05-08,0.0,0.015153594338248144,0.0,0.0,0.0,0.0,0.016546413329782128,0.009310334846541757
2020-05-11,0.00010932765766136221,0.0011448003717021038,0.00010932765766136221,0.00010932765766136221,0.00010932765766136221,0.00010932765766136221,0.00020520921836686412,0.009223981977034779
2020-05-12,0.0,-0.020758687171247403,0.0,0.0,0.0,0.0,-0.019931365170384296,-0.01620229153429198
2020-05-13,0.0,-0.014549572860100224,0.0,0.0,0.0,0.0,-0.017686114228563476,-0.024915635321852925
2020-05-14,0.0001091178499490475,0.004724062907009134,0.0001091178499490475,0.0001091178499490475,0.0001091178499490475,0.0001091178499490475,0.011967294980482768,0.0021651221002412235
2020-05-15,-0.00021840972398079472,0.0021780225561776946,-0.00021840972398079472,-0.00021840972398079472,-0.00021840972398079472,-0.00021840972398079472,0.004596737759825054,0.00907555304878227
2020-05-18,0.0,0.008626409801554314,0.0,0.0,0.0,0.0,0.03046001199849324,0.0
2020-05-19,0.0,-0.009046232891536362,0.0,0.0,0.0,0.0,-0.010271272851424262,0.01670217255303763
2020-05-20,0.0,0.019753218446730926,0.0,0.0,0.0,0.0,0.016988078249582816,0.007582087245673996
2020-05-21,0.00010932765766136221,-0.009528749882295729,0.00010932765766136221,0.00010932765766136221,0.00010932765766136221,0.00010932765766136221,-0.006903668557549314,-0.006689052572190213
2020-05-22,-0.00010931570643124555,0.0005367105014108419,-0.00010931570643124555,-0.00010931570643124555,-0.00010931570643124555,-0.00010931570643124555,0.0018987600381332737,0.0008417975563237423
2020-05-25,0.0,0.0,0.0,0.0,0.0,0.0,0.0,0.012194996597072016
2020-05-26,0.00010932765766136221,0.006775670709352868,0.00010932765766136221,0.00010932765766136221,0.00010932765766136221,0.00010932765766136221,0.012320465491881372,0.004154593782783156
2020-05-27,-0.00010931570643124555,0.00754571432129465,-0.00010931570643124555,-0.00010931570643124555,-0.00010931570643124555,-0.00010931570643124555,0.014879171763683585,0.008274901876626162
2020-05-28,0.0,-0.006794695786202665,0.0,0.0,0.0,0.0,-0.0018447592793651157,0.0
2020-05-29,0.0,0.005722259138926745,0.0,0.0,0.0,0.0,0.004455687235760175,-0.006565352620730325
2020-06-01,0.002835250280596273,0.004976697112311169,0.00010932765766136221,0.004099184911482601,0.006711637984920906,-0.004385904292157394,0.004041744348350029,0.004956625474615173
2020-06-02,-0.0004,0.01045438028682546,0.0,0.009483295722621188,-0.0004111642964252129,-0.0004973390445185112,0.008280250752829232,0.010686340692413143
2020-06-03,0.0,0.010566484244522644,0.0,0.012550708725960869,0.0,0.0,0.013307945971331891,0.011793471480589846
2020-06-04,0.0,-0.004132244913074024,0.0,-0.0027200286921401085,0.0,0.0,-0.0026264421762643986,-0.0028136152080158183
2020-06-05,-0.00021882926934468916,0.02853920889893684,-0.00021882926934468916,-0.0006188292693446891,-0.00021882926934468916,-0.00021882926934468916,0.025629546295649064,0.02136249710419258
2020-06-08,0.0001095375329318582,0.013926982354659046,0.0001095375329318582,0.0001095375329318582,0.0001095375329318582,0.0001095375329318582,0.012087533201839307,0.007497688665473623
2020-06-09,0.0,-0.01038931108326514,0.0,0.0,0.0,0.0,-0.007456808838431694,-0.008616913337475274
2020-06-10,0.00010932765766136221,-0.010651258361051009,0.00010932765766136221,0.00010932765766136221,0.00010932765766136221,0.00010932765766136221,-0.005579943041604807,-0.008297263283542522
2020-06-11,-0.00021882926934468916,-0.06700662943419573,-0.00021882926934468916,-0.00021882926934468916,-0.00021882926934468916,-0.00021882926934468916,-0.05764882436418606,-0.041434410169604585
2020-06-12,0.0002188771660749378,0.009107807310475629,0.0002188771660749378,0.0002188771660749378,0.0002188771660749378,0.0002188771660749378,0.011975483022479194,0.014962677656981116
2020-06-15,0.0,0.0056877149038457205,0.0,0.0,0.0,0.0,0.009335566939981055,0.005732955868664735
2020-06-16,0.0,0.013278115497902922,0.0,0.0,0.0,0.0,0.01924802565868644,0.010993592450642131
2020-06-17,0.0,-0.00586026522034171,0.0,0.0,0.0,0.0,-0.004154034169241538,-0.005638471988631877
2020-06-18,-0.00010931570643124555,0.004304918869664643,-0.00010931570643124555,-0.00010931570643124555,-0.00010931570643124555,-0.00010931570643124555,0.0003848943697770668,0.0032404487054600306
2020-06-19,0.0,-0.004448376043868963,0.0,0.0,0.0,0.0,-0.005714934176786035,-0.0016150363240582388
2020-06-22,0.0,0.007331693253860205,0.0,0.0,0.0,0.0,0.006415187811390055,0.004043714152310418
2020-06-23,0.0,0.0031118259293469344,0.0,0.0,0.0,0.0,0.004603865309468436,0.0044300538116381905
2020-06-24,0.0,-0.020017909427024905,0.0,0.0,0.0,0.0,-0.025508937319294822,-0.019457212897287857
2020-06-25,0.00010932765766136221,0.004608849138596929,0.00010932765766136221,0.00010932765766136221,0.00010932765766136221,0.00010932765766136221,0.010720682186593278,0.011138666294482125
2020-06-26,-0.00010931570643124555,-0.008466546056455602,-0.00010931570643124555,-0.00010931570643124555,-0.00010931570643124555,-0.00010931570643124555,-0.023751686298458474,-0.01754371963495427
2020-06-29,0.0,0.00442728291748593,0.0,0.0,0.0,0.0,0.014698058780086454,0.01536516912015573
2020-06-30,0.0,0.007863568056297378,0.0,0.0,0.0,0.0,0.012809299199002533,0.00777101855645812
2020-07-01,0.002439097911930266,0.002659838331321174,0.0,0.0031022777513290524,0.0026665516598866723,0.0034997117336277713,0.007004555502658105,0.0
2020-07-02,-0.0002906723423386378,0.002447429198079743,0.00010932765766136221,0.005797315657021018,-0.0005932635174430686,-0.0006522086208695119,0.005506910103924012,0.0060877212101180245
2020-07-03,0.0,0.00011938967310087811,0.0,-0.0010083911847637017,0.0,0.0,0.0,-0.0020167823695274034
2020-07-06,-0.00010931570643124555,0.008487987081242921,-0.00010931570643124555,0.010952395510249402,-0.00010931570643124555,-0.00010931570643124555,0.015437362575781322,0.006467428444717482
2020-07-07,0.0,-0.003052391033192792,0.0,-0.0004,0.0,0.0,-0.010313602499806063,-0.004819536100457156
2020-07-08,0.0,0.00500760681850041,0.0,0.0,0.0,0.0,0.0076488149960496354,0.0020177755132795294
2020-07-09,0.0,0.0026475485490076614,0.0,0.0,0.0,0.0,-0.005692987431785368,-0.0032219038613967577
2020-07-10,0.00010932765766136221,0.0013536362890085307,0.00010932765766136221,0.00010932765766136221,0.00010932765766136221,0.00010932765766136221,0.010210191027748339,0.009696954238495037
2020-07-13,0.0,-0.01095279513458773,0.0,0.0,0.0,0.0,-0.008658608518559041,-0.005202005907282703
2020-07-14,0.0,0.00997174065951687,0.0,0.0,0.0,0.0,0.012958942823085406,0.017699175181204563
2020-07-15,0.0,0.005443660062035561,0.0,0.0,0.0,0.0,0.009187340468697958,0.009090783691975801
2020-07-16,-0.00010931570643124555,-0.004310821031833467,-0.00010931570643124555,-0.00010931570643124555,-0.00010931570643124555,-0.00010931570643124555,-0.0032936541480901305,-0.0023501289950211834
2020-07-17,0.00010932765766136221,0.0031438863363675517,0.00010932765766136221,0.00010932765766136221,0.00010932765766136221,0.00010932765766136221,0.0028990765185132883,0.007067082608424258
2020-07-20,0.0,0.013321304533470314,0.0,0.0,0.0,0.0,0.008081671231104481,0.003118730128798042
2020-07-21,0.0,-0.003781419140440789,0.0,0.0,0.0,0.0,0.002127446957385981,-0.0011658445137491258
2020-07-22,-0.00010931570643124555,0.0035437478864905007,-0.00010931570643124555,-0.00010931570643124555,-0.00010931570643124555,-0.00010931570643124555,0.00569217823317647,0.0007782521846717572
2020-07-23,0.00010932765766136221,-0.01473115781116139,0.00010932765766136221,0.00010932765766136221,0.00010932765766136221,0.00010932765766136221,-0.011931773480721275,-0.00933150447726061
2020-07-24,-0.00010931570643124555,-0.006808924718986185,-0.00010931570643124555,-0.00010931570643124555,-0.00010931570643124555,-0.00010931570643124555,-0.0064406159489922565,-0.0015695949429591627
2020-07-27,0.0,0.0054105512167492405,0.0,0.0,0.0,0.0,0.007292649269784901,0.010613169011217005
2020-07-28,0.00010932765766136221,-0.0029754749009832664,0.00010932765766136221,0.00010932765766136221,0.00010932765766136221,0.00010932765766136221,-0.0063421366333208384,-0.0019448736605920391
2020-07-29,0.0,0.01264822275519676,0.0,0.0,0.0,0.0,0.012298548648475238,0.010522263492058759
2020-07-30,-0.00010931570643124555,-0.0021271364155380336,-0.00010931570643124555,-0.00010931570643124555,-0.00010931570643124555,-0.00010931570643124555,-0.003568039878548479,0.0003857602683383643
2020-07-31,0.00010932765766136221,-0.002130193375802425,0.00010932765766136221,0.00010932765766136221,0.00010932765766136221,0.00010932765766136221,0.007902223234226069,-0.00848113965512276
2020-08-03,0.005455446040931217,0.001993889073118593,-0.00010931570643124555,0.003076117234593512,0.002089537932833531,0.013120060685170588,0.006952234469187024,0.0
2020-08-04,-0.0002906723423386378,0.008350077130454325,0.00010932765766136221,0.008346513719563409,-0.0009081069646535039,-0.000871944357309283,0.0038626301019670795,0.012830397337159738
2020-08-05,-0.00010931570643124555,0.005123482448927663,-0.00010931570643124555,0.007136361040503414,-0.00010931570643124555,-0.00010931570643124555,0.006211206939395142,0.008061515141611686
2020-08-06,0.0,0.0031582727788357803,0.0,0.0058173841931297154,0.0,0.0,0.0066843445745203844,0.0049504238117390464
2020-08-07,0.00010932765766136221,0.0054430050607623855,0.00010932765766136221,-0.0002906723423386378,0.00010932765766136221,0.00010932765766136221,0.0007179166441584339,-0.0018945910617045314
2020-08-10,0.0,0.0033013741302882595,0.0,0.0,0.0,0.0,0.0029886616275220934,0.0030372854190889864
2020-08-11,-0.00010931570643124555,-0.007959841764504351,-0.00010931570643124555,-0.00010931570643124555,-0.00010931570643124555,-0.00010931570643124555,-0.00825432150555605,-0.0060560923669981115
2020-08-12,0.0,0.006095009525499595,0.0,0.0,0.0,0.0,0.013942003511788537,0.005331251688712291
2020-08-13,0.00010932765766136221,-0.0038277148838134914,0.00010932765766136221,0.00010932765766136221,0.00010932765766136221,0.00010932765766136221,-0.0018072699725281138,-0.0026514058850264366
2020-08-14,-0.00010931570643124555,-0.00011857548970621856,-0.00010931570643124555,-0.00010931570643124555,-0.00010931570643124555,-0.00010931570643124555,2.9416513131819144e-05,0.0
2020-08-17,0.0,0.004888288724697132,0.0,0.0,0.0,0.0,0.0031765948249316,0.007975701269743452
2020-08-18,0.00010932765766136221,-0.0009656499043061517,0.00010932765766136221,0.00010932765766136221,0.00010932765766136221,0.00010932765766136221,0.002160450574078654,-0.0018838828640781458
2020-08-19,0.0,-0.006206607050098079,0.0,0.0,0.0,0.0,-0.004163821877669394,-0.0026425650502562847
2020-08-20,0.0,0.002877021323629183,0.0,0.0,0.0,0.0,0.003113371716811697,0.0018923553370822077
2020-08-21,0.0,0.0019473017146007714,0.0,0.0,0.0,0.0,0.0035473755670736296,-0.005666595203359326
2020-08-24,0.0,0.008392644558866014,0.0,0.0,0.0,0.0,0.010133613527571583,0.006458976769168734
2020-08-25,-0.00010931570643124555,0.003574046387602925,-0.00010931570643124555,-0.00010931570643124555,-0.00010931570643124555,-0.00010931570643124555,0.0034989883200198246,0.00037735345583000957
2020-08-26,0.0,0.011046977771770973,0.0,0.0,0.0,0.0,0.010025575043657087,0.009811263589288632
2020-08-27,0.0,-0.00020569986693654843,0.0,0.0,0.0,0.0,0.0021866908659819995,-0.003363244437323054
2020-08-28,0.00010932765766136221,0.005606090580319334,0.00010932765766136221,0.00010932765766136221,0.00010932765766136221,0.00010932765766136221,0.006459281392577454,-0.0007498634793399184
2020-08-31,0.0,-0.00318726189191898,0.0,0.0,0.0,0.0,-0.0036225520786760113,-0.012757912609086874
2020-09-01,0.007228344345951547,0.011332781818022122,0.0,0.008870335259788599,0.011903455491118762,0.02855186460121268,0.009418593642057882,0.009122076877519314
2020-09-02,-0.0004,0.008155870285409119,0.0,0.008926814473705691,-0.0010144793248891386,-0.0006223832684552477,0.014463866836073924,0.0033897621113374576
2020-09-03,-0.00010931570643124555,-0.03746855427800253,-0.00010931570643124555,-0.02471452038128974,-0.00010931570643124555,-0.00010931570643124555,-0.034414049551710346,-0.015014991210869133
2020-09-04,0.00010932765766136221,-0.005630676297332702,0.00010932765766136221,-0.010942241016392795,0.00010932765766136221,0.00010932765766136221,-0.008164991919535347,-0.013719490113250243
2020-09-08,0.0,-0.02925932676936627,0.0,-0.0004,0.0,0.0,-0.02732257986816433,-0.00772804854921294
2020-09-09,-0.00010931570643124555,0.0017017567098191317,-0.00010931570643124555,-0.00010931570643124555,-0.00010931570643124555,-0.00010931570643124555,0.01974715761664858,0.01830213052965135
2020-09-10,0.0,-0.0028123620711496323,0.0,0.0,0.0,0.0,-0.017363428030410133,-0.011854560371852063
2020-09-11,-0.00010952553577481261,-0.0001895255357748126,-0.00010952553577481261,-0.00010952553577481261,-0.00010952553577481261,-0.00010952553577481261,0.0005088511011559493,0.0023220206405467625
2020-09-14,0.0002188771660749378,-8.25220402961157e-05,0.0002188771660749378,0.0002188771660749378,0.0002188771660749378,0.0002188771660749378,0.013171419711557553,0.009266307934700402
2020-09-15,-0.00021882926934468916,-0.0002343420196358581,-0.00021882926934468916,-0.00021882926934468916,-0.00021882926934468916,-0.00021882926934468916,0.005052310931445536,0.003442845005816819
2020-09-16,0.0002188771660749378,-0.00012140624487291254,0.0002188771660749378,0.0002188771660749378,0.0002188771660749378,0.0002188771660749378,-0.003968574825920612,-0.007624591978568573
2020-09-17,0.0,-0.0038589270466891402,0.0,0.0,0.0,0.0,-0.008795423656802415,-0.002689349669768415
2020-09-18,-0.00021882926934468916,-0.004761595260507479,-0.00021882926934468916,-0.00021882926934468916,-0.00021882926934468916,-0.00021882926934468916,-0.011512578839762866,-0.0034668881739545743
2020-09-21,0.0,0.00015756399670031847,0.0,0.0,0.0,0.0,-0.011129582665106552,-0.012369607065783939
2020-09-22,0.0,-5.9313764531809815e-05,0.0,0.0,0.0,0.0,0.010184213862838076,0.00939350669021577
2020-09-23,0.0,-5.934490942958171e-05,0.0,0.0,0.0,0.0,-0.023190902550163872,-0.018999516905922498
2020-09-24,0.0001095375329318582,-8.486011971275964e-05,0.0001095375329318582,0.0001095375329318582,0.0001095375329318582,0.0001095375329318582,0.0026656439345424943,0.004782699343349739
2020-09-25,-0.00010952553577481261,-0.0001471155825320203,-0.00010952553577481261,-0.00010952553577481261,-0.00010952553577481261,-0.00010952553577481261,0.01616672521403295,0.010313481824923532
2020-09-28,0.0001095375329318582,2.9537532931858202e-05,0.0001095375329318582,0.0001095375329318582,0.0001095375329318582,0.0001095375329318582,0.01660964649905816,0.010993192889087178
2020-09-29,0.0,0.0,0.0,0.0,0.0,0.0,-0.005446387478197701,-0.0015535140518672108
2020-09-30,-0.00010952553577481261,-0.00010952553577481261,-0.00010952553577481261,-0.00010952553577481261,-0.00010952553577481261,-0.00010952553577481261,0.007582288430438622,-0.005056540655701491
2020-10-01,0.006562388246359122,0.0,0.0,0.004960222528919101,0.007234737391675147,0.011024278384537579,0.006419996002471118,0.004300449055367084
2020-10-02,-0.0004,0.0,0.0,-0.0045527273282481295,-0.001023249377873157,-0.0003163936011174511,-0.00949467590509323,0.0003892212485969715
2020-10-05,0.0,0.0,0.0,0.015675891620290816,0.0,0.0,0.01773313890528727,0.013618644335294361
2020-10-06,0.0001095375329318582,-0.0028169097938991424,0.0001095375329318582,-0.012482223532464976,0.0001095375329318582,0.0001095375329318582,-0.014216013617498802,-0.01074843344743115
2020-10-07,-0.00010952553577481261,0.00670740081634631,-0.00010952553577481261,-0.0005095255357748126,-0.00010952553577481261,-0.00010952553577481261,0.017406691338152314,0.012029427393507763
2020-10-08,0.0,0.005347385734813672,0.0,0.0,0.0,0.0,0.008862651709188318,0.0069018913089047285
2020-10-09,0.0,0.0063410691589669554,0.0,0.0,0.0,0.0,0.008930345894287539,0.0019041157710446566
2020-10-12,0.0001095375329318582,0.012235410053480899,0.0001095375329318582,0.0001095375329318582,0.0001095375329318582,0.0001095375329318582,0.016087261654117446,0.0
2020-10-13,-0.00010952553577481261,-0.008365745861658858,-0.00010952553577481261,-0.00010952553577481261,-0.00010952553577481261,-0.00010952553577481261,-0.006525762150579539,-0.003040895749658268
2020-10-14,0.0,-0.006976460890111792,0.0,0.0,0.0,0.0,-0.006283748114630505,-0.0038122515285942127
2020-10-15,0.0,0.003058055128420412,0.0,0.0,0.0,0.0,-0.0012358957711456897,0.0030614217080773276
2020-10-16,0.0001095375329318582,-0.0017152734000455581,0.0001095375329318582,0.0001095375329318582,0.0001095375329318582,0.0001095375329318582,-0.0006042752904216186,-0.003433661353151596
2020-10-19,0.0,-0.014051696465242028,0.0,0.0,0.0,0.0,-0.015203357703969744,-0.009571270608938809
2020-10-20,-0.00010952553577481261,0.0033206487170554634,-0.00010952553577481261,-0.00010952553577481261,-0.00010952553577481261,-0.00010952553577481261,0.00400560394665761,-0.0011594541269178693
2020-10-21,0.0,-0.0039097089988810564,0.0,0.0,0.0,0.0,-0.0018929226531598786,-0.002322197205822052
2020-10-22,0.0001095375329318582,0.008199291549015487,0.0001095375329318582,0.0001095375329318582,0.0001095375329318582,0.0001095375329318582,0.005485277253135523,0.0031033272973519654
2020-10-23,0.0,0.0028737398375971333,0.0,0.0,0.0,0.0,0.003395635985676826,0.003093470722417946
2020-10-26,0.0,-0.01979757493804948,0.0,0.0,0.0,0.0,-0.018480161760835778,-0.014649053108362509
2020-10-27,-0.00010952553577481261,-0.005669776581501744,-0.00010952553577481261,-0.00010952553577481261,-0.00010952553577481261,-0.00010952553577481261,-0.0034473754462025497,-0.0031301239458018104
2020-10-28,0.0,-0.00016,0.0,0.0,0.0,0.0,-0.03417913866255784,-0.027472377260771785
2020-10-29,0.0001095375329318582,0.0001095375329318582,0.0001095375329318582,0.0001095375329318582,0.0001095375329318582,0.0001095375329318582,0.01016377017572534,0.006053342753420177
2020-10-30,0.0,0.0,0.0,0.0,0.0,0.0,-0.010424697834700458,-0.00521465834146384
2020-11-02,0.0066271261525986625,0.0,0.0,0.008631567221549298,0.021595895609869378,0.017120062917733915,0.011208206130075782,0.006854928313022812
2020-11-03,-0.0004,0.0,0.01643747453339923,0.016837474533399233,-0.0010126223063634545,-0.00041427633884590103,0.01765603213778899,0.016018916929009475
2020-11-04,-0.00010952553577481261,-0.00010952553577481261,0.012751388722470947,0.012751388722470947,-0.00010952553577481261,-0.00010952553577481261,0.022349210627409022,0.0031535668175328713
2020-11-05,0.0001095375329318582,0.0001095375329318582,0.018985092027049233,0.018985092027049233,0.0001095375329318582,0.0001095375329318582,0.019502629622014656,0.01846755443208381
2020-11-06,-0.00010952553577481261,-0.0017320932092217058,-0.00011412330028376383,-0.0005095255357748126,-0.00010952553577481261,-0.00010952553577481261,-0.00022824660056752766,0.0
2020-11-09,0.0001095375329318582,0.0031475117889220436,0.011684041299647063,0.0001095375329318582,0.0001095375329318582,0.0001095375329318582,0.01256557225305377,0.010802510346240357
2020-11-10,-0.00010952553577481261,0.007109329686314833,0.0038468406561856794,-0.00010952553577481261,-0.00010952553577481261,-0.00010952553577481261,-0.0014665504274491425,0.009160231739820501
2020-11-11,0.0,0.003017102066838917,0.008441894778619674,0.0,0.0,0.0,0.0074283587102959014,0.009455430846943447
2020-11-12,0.0,-0.015730975441457785,-0.01028327322330902,0.0,0.0,0.0,-0.00970096540476384,-0.0108655810418542
2020-11-13,0.0001095375329318582,0.019255227082501894,0.009952686941527844,0.0001095375329318582,0.0001095375329318582,0.0001095375329318582,0.013844565399510289,0.006060808483545399
2020-11-16,0.0,0.02642136324975435,0.01264179414191302,0.0,0.0,0.0,0.012482549832406598,0.012801038451419444
2020-11-17,0.0,0.0009841745734126218,-0.0012022066667243814,0.0,0.0,0.0,-0.005378203432986894,0.0029737900995381317
2020-11-18,0.0,-0.014382883032537054,-0.007685105054316521,0.0,0.0,0.0,-0.012034707522074362,-0.0033355025865586807
2020-11-19,0.0,0.00787511348135288,0.0030347575030973406,0.0,0.0,0.0,0.004210174474054806,0.0018593405321398748
2020-11-20,0.0,-0.005329553681362476,-0.0002688352277402384,0.0,0.0,0.0,-0.006847744874362238,0.0063100744188817615
2020-11-23,0.0,0.022829505559594974,0.005026062040094925,0.0,0.0,0.0,0.005994215806073955,0.004057908274115896
2020-11-24,0.0,0.02707604404767663,0.013567386753155164,0.0,0.0,0.0,0.016113737336654,0.011021036169656329
2020-11-25,-0.00010952553577481261,-0.005124611386143218,0.0006827422698399421,-0.00010952553577481261,-0.00010952553577481261,-0.00010952553577481261,-0.001541629587438531,0.0029071141271184153
2020-11-26,0.0,0.0,0.0009057948587495313,0.0,0.0,0.0,0.0,0.0018115897174990625
2020-11-27,0.0001095375329318582,0.0002824337892674447,0.003019894388365141,0.0001095375329318582,0.0001095375329318582,0.0001095375329318582,0.002784951505439226,0.0032548372712910556
2020-11-30,-0.00010952553577481261,-0.019307230906802045,-0.0070800957195395475,-0.00010952553577481261,-0.00010952553577481261,-0.00010952553577481261,-0.00442712001498613,-0.009733071424092965
2020-12-01,0.007874542004931385,0.010616470349793473,0.007288773182053898,0.006888773182053898,0.0020867361057872605,0.012245333979983394,0.010937381061667306,0.00364016530244049
2020-12-02,-0.0002904540880910741,0.009574689789871105,0.0030468795502065493,0.0030468795502065493,-0.0008901818619270175,-0.0003072787227911409,0.002103716496675734,0.003990042603737365
2020-12-03,0.0,0.003522732769655957,0.0009474318325837228,0.0009474318325837228,0.0,0.0,-0.0002725697714274222,0.0021674334365948678
2020-12-04,0.00010913812641999421,0.020538350567444977,0.007913936874074712,0.007913936874074712,0.00010913812641999421,0.00010913812641999421,0.008617767393279463,0.007210106354869961
2020-12-07,-0.00021864817648409307,-0.005143922356232511,0.0005828687342274708,-0.000618648176484093,-0.00021864817648409307,-0.00021864817648409307,-0.002055158274138269,0.0032208957425932105
2020-12-08,0.0,0.00673604458763688,0.003425395470930015,0.0,0.0,0.0,0.0029264648465621157,0.003924326095297914
2020-12-09,0.0,-0.00781886427535219,-0.0064390927969319445,0.0,0.0,0.0,-0.008969199634173752,-0.003908985959690137
2020-12-10,0.0,0.009163151042632945,0.0007284539632582132,0.0,0.0,0.0,-0.0003270482487488513,0.0017839561752652777
2020-12-11,0.00010954591190892593,-0.005985543307646335,-0.002010720163989177,0.00010954591190892593,0.00010954591190892593,0.00010954591190892593,-0.001172538795796929,-0.002848901532181425
2020-12-14,-0.00010953391291645964,-0.00853330173367144,-0.006703057974229321,-0.00010953391291645964,-0.00010953391291645964,-0.00010953391291645964,-0.004477331532392825,-0.008928784416065816
2020-12-15,0.0,0.017187859149099705,0.010543662707994894,0.0,0.0,0.0,0.013519648783115734,0.007567676632874054
2020-12-16,0.00010954591190892593,5.559793739535741e-05,0.002215410636456916,0.00010954591190892593,0.00010954591190892593,0.00010954591190892593,0.001569534999692701,0.002861286273221131
2020-12-17,0.0,0.004421951890930176,0.005470434475166819,0.0,0.0,0.0,0.0055915390945415755,0.005349329855792062
2020-12-18,0.0,-0.00745479081333984,-0.005898479277203994,0.0,0.0,0.0,-0.003992775585529462,-0.007804182968878526
2020-12-21,0.0,-0.0023537340195165513,-0.0021451093023548973,0.0,0.0,0.0,-0.003575231515380972,-0.0007149870893288224
2020-12-22,0.0,0.00045104433392896505,0.00040936858007589727,0.0,0.0,0.0,-0.0016857447622682376,0.002504481922420032
2020-12-23,-0.00010953391291645964,0.0025822085893941445,0.0015200390833013389,-0.00010953391291645964,-0.00010953391291645964,-0.00010953391291645964,0.0008987085963776398,0.002141369570225038
2020-12-24,0.00010954591190892593,0.003132751227419828,0.0031916586091634835,0.00010954591190892593,0.00010954591190892593,0.00010954591190892593,0.0038904302479654262,0.002492886970361541
2020-12-28,0.0,0.006220001946789644,0.004295532263453139,0.0,0.0,0.0,0.008591064526906278,0.0
2020-12-29,0.0,-0.005713669523765708,-0.0032630468523413003,0.0,0.0,0.0,-0.001907925401132382,-0.004618168303550219
2020-12-30,-0.00010953391291645964,0.003117700510946575,0.001647746548404605,-0.00010953391291645964,-0.00010953391291645964,-0.00010953391291645964,0.0014268002204524954,0.0018686928763567145
2020-12-31,0.00010954591190892593,0.003916954658634553,-0.0012257140011175949,0.00010954591190892593,0.00010954591190892593,0.00010954591190892593,0.0050807808460233694,-0.007532208848258559
2021-01-04,-0.005630654319709545,-0.01413301588269893,-0.00391593515807781,-0.00431593515807781,-0.011956029695031315,-0.03459781357786008,-0.013614197450826704,0.005782327134671084
2021-01-05,-0.0005095339129164596,0.0051162701929141985,0.008474271836827363,0.008474271836827363,-0.0011341227141388854,-0.0006918604830721663,0.00688737125446881,0.010061172419185915
2021-01-06,0.00010954591190892593,0.00522308130318069,0.006724611241098799,0.006724611241098799,0.00010954591190892593,0.00010954591190892593,0.005978799380966349,0.007470423101231249
2021-01-07,0.0,0.011586706185126677,0.013255062496356773,0.013255062496356773,0.0,0.0,0.014857460602218708,0.011652664390494838
2021-01-08,-0.00010953391291645964,0.0031392966803811904,0.0030232518729963465,-0.0005095339129164596,-0.00010953391291645964,-0.00010953391291645964,0.005697517883473502,0.00034898586251919106
2021-01-11,0.00010954591190892593,-0.004811359830238749,-0.0059873046237416405,0.00010954591190892593,0.00010954591190892593,0.00010954591190892593,-0.006740807271065297,-0.005233801976417984
2021-01-12,-0.00010953391291645964,0.005793046709044303,0.0011579514243307276,-0.00010953391291645964,-0.00010953391291645964,-0.00010953391291645964,0.00021124447208187291,0.0021046583765795823
2021-01-13,0.0,5.203873412691363e-05,0.0006464665035497696,0.0,0.0,0.0,0.0026930151070372332,-0.001400082099937694
2021-01-14,0.00010954591190892593,0.003189449187436444,-0.0015757757880177081,0.00010954591190892593,0.00010954591190892593,0.00010954591190892593,-0.0035020052935075263,0.00035045371747211007
2021-01-15,0.0,-0.009821130478943263,-0.0048727054061712405,0.0,0.0,0.0,-0.007292710667477054,-0.0024527001448654273
2021-01-18,0.0,0.0005619999767768835,0.0014049999419422088,0.0,0.0,0.0,0.0,0.0028099998838844176
2021-01-19,0.0,0.007637906074286295,0.004101178046050591,0.0,0.0,0.0,0.007851917818045617,0.0003504382740555645
2021-01-20,0.0,0.008092667932733912,0.008494960108597183,0.0,0.0,0.0,0.013838843702231207,0.003151076514963158
2021-01-21,0.0,-0.0031366319746701566,-0.0021620130873379884,0.0,0.0,0.0,0.0009115259099548023,-0.005235552084630779
2021-01-22,-0.00010953391291645964,-0.0011712590021944582,-0.003699555448304692,-0.00010953391291645964,-0.00010953391291645964,-0.00010953391291645964,-0.0035393708064648255,-0.003859740090144559
2021-01-25,0.00010954591190892593,0.002130383247330774,0.003909204102843122,0.00010954591190892593,0.00010954591190892593,0.00010954591190892593,0.003943712798340826,0.0038746954073454187
2021-01-26,-0.00010953391291645964,-2.087616288423775e-05,-0.004113729815377276,-0.00010953391291645964,-0.00010953391291645964,-0.00010953391291645964,-0.0015607545556565183,-0.006666705075098034
2021-01-27,0.0,-0.02144385100376589,-0.02211080441232477,0.0,0.0,0.0,-0.024440518332422556,-0.019781090492226983
2021-01-28,0.00010954591190892593,0.002964619668631201,0.010606521013952763,0.00010954591190892593,0.00010954591190892593,0.00010954591190892593,0.008600180653565603,0.012612861374339923
2021-01-29,0.0,-0.011222021769545211,-0.01801707978289141,0.0,0.0,0.0,-0.020019768592411613,-0.016014390973371206
2021-02-01,0.012041787429577233,0.01457476367365742,0.01808770601987708,0.01768770601987708,0.018729256535465404,0.017630484612657295,0.016645682201742673,0.01952972983801149
2021-02-02,-0.0005095339129164596,0.0071246405569210134,0.012213915822983479,0.012213915822983479,-0.0011593800562575737,-0.0005399446170569249,0.014140308155270231,0.010287523490696726
2021-02-03,0.0,-0.0019835760248755998,0.0014464581724440428,0.0014464581724440428,0.0,0.0,0.0007862719400062446,0.002106644404881841
2021-02-04,0.00010954591190892593,0.0069765061896125856,0.009186670525565765,0.009186670525565765,0.00010954591190892593,0.00010954591190892593,0.011365648268432116,0.007007692782699415
2021-02-05,0.0,0.004341145608544155,0.004577588846121805,-0.0004,0.0,0.0,0.003935868357764605,0.005219309334479005
2021-02-08,0.0,0.01107976037653029,0.008976120296565138,0.0,0.0,0.0,0.007221886297972491,0.010730354295157785
2021-02-09,0.0,0.0012321802876717582,0.0015506699808472968,0.0,0.0,0.0,-0.0006657220875394554,0.003767062049234049
2021-02-10,-0.00010953391291645964,-0.001069527459688269,0.0011471045635498278,-0.00010953391291645964,-0.00010953391291645964,-0.00010953391291645964,-0.00043540783691997653,0.002729616964019632
2021-02-11,0.00010954591190892593,0.0038186498840384166,-0.0007239000375605098,0.00010954591190892593,0.00010954591190892593,0.00010954591190892593,0.0016146596673365377,-0.0030624597424575573
2021-02-12,-0.00010953391291645964,0.0037451838943234348,0.004347248131569503,-0.00010953391291645964,-0.00010953391291645964,-0.00010953391291645964,0.004940141331716719,0.003754354931422288
2021-02-16,0.00010954591190892593,-0.004162417143136011,0.0005869963721438776,0.00010954591190892593,0.00010954591190892593,0.00010954591190892593,-0.0008661844616317804,0.0020401772059195356
2021-02-17,0.0,-0.004495095195334553,-0.0029391800577527882,0.0,0.0,0.0,0.0002296356684765577,-0.006107995783982134
2021-02-18,-0.00010953391291645964,-0.006657682882163352,-0.005030234975762549,-0.00010953391291645964,-0.00010953391291645964,-0.00010953391291645964,-0.004256372371647998,-0.005804097579877099
2021-02-19,0.00010954591190892593,0.003805363826469632,0.0023794911192580037,0.00010954591190892593,0.00010954591190892593,0.00010954591190892593,-0.0017657811432373327,0.00652476338175334
2021-02-22,-0.00010953391291645964,-0.01076477802475737,-0.0028222312399839855,-0.00010953391291645964,-0.00010953391291645964,-0.00010953391291645964,-0.007691600508998309,0.0020471380290303376
2021-02-23,0.0,0.004100682914128954,-0.0019465542405036618,0.0,0.0,0.0,0.0012141692481280053,-0.005107277729135329
2021-02-24,-0.00010905112459214106,0.01943117544913036,0.009787659788869973,-0.00010905112459214106,-0.00010905112459214106,-0.00010905112459214106,0.011019443097521897,0.00855587648021805
2021-02-25,0.00010906301803692564,-0.023533187226830843,-0.019173907877793772,0.00010906301803692564,0.00010906301803692564,0.00010906301803692564,-0.024095875118591015,-0.01425194063699653
2021-02-26,0.0,-0.011645397613720585,-0.0075677453525931915,0.0,0.0,0.0,-0.005152521124055731,-0.009982969581130652
2021-03-01,0.018765784836888868,0.011298642425207964,0.019943549936346394,0.019543549936346393,0.014109207422486498,0.03076640623762005,0.02424028603801931,0.01564681383467348
2021-03-02,-0.0004,-0.0018134523624681932,-0.0011627320564218668,-0.0011627320564218668,-0.0009383472359528281,-0.0003968177302313292,-0.007803238526212453,0.005477774413368719
2021-03-03,0.00010906301803692564,0.00456272337556638,-0.00917643527617873,-0.00917643527617873,0.00010906301803692564,0.00010906301803692564,-0.01324559282322213,-0.005107277729135329
2021-03-04,0.0,0.00250297473928085,-0.011149869968316573,-0.011149869968316573,0.0,0.0,-0.012375076064633395,-0.00992466387199975
2021-03-05,0.0,0.011293200204712452,0.01628443803253332,-0.0004,0.0,0.0,0.018396746854683954,0.014172129210382689
2021-03-08,-0.00010905112459214106,0.0028634794334256642,-0.0006147421116813323,-0.00010905112459214106,-0.00010905112459214106,-0.00010905112459214106,-0.00497879503650589,0.003749310813143225
2021-03-09,0.0,-0.0053221130995955825,0.010873660132902141,0.0,0.0,0.0,0.014277377335766728,0.007469942930037554
2021-03-10,0.0,0.010210332371894584,0.005977150981365642,0.0,0.0,0.0,0.006224761169388193,0.005729540793343091
2021-03-11,0.00010906301803692564,0.0011477260629950692,0.009091181854069985,0.00010906301803692564,0.00010906301803692564,0.00010906301803692564,0.010139249540643602,0.008043114167496368
2021-03-12,-0.00010905112459214106,0.0039339508996074895,0.0011721400429022255,-0.00010905112459214106,-0.00010905112459214106,-0.00010905112459214106,0.001346949145153209,0.000997330940651242
2021-03-15,0.0,-0.00046170263918858794,0.005638463368763502,0.0,0.0,0.0,0.005962958347949909,0.005313968389577095
2021-03-16,0.0,-0.012240769147470165,-0.002777889355903229,0.0,0.0,0.0,-0.0012609700623039677,-0.004294808649502491
2021-03-17,0.00010906301803692564,0.00628019168472882,0.004525306431782061,0.00010906301803692564,0.00010906301803692564,0.00010906301803692564,0.003410055005171886,0.005640557858392237
2021-03-18,-0.00010905112459214106,-0.0181925418880833,-0.01040933731755772,-0.00010905112459214106,-0.00010905112459214106,-0.00010905112459214106,-0.014550080920191943,-0.006268593714923498
2021-03-19,0.0,-0.0013177581831640948,-0.0010912120413448245,0.0,0.0,0.0,-0.001850252381174644,-0.00033217170151500497
2021-03-22,0.0,-0.002752851346532936,0.0033282995280141114,0.0,0.0,0.0,0.007985072976065988,-0.0013284739200377649
2021-03-23,0.00010906301803692564,-0.013065568137068495,-0.007593639523315654,0.00010906301803692564,0.00010906301803692564,0.00010906301803692564,-0.00787091653492411,-0.007316362511707197
2021-03-24,-0.00010905112459214106,-0.0017111214351631608,-0.0037142269010196904,-0.00010905112459214106,-0.00010905112459214106,-0.00010905112459214106,-0.005083466085849753,-0.002344987716189628
2021-03-25,0.0,0.0014091715988177268,0.0035229289970443167,0.0,0.0,0.0,0.005625692496802781,0.0014201654972858524
2021-03-26,0.0,0.0044383850349898335,0.011095962587474584,0.0,0.0,0.0,0.01611504547821241,0.006076879696736759
2021-03-29,0.0,-0.0018141941761154004,-0.0014271640122472395,0.0,0.0,0.0,-0.0005051402947335859,-0.002349187729760893
2021-03-30,0.00010906301803692564,-0.00015966069745865236,-0.0011582616425380166,0.00010906301803692564,0.00010906301803692564,0.00010906301803692564,-0.0026530371535286035,0.00033651386845257036
2021-03-31,-0.00010905112459214106,-0.0006465273299297581,0.0015223293368420432,-0.00010905112459214106,-0.00010905112459214106,-0.00010905112459214106,0.0040534219804653215,-0.0010087633067812352
2021-04-01,0.009433517807568705,0.009003339630068519,0.013309321525568074,0.012909321525568075,0.02249081301746853,0.015537317080261402,0.010799018780478065,0.015819624270658084
2021-04-05,-0.000509051124592141,0.012203222359301494,0.008667634802194124,0.008667634802194124,-0.0009711122900327004,-0.0005079521060742679,0.014353100584550083,0.0029821690198381656
2021-04-06,-0.00010955785931665574,0.00012769249267914346,0.0015216434337913531,0.0015216434337913531,-0.00010955785931665574,-0.00010955785931665574,-0.0005907490694976314,0.0036340359370803377
2021-04-07,0.0,0.002253275191737325,0.0014016926272449881,0.0014016926272449881,0.0,0.0,0.0011576749769424133,0.001645710277547563
2021-04-08,0.00010956986355625808,0.006234413244385783,0.005002273274460234,-0.00029043013644374193,0.00010956986355625808,0.00010956986355625808,0.004746683227499604,0.005257863321420864
2021-04-09,-0.00010955785931665574,0.004353978686286442,0.0036349703877814887,-0.00010955785931665574,-0.00010955785931665574,-0.00010955785931665574,0.0072699407755629775,0.0
2021-04-12,0.0,-0.00017007211203030615,-0.0003078328664871677,0.0,0.0,0.0,0.0003648540249536758,-0.0009805197579280112
2021-04-13,0.0,0.005744110477963683,0.001318036561668734,0.0,0.0,0.0,0.0029634472886701513,-0.0003273741653326834
2021-04-14,0.0,-0.006522244165888003,-0.0023620959286459464,0.0,0.0,0.0,-0.003414978121494605,-0.0013092137357972877
2021-04-15,0.00010956986355625808,0.013819730968051003,0.00963214554016234,0.00010956986355625808,0.00010956986355625808,0.00010956986355625808,0.010742461964479144,0.008521829115845536
2021-04-16,0.0,0.0014937411023381976,0.002158606692245546,0.0,0.0,0.0,0.0033422883765481526,0.0009749250079429395
2021-04-19,-0.00010955785931665574,-0.005636972605873458,-0.006352559562690263,-0.00010955785931665574,-0.00010955785931665574,-0.00010955785931665574,-0.004912962494087236,-0.00779215663129329
2021-04-20,0.0,-0.004952686007749984,-0.008405534494367484,0.0,0.0,0.0,-0.007321487363810886,-0.009489581624924082
2021-04-21,0.0,0.008392785062492258,0.008364908410167127,0.0,0.0,0.0,0.009461888615189817,0.007267928205144436
2021-04-22,0.00010956986355625808,-0.008915998923961044,-0.0076824064531153535,0.00010956986355625808,0.00010956986355625808,0.00010956986355625808,-0.009133061827109823,-0.006231751079120884
2021-04-23,0.0,0.0096384622457935,0.007401602769188886,0.0,0.0,0.0,0.01084251178724771,0.003960693751130062
2021-04-26,-0.00010955785931665574,0.003861891173780752,0.002358596490049436,-0.00010955785931665574,-0.00010955785931665574,-0.00010955785931665574,0.00208757616661992,0.002629616813478952
2021-04-27,0.00010956986355625808,-0.0012212045441392318,0.00038417810606616865,0.00010956986355625808,0.00010956986355625808,0.00010956986355625808,-0.00021548462979592564,0.000983840841928263
2021-04-28,-0.00010955785931665574,-0.001186902590604633,0.004441872620223664,-0.00010955785931665574,-0.00010955785931665574,-0.00010955785931665574,-0.0002873224575532518,0.009171067698000579
2021-04-29,0.0,0.002698041947544838,0.0010767272612351997,0.0,0.0,0.0,0.006372669052552293,-0.004219214530081894
2021-04-30,0.00010956986355625808,-0.006189699980422048,-0.0073595672518317334,0.00010956986355625808,0.00010956986355625808,0.00010956986355625808,-0.006570406864398914,-0.008148727639264552
2021-05-03,0.004845354568688292,2.0031097269836932e-05,0.0038716949692195746,0.0034716949692195744,0.00723609888384286,0.014015830886906814,0.0021566823908567567,0.005586707547582392
2021-05-04,-0.0005095578593166557,-0.006416022248852236,-0.0005095578593166557,-0.00390171535384104,-0.0009871515062199049,-0.0005886235953201334,-0.006169268103919601,-0.001634162603762479
2021-05-05,0.00010956986355625808,0.006066682430012595,0.00010956986355625808,0.0034297713470152758,0.00010956986355625808,0.00010956986355625808,0.00031283342987364904,0.0065467092641569025
2021-05-06,0.0,0.00525769611881929,0.0,0.0033423325994824116,0.0,0.0,0.007985434353418253,-0.0013007691544534294
2021-05-07,-0.00010955785931665574,0.007954776506863895,-0.00010955785931665574,-0.0005095578593166557,-0.00010955785931665574,-0.00010955785931665574,0.007278048824720829,0.009443231077745695
2021-05-10,0.0,-0.0030969747307196815,0.0,0.0,0.0,0.0,-0.009902386229925564,-0.005161536682606216
2021-05-11,0.0,-0.011451839319712477,0.0,0.0,0.0,0.0,-0.008924695034512653,-0.004863561860339871
2021-05-12,-0.00010947088445645292,-0.002911191746642925,-0.00010947088445645292,-0.00010947088445645292,-0.00010947088445645292,-0.00010947088445645292,-0.02124535785953141,-0.008471918141657708
2021-05-13,0.0,0.0013038770019739633,0.0,0.0,0.0,0.0,0.012012598995280399,0.002629038845921139
2021-05-14,0.0,0.011730981246716433,0.0,0.0,0.0,0.0,0.015355326980379669,0.011799439252069943
2021-05-17,0.00010948286964307385,0.006151072816545566,0.00010948286964307385,0.00010948286964307385,0.00010948286964307385,0.00010948286964307385,-0.0025444760366536423,0.005507077957804807
2021-05-18,0.0,-0.007111945166237455,0.0,0.0,0.0,0.0,-0.008615672556666953,0.0016106475346697735
2021-05-19,-0.00010947088445645292,-0.007020692363914783,-0.00010947088445645292,-0.00010947088445645292,-0.00010947088445645292,-0.00010947088445645292,-0.0026216454377826492,-0.0038596317973511596
2021-05-20,0.0,0.0010921187358168716,0.0,0.0,0.0,0.0,0.010757648724760704,0.006457643789558265
2021-05-21,0.00010948286964307385,0.002262718562257904,0.00010948286964307385,0.00010948286964307385,0.00010948286964307385,0.00010948286964307385,-0.0008188133328055347,-0.0009624838487301002
2021-05-24,-0.00010947088445645292,0.00290806900738545,-0.00010947088445645292,-0.00010947088445645292,-0.00010947088445645292,-0.00010947088445645292,0.010194527265696696,0.0
2021-05-25,0.0,-0.005894431157842015,0.0,0.0,0.0,0.0,-0.0022188042152825327,0.0016057550215282657
2021-05-26,0.0,0.003318729683327595,0.0,0.0,0.0,0.0,0.001984532287322871,0.008977212399483125
2021-05-27,0.00010948286964307385,0.0022359012659848077,0.00010948286964307385,0.00010948286964307385,0.00010948286964307385,0.00010948286964307385,0.0005250701246510836,0.002860063813701297
2021-05-28,0.0,0.0025281434813221094,0.0,0.0,0.0,0.0,0.001788614278256384,0.0034850825198338153
2021-05-31,0.0,-0.001073543853808978,0.0,0.0,0.0,0.0,0.0,-0.005683524514357607
2021-06-01,0.004083396141226811,0.0072065344878442525,-0.00010947088445645292,0.005034637590588098,0.010759439254805115,0.01976377374317868,-0.0008806609980028801,0.011749936179179077
2021-06-02,-0.0004,0.0029380289665077797,0.0,0.0006293830699893865,-0.0009780989225484234,-0.0004539121920454126,0.001572645783139981,-0.00031387964316120787
2021-06-03,0.0,-0.0025088111290723527,0.0,-0.0021698486667272032,0.0,0.0,-0.0037114678605213447,-0.0006282294729330617
2021-06-04,0.00010948286964307385,0.0031871638712638096,0.00010948286964307385,0.006458032313093165,0.00010948286964307385,0.00010948286964307385,0.00914575285799879,0.0037703117681875398
2021-06-07,-0.00021844687341354696,0.0038043689146642027,-0.00021844687341354696,-0.0006184468734135469,-0.00021844687341354696,-0.00021844687341354696,-0.0009702074380398829,0.0012517096842052933
2021-06-08,0.0,0.003816815446969546,0.0,0.0,0.0,0.0,0.00021345739053724166,0.0015631568876748325
2021-06-09,0.0,-0.0030734388640546234,0.0,0.0,0.0,0.0,-0.0014922537554393767,-0.002808910984892221
2021-06-10,0.0,-0.0018178300632001319,0.0,0.0,0.0,0.0,0.004648391895384796,0.0018779048127597342
2021-06-11,0.00010899979962242234,0.0020688034972340527,0.00010899979962242234,0.00010899979962242234,0.00010899979962242234,0.00010899979962242234,0.0016527514460416004,0.004061110667303636
2021-06-14,-0.00010898791996105661,0.0004958738746730165,-0.00010898791996105661,-0.00010898791996105661,-0.00010898791996105661,-0.00010898791996105661,0.0022390209917193538,0.0015557260460812294
2021-06-15,0.0,-0.0018949422525174511,0.0,0.0,0.0,0.0,-0.0018342974333470652,0.0037280104026817806
2021-06-16,0.00010899979962242234,-0.003409753508169611,0.00010899979962242234,0.00010899979962242234,0.00010899979962242234,0.00010899979962242234,-0.005583310341900294,0.0
2021-06-17,-0.00010898791996105661,-0.0029253393470414003,-0.00010898791996105661,-0.00010898791996105661,-0.00010898791996105661,-0.00010898791996105661,-0.00033161619317645386,-0.0043330454731200785
2021-06-18,0.00010899979962242234,-0.011377751322529583,0.00010899979962242234,0.00010899979962242234,0.00010899979962242234,0.00010899979962242234,-0.01349061280068753,-0.007149665092429536
2021-06-21,-0.00010898791996105661,0.0006974759490064167,-0.00010898791996105661,-0.00010898791996105661,-0.00010898791996105661,-0.00010898791996105661,0.014315909454156728,0.008140295305939071
2021-06-22,0.0,0.00254361046587376,0.0,0.0,0.0,0.0,0.005346238973755524,0.002795021283084065
2021-06-23,0.0,-0.0007608988943336259,0.0,0.0,0.0,0.0,-0.001205109646379543,-0.0027872309133604167
2021-06-24,0.00010899979962242234,0.0034068884990421373,0.00010899979962242234,0.00010899979962242234,0.00010899979962242234,0.00010899979962242234,0.005915608071088929,0.002937777383408946
2021-06-25,0.0,-0.00041442742513452023,0.0,0.0,0.0,0.0,0.0035520109525202237,0.000934959639719235
2021-06-28,-0.00010898791996105661,0.004496042684675872,-0.00010898791996105661,-0.00010898791996105661,-0.00010898791996105661,-0.00010898791996105661,0.002015866703282354,-0.003736076154066681
2021-06-29,0.0,0.0027271170581958603,0.0,0.0,0.0,0.0,0.0005381277858331757,0.002187528105394687
2021-06-30,0.0,7.655775049943966e-05,0.0,0.0,0.0,0.0,0.0008416082443405415,-0.00031173527335481843
2021-07-01,0.00341280278783902,0.0015249657078858724,0.00010899979962242234,0.0023683583713044023,0.0011321118711047765,0.008302987429846453,0.005536716742608805,0.0
2021-07-02,-0.0005089879199610566,0.007022675521523603,-0.00010898791996105661,0.005225320724607241,-0.0011671003499954698,-0.000771861524254969,0.007643407771306343,0.0028072336779081386
2021-07-05,0.0,0.0005585388958154747,0.0,0.0018661605111752744,0.0,0.0,0.0,0.0037323210223505487
2021-07-06,-0.00010959380398012364,0.001949246878821298,-0.00010959380398012364,-0.0006006561245613384,-0.00010959380398012364,-0.00010959380398012364,-0.0018211865936698102,0.0006198743445471333
2021-07-07,0.0,0.002719836571237,0.0,-0.0004,0.0,0.0,0.0035339262881926015,-0.0003096113410760992
2021-07-08,0.0001096058160985347,-0.006709402355421168,0.0001096058160985347,0.0001096058160985347,0.0001096058160985347,0.0001096058160985347,-0.00814804833063687,-0.011152271538876102
2021-07-09,0.0,0.004211564260907221,0.0,0.0,0.0,0.0,0.010674872760411569,0.009085037319348066
2021-07-12,0.0,0.00353997837892778,0.0,0.0,0.0,0.0,0.003581810386042994,-0.0006208947726911163
2021-07-13,0.0,-0.0035934170068882888,0.0,0.0,0.0,0.0,-0.0034088594936710903,0.0018639086894831625
2021-07-14,-0.00010959380398012364,0.004721976049846744,-0.00010959380398012364,-0.00010959380398012364,-0.00010959380398012364,-0.00010959380398012364,0.001492237359815407,-0.006201581652885535
2021-07-15,0.0001096058160985347,-0.0029740517752872894,0.0001096058160985347,0.0001096058160985347,0.0001096058160985347,0.0001096058160985347,-0.0034154977912884688,0.0021841152971260325
2021-07-16,0.0,-0.00504869983554388,0.0,0.0,0.0,0.0,-0.007843618223120519,-0.01027387308265415
2021-07-19,-0.00010959380398012364,-0.009873425161320837,-0.00010959380398012364,-0.00010959380398012364,-0.00010959380398012364,-0.00010959380398012364,-0.014768045718573264,-0.012582635351516491
2021-07-20,0.0,0.0038613673792710483,0.0,0.0,0.0,0.0,0.014330484186010795,0.010512799968942721
2021-07-21,0.0,-0.0008255898551121633,0.0,0.0,0.0,0.0,0.008096194145649216,0.008512040338037652
2021-07-22,0.0001096058160985347,-0.000649604220164668,0.0001096058160985347,0.0001096058160985347,0.0001096058160985347,0.0001096058160985347,0.0020941475226619044,-0.0006251647592139253
2021-07-23,-0.00010959380398012364,0.0036209024516797995,-0.00010959380398012364,-0.00010959380398012364,-0.00010959380398012364,-0.00010959380398012364,0.010287943032251334,0.0056302728473691666
2021-07-26,0.0001096058160985347,0.00033632722923143026,0.0001096058160985347,0.0001096058160985347,0.0001096058160985347,0.0001096058160985347,0.002455098833332725,-0.0015553353756169175
2021-07-27,-0.00010959380398012364,-0.0033121472309106895,-0.00010959380398012364,-0.00010959380398012364,-0.00010959380398012364,-0.00010959380398012364,-0.00455767375987759,0.0006231571329278207
2021-07-28,0.0,-0.00013265645645801354,0.0,0.0,0.0,0.0,-0.00041011186816442,0.002801989847344366
2021-07-29,0.0001096058160985347,0.0017793980916761764,0.0001096058160985347,0.0001096058160985347,0.0001096058160985347,0.0001096058160985347,0.004147296667653233,0.00403601726323588
2021-07-30,-0.00010959380398012364,-0.0017556223623975689,-0.00010959380398012364,-0.00010959380398012364,-0.00010959380398012364,-0.00010959380398012364,-0.004856122144717201,-0.0006185993358358566
2021-08-02,-0.005647949269581942,-0.0015529970654859062,0.0,-0.0014491220234760678,-0.0035262116863559014,-0.00586922214284221,-0.0020982440469521357,0.0
2021-08-03,-0.0004,0.00536115013159595,0.0,0.005769611835473865,-0.000982270269905945,-0.0004319786136975342,0.008135657012263264,0.003403566658684465
2021-08-04,0.0,-0.0011606070949022218,0.0,-0.0035387021499570515,0.0,0.0,-0.004919081261283265,-0.0021583230386308383
2021-08-05,0.0,0.005671025676884111,0.0,0.004247918592801381,0.0,0.0,0.006332845712643476,0.002162991472959286
2021-08-06,0.0001096058160985347,-0.0018126611971463148,0.0001096058160985347,-0.0002903941839014653,0.0001096058160985347,0.0001096058160985347,0.0016524096198977656,0.005550544600967822
2021-08-09,0.0,-0.002003249324486811,0.0,0.0,0.0,0.0,-0.0008135517277587656,-0.002453446207716481
2021-08-10,-0.00010959380398012364,-0.004216038375268237,-0.00010959380398012364,-0.00010959380398012364,-0.00010959380398012364,-0.00010959380398012364,0.0012439567217679137,0.003074134647004456
2021-08-11,0.0,0.002865338710726277,0.0,0.0,0.0,0.0,0.002484896191837116,0.0027584604906056853
2021-08-12,0.0,0.0025849645358346995,0.0,0.0,0.0,0.0,0.002996939857468073,-0.0012225658959980068
2021-08-13,0.0001096058160985347,0.0007247141551029125,0.0001096058160985347,0.0001096058160985347,0.0001096058160985347,0.0001096058160985347,0.0018198451591113773,0.0003057180784773461
2021-08-16,-0.0002187916050552241,0.0006978643045129739,-0.0002187916050552241,-0.0002187916050552241,-0.0002187916050552241,-0.0002187916050552241,0.0023546620250503025,-0.001223556098712053
2021-08-17,0.0,-0.007358129015853953,0.0,0.0,0.0,0.0,-0.006555168006998957,-0.006125407463809185
2021-08-18,0.0,-0.009826187058797942,0.0,0.0,0.0,0.0,-0.010945013446050145,-0.002465410215442221
2021-08-19,0.0002188394852975506,-0.0021733850316904848,0.0002188394852975506,0.0002188394852975506,0.0002188394852975506,0.0002188394852975506,0.0015482161834388108,-0.004633760322433567
2021-08-20,0.0,0.0027394040268514798,0.0,0.0,0.0,0.0,0.007957157604010279,0.005896870122265474
2021-08-23,-0.0002187916050552241,0.005817962784066869,-0.0002187916050552241,-0.0002187916050552241,-0.0002187916050552241,-0.0002187916050552241,0.00879658726910093,0.007404959025893332
2021-08-24,0.0,0.0018307561090250026,0.0,0.0,0.0,0.0,0.001587264853267767,0.003063034613230764
2021-08-25,0.0,0.0031146144257016136,0.0,0.0,0.0,0.0,0.0020984700702699755,0.001526774567004674
2021-08-26,0.00010922169786575786,-0.0053000751582213965,0.00010922169786575786,0.00010922169786575786,0.00010922169786575786,0.00010922169786575786,-0.00590312597716558,-0.003049025907168379
2021-08-27,0.0,0.00965766733588831,0.0,0.0,0.0,0.0,0.008940853876568733,0.006727962310777658
2021-08-30,0.0,0.0020301048048865684,0.0,0.0,0.0,0.0,0.004397742692239248,-0.0021263283316892423
2021-08-31,-0.00010920976978912034,-0.0019541562894036966,-0.00010920976978912034,-0.00010920976978912034,-0.00010920976978912034,-0.00010920976978912034,-0.0014818062310373303,-0.0009133945192119075
2021-09-01,0.0010758130624298177,0.00050033201002595,0.0,0.0027603002623473706,0.009212664023792604,0.0011018459871270031,0.0005314015740014444,0.005789198950693297
2021-09-02,-0.00018116051470244942,0.0020782119391087317,0.0002188394852975506,0.004264833075869334,-0.0007782174499982079,-0.00044870776821236233,0.0030766473353875945,0.005453018816351074
2021-09-03,-0.0002187916050552241,0.00022799691215507064,-0.0002187916050552241,0.0001798881414914466,-0.0002187916050552241,-0.0002187916050552241,-0.0002425899820065469,0.0006023662649894401
2021-09-07,0.0,-0.0016502536913877376,0.0,-0.00193831380423648,0.0,0.0,-0.0035755932591329254,-0.0003010343493400347
2021-09-08,0.0,-0.0028435744861000424,0.0,-0.0004,0.0,0.0,-0.0012180318179622063,-0.003313286100897872
2021-09-09,0.0,-0.002621587434039738,0.0,0.0,0.0,0.0,-0.004280294749370528,-0.001208700002043761
2021-09-10,0.00010922169786575786,-0.005711032244661629,0.00010922169786575786,0.00010922169786575786,0.00010922169786575786,0.00010922169786575786,-0.007884685116578583,-0.003328584905228693
2021-09-13,0.0,8.869285144345271e-05,0.0,0.0,0.0,0.0,0.0025593687042022584,0.0012145322761820676
2021-09-14,-0.00010920976978912034,-0.0017771735312246627,-0.00010920976978912034,-0.00010920976978912034,-0.00010920976978912034,-0.00010920976978912034,-0.005396670646842239,-0.004548184994245585
2021-09-15,0.0,0.0011802509386969187,0.0,0.0,0.0,0.0,0.008352703246992776,0.006701254693484593
2021-09-16,0.00010922169786575786,-0.003069396947065415,0.00010922169786575786,0.00010922169786575786,0.00010922169786575786,0.00010922169786575786,-0.0015851406352110908,-0.003933437454441413
2021-09-17,-0.00010920976978912034,-0.0027698252407134753,-0.00010920976978912034,-0.00010920976978912034,-0.00010920976978912034,-0.00010920976978912034,-0.009741277505160406,-0.006075233181039641
2021-09-20,0.00010922169786575786,-0.00609996357164858,0.00010922169786575786,0.00010922169786575786,0.00010922169786575786,0.00010922169786575786,-0.0166739740564803,-0.01528121524925452
2021-09-21,-0.00010920976978912034,0.0003783602934689601,-0.00010920976978912034,-0.00010920976978912034,-0.00010920976978912034,-0.00010920976978912034,-0.0009446973369101608,0.0037242790240548107
2021-09-22,0.0,0.006166815632099265,0.0,0.0,0.0,0.0,0.009754715380821954,0.008039586616100047
2021-09-23,0.00010922169786575786,0.007094140704529473,0.00010922169786575786,0.00010922169786575786,0.00010922169786575786,0.00010922169786575786,0.012150063952986567,0.0024540663688188413
2021-09-24,-0.00010920976978912034,0.001417019219027882,-0.00010920976978912034,-0.00010920976978912034,-0.00010920976978912034,-0.00010920976978912034,0.0016470695718897588,-0.002586835107807328
2021-09-27,0.0,0.0071119498991523596,0.0,0.0,0.0,0.0,-0.0028608233419956663,0.0030874484287333193
2021-09-28,0.0,0.000682978978163007,0.0,0.0,0.0,0.0,-0.020151969383471524,-0.012927146127965417
2021-09-29,0.00010922169786575786,8.737735829260629e-05,0.00010922169786575786,0.00010922169786575786,0.00010922169786575786,0.00010922169786575786,0.001683294746103181,-0.0009354030296961913
2021-09-30,0.0,-0.0030251297191201234,0.0,0.0,0.0,0.0,-0.012222129574711249,-0.004681796205229349
2021-10-01,0.009598619115217212,0.006719183404449325,0.0,0.007580166348109829,0.01752465851745869,0.01512225348470775,0.0118838605345295,0.004076472161690159
2021-10-04,-0.0006183205280009703,0.0030942677880533955,-0.00021832052800097035,-0.008634043899514166,-0.0011644311732460595,-0.0007531802872486223,-0.012896101368131463,-0.004371986430896868
2021-10-05,0.00010913458453187808,0.0012568849756445567,0.00010913458453187808,0.008339269141621974,0.00010913458453187808,0.00010913458453187808,0.01040519609821855,0.006273342185025399
2021-10-06,0.0,-0.002107554784678323,0.0,0.0025456841432779376,0.0,0.0,0.004156056022099008,0.0009353122644568668
2021-10-07,0.0,0.0015424362992287222,0.0,-0.0004,0.0,0.0,0.00864562092138188,0.011522844190726023
2021-10-08,0.0,0.00705741103773593,0.0,0.0,0.0,0.0,-0.001823789711852375,0.0003079091468383144
2021-10-11,0.0,-0.0027413465991150024,0.0,0.0,0.0,0.0,-0.007239580665838075,0.0
2021-10-12,0.0,-0.00044383735210584696,0.0,0.0,0.0,0.0,-0.0024615404428661725,0.000615628735958218
2021-10-13,0.0,-0.0013198074506679093,0.0,0.0,0.0,0.0,0.0035975756352952803,0.008920398105563665
2021-10-14,-0.00010912267547413812,0.005725953474224755,-0.00010912267547413812,-0.00010912267547413812,-0.00010912267547413812,-0.00010912267547413812,0.016820522654629855,0.009755916193380898
2021-10-15,0.00010913458453187808,0.005011858389564585,0.00010913458453187808,0.00010913458453187808,0.00010913458453187808,0.00010913458453187808,0.007615878622573513,0.005434682551268999
2021-10-18,-0.00010912267547413812,0.0011610096151921125,-0.00010912267547413812,-0.00010912267547413812,-0.00010912267547413812,-0.00010912267547413812,0.0029605184396588324,0.0024026163140251633
2021-10-19,0.0,0.008705586189557427,0.0,0.0,0.0,0.0,0.00771483229239367,0.0050928721209198
2021-10-20,0.0,0.004289635606750242,0.0,0.0,0.0,0.0,0.003927772665007767,0.0041728629899959735
2021-10-21,0.0,-0.0029491274587831076,0.0,0.0,0.0,0.0,0.0026082224547421262,0.0014839968471918041
2021-10-22,0.0,0.0038370222879664517,0.0,0.0,0.0,0.0,-0.00103608301350544,0.0002966650193760856
2021-10-25,0.00010913458453187808,0.005127523739144003,0.00010913458453187808,0.00010913458453187808,0.00010913458453187808,0.00010913458453187808,0.005362777815329123,0.0035553619372192813
2021-10-26,-0.00021864144051442214,0.0009877462501164834,-0.00021864144051442214,-0.00021864144051442214,-0.00021864144051442214,-0.00021864144051442214,0.000899876696530022,-0.0053144027439449015
2021-10-27,0.0,-0.012010868402911703,0.0,0.0,0.0,0.0,-0.004430022877506157,-0.009498255350953833
2021-10-28,0.00021868925504819892,0.009918842705629595,0.00021868925504819892,0.00021868925504819892,0.00021868925504819892,0.00021868925504819892,0.009648884622866394,0.010488235157489312
2021-10-29,0.0,-0.002146462092558732,0.0,0.0,0.0,0.0,0.0020289786527243336,-0.006524325200939152
2021-11-01,0.006236466909314353,0.005561650885440894,0.0,0.005385562349225115,0.0067179953755228386,0.00793317586866713,0.0017203353073416139,0.009850789391108616
2021-11-02,-0.0006186414405144221,0.000534008047130086,-4.330052913714352e-06,0.00039566994708628567,-0.0011936872973255471,-0.000738845788438357,0.004042927021431497,-0.003251587127258926
2021-11-03,0.0,0.0023042765889100814,0.005128562544784887,0.005128562544784887,0.0,0.0,0.006105362817548254,0.00415176227202152
2021-11-04,0.0001095427156174722,0.0024430851815760773,0.004128327249663277,0.004128327249663277,0.0001095427156174722,0.0001095427156174722,0.004712461082012398,0.0035441934173141565
2021-11-05,0.0,0.005555215576009732,0.004530538060998124,-0.0004,0.0,0.0,0.0034696868059398422,0.0055913893160564054
2021-11-08,0.00010913458453187808,0.00504491954332682,0.0026218189427996696,0.00010913458453187808,0.00010913458453187808,0.00010913458453187808,0.0008536201852831216,0.004390017700316218
2021-11-09,-0.00021864144051442214,-0.0013518174966642427,-0.0006330642120558339,-0.00021864144051442214,-0.00021864144051442214,-0.00021864144051442214,-0.003305373491171104,0.0020392450670594364
2021-11-10,0.0,-0.011765065448039527,-0.007075516577317309,0.0,0.0,0.0,-0.0080448740782183,-0.006106159076416318
2021-11-11,0.0001095427156174722,0.0033118184233149163,0.002648748882928098,0.0001095427156174722,0.0001095427156174722,0.0001095427156174722,0.000323638136338511,0.004973859629517685
2021-11-12,0.0,0.005884851463508168,0.008722270467202087,0.0,0.0,0.0,0.007546680399643124,0.00989786053476105
2021-11-15,0.0,0.0007262853469386821,-0.0018465844315230795,0.0,0.0,0.0,0.0003425638908125528,-0.004035732753858712
2021-11-16,-0.00010953071732522357,0.003239995775697579,0.0025577886888793477,-0.00010953071732522357,-0.00010953071732522357,-0.00010953071732522357,0.003957980592929733,0.0011575967848289626
2021-11-17,0.0,-0.0070242065082574134,-0.0026601576090516388,0.0,0.0,0.0,-0.0024293591033447415,-0.002890956114758536
2021-11-18,0.0001095427156174722,0.0025584996579090906,0.00169823374929845,0.0001095427156174722,0.0001095427156174722,0.0001095427156174722,0.0033964674985969,0.0
2021-11-19,0.0,0.001265862879216808,-0.003068579039925301,0.0,0.0,0.0,-0.0017882444958716714,-0.004348913583978931
2021-11-22,0.0,-0.006279630692859306,-0.004319813892503632,0.0,0.0,0.0,-0.002815311133251286,-0.005824316651755979
2021-11-23,-0.00010953071732522357,-0.0012306003785380025,0.001541855502590006,-0.00010953071732522357,-0.00010953071732522357,-0.00010953071732522357,0.0013261481455957291,0.001757562859584283
2021-11-24,0.0001095427156174722,0.0026772647458605642,0.003381659685418148,0.0001095427156174722,0.0001095427156174722,0.0001095427156174722,0.002669639080813191,0.004093680290023105
2021-11-25,0.0,-7.999999999999999e-05,0.00305761775038893,0.0,0.0,0.0,0.0,0.00611523550077786
2021-11-26,-0.00010953071732522357,-0.018830282725298787,-0.023597194843615776,-0.00010953071732522357,-0.00010953071732522357,-0.00010953071732522357,-0.02230301381434996,-0.024891375872881594
2021-11-29,0.0001095427156174722,0.009246617470004487,0.006726979065515781,0.0001095427156174722,0.0001095427156174722,0.0001095427156174722,0.01226662044916127,0.001187337681870293
2021-11-30,-0.00010953071732522357,-0.004672269771986426,-0.020550069623610556,-0.00010953071732522357,-0.00010953071732522357,-0.00010953071732522357,-0.019457608633516088,-0.021642530613705024
2021-12-01,-0.015465214068367662,-0.006075123962841556,-0.010856786168716215,-0.011256786168716214,-0.009589682469765267,-0.02336850334322775,-0.011107284804171225,-0.010606287533261205
2021-12-02,-0.0004,0.0018223858720449206,0.015009101050720286,0.015009101050720286,-0.0008893418033512662,-0.0005332445154869294,0.0153163687699156,0.014701833331524972
2021-12-03,-0.00010953071732522357,-0.0028407231491462295,-0.0078220721180281,-0.0078220721180281,-0.00010953071732522357,-0.00010953071732522357,-0.008701504468519139,-0.006942639767537062
2021-12-06,0.0,-0.0009663696194368886,0.012000772830395467,0.012000772830395467,0.0,0.0,0.011843584177295474,0.01215796148349546
2021-12-07,0.0,-0.0006994832521398875,0.0172493323477928,-0.0004,0.0,0.0,0.02068465249849094,0.01381401219709466
2021-12-08,0.0001095427156174722,0.002429463006812265,-0.00045331818590405026,0.0001095427156174722,0.0001095427156174722,0.0001095427156174722,0.0026479274096595784,-0.003554563781467679
2021-12-09,-0.00010953071732522357,-0.004328657100395029,-0.006942949537377174,-0.00010953071732522357,-0.00010953071732522357,-0.00010953071732522357,-0.006751411520760087,-0.007134487553994262
2021-12-10,0.0001095427156174722,0.005053891538934208,0.004108037251780272,0.0001095427156174722,0.0001095427156174722,0.0001095427156174722,0.009413335940781975,-0.0011972614372214307
2021-12-13,0.0,-0.0019963146006359497,-0.008326148845883174,0.0,0.0,0.0,-0.008858292011392654,-0.007794005680373695
2021-12-14,0.0,-0.007913557204317368,-0.005101705472892792,0.0,0.0,0.0,-0.006880112028364804,-0.0033232989174207805
2021-12-15,0.0,0.011802969132151332,0.010389092630352148,0.0,0.0,0.0,0.015625040609174468,0.0051531446515298285
2021-12-16,-0.00010953071732522357,-0.006515523153497349,-0.00471072635823816,-0.00010953071732522357,-0.00010953071732522357,-0.00010953071732522357,-0.00881839228514636,-0.0006030604313299603
2021-12-17,0.0001095427156174722,-0.003254482225474442,-0.005472272213417284,0.0001095427156174722,0.0001095427156174722,0.0001095427156174722,-0.01064296183411706,-0.00030158259271750865
2021-12-20,-0.00010953071732522357,-0.007337996547541504,-0.01014622265977988,-0.00010953071732522357,-0.00010953071732522357,-0.00010953071732522357,-0.010633252855968278,-0.009659192463591482
2021-12-21,-0.00010924558347735758,0.010152300700348582,0.018175467221154373,-0.00010924558347735758,-0.00010924558347735758,-0.00010924558347735758,0.017758958856603613,0.018591975585705134
2021-12-22,0.0,0.007426097431826939,0.00859016579202676,0.0,0.0,0.0,0.009998750445118887,0.007181581138934634
2021-12-23,0.0,0.001833659232735641,0.006972841850105382,0.0,0.0,0.0,0.006221845642221835,0.00772383805798893
2021-12-24,0.0,-0.00025264263243480746,0.000294900873366144,0.0,0.0,0.0,0.0,0.000589801746732288
2021-12-27,0.00010925751937884698,0.010538072061634018,0.007076061257564437,0.00010925751937884698,0.00010925751937884698,0.00010925751937884698,0.014152122515128873,0.0
2021-12-28,-0.00010924558347735758,-0.0014752113093260942,-0.00040853159954373774,-0.00010924558347735758,-0.00010924558347735758,-0.00010924558347735758,-0.0008170631990874755,0.0
2021-12-29,0.0,0.001869106211028071,0.003144026010367673,0.0,0.0,0.0,0.0012792737854703251,0.005008778235265021
2021-12-30,0.00010925751937884698,-0.000993665700966506,-0.00856159613294627,0.00010925751937884698,0.00010925751937884698,0.00010925751937884698,-0.0027644938941080444,-0.014358698371784495
2021-12-31,0.0,-0.0014782260124964531,-0.003179805482196485,0.0,0.0,0.0,-0.002520198918546601,-0.0038394120458463687
2022-01-03,0.003967698546220558,0.0034124915743613867,0.0028949770161605937,0.0024949770161605935,-0.01640943030625349,0.009459485511350011,0.005789954032321187,0.0
2022-01-04,-0.00029074248062115304,-0.007603274665161842,0.00042556365177415234,0.00042556365177415234,-0.0007688986478334242,-0.00034075766806053416,-0.0003349905657450414,0.001186117869293346
2022-01-05,0.0,-0.02193822058994658,-0.014043030732345751,-0.014043030732345751,0.0,0.0,-0.019202125206612353,-0.00888393625807915
2022-01-06,0.0,-0.00016879998743255065,0.00027743248406381094,0.00027743248406381094,0.0,0.0,-0.0009393322258467451,0.001494197193974367
2022-01-07,0.0,0.002827764530791104,-0.0018276589589376058,-0.0004,0.0,0.0,-0.00395347926483669,0.00029816134696147856
2022-01-10,-0.00010924558347735758,-0.0015251253249450602,-0.0009205474410238779,-0.00010924558347735758,-0.00010924558347735758,-0.00010924558347735758,-0.0012445629959030313,-0.0005965318861447244
2022-01-11,-0.00010925751937884698,0.008492186183715944,0.009776500889050577,-0.00010925751937884698,-0.00010925751937884698,-0.00010925751937884698,0.009108301542972486,0.010444700235128668
2022-01-12,0.00010926945788880538,0.0005901180700256249,0.004009865391354728,0.00010926945788880538,0.00010926945788880538,0.00010926945788880538,0.0027035874092380396,0.005316143373471416
2022-01-13,0.00010925751937884698,-0.001717279270606409,-0.00909262414325479,0.00010925751937884698,0.00010925751937884698,0.00010925751937884698,-0.01377854483241403,-0.004406703454095551
2022-01-14,0.0,0.0026118111217025898,0.0016797632859889555,0.0,0.0,0.0,0.00040886982195109667,0.0029506567500268144
2022-01-17,0.0,0.0,0.005148632927470587,0.0,0.0,0.0,0.0,0.010297265854941173
2022-01-18,-0.00021849116695482618,-0.0037825554834309606,-0.01584373784259213,-0.00021849116695482618,-0.00021849116695482618,-0.00021849116695482618,-0.017709543717895238,-0.013977931967289026
2022-01-19,0.00021853891577761075,-0.004676877518686307,-0.00711153642050133,0.00021853891577761075,0.00021853891577761075,0.00021853891577761075,-0.010383660795156291,-0.0038394120458463687
2022-01-20,0.0,-0.001915177096727736,-0.00864679475226282,0.0,0.0,0.0,-0.011067913110585637,-0.006225676393940005
2022-01-21,-0.00010924558347735758,-0.0040428047229559725,-0.020704480466994746,-0.00010924558347735758,-0.00010924558347735758,-0.00010924558347735758,-0.01963066782835432,-0.02177829310563517
2022-01-24,0.00010925751937884698,0.0014324864869151633,0.001513438372916287,0.00010925751937884698,0.00010925751937884698,0.00010925751937884698,0.004246799571321125,-0.0012199228254885508
2022-01-25,-0.00021849116695482618,0.007587272230993093,-0.0054938949179753616,-0.00021849116695482618,-0.00021849116695482618,-0.00021849116695482618,-0.012209202690860455,0.0012214128549097314
2022-01-26,0.00010926945788880538,-0.00024946751347383335,-0.0009492672973442917,0.00010926945788880538,0.00010926945788880538,0.00010926945788880538,-0.002508660870780388,0.0006101262760918047
2022-01-27,0.00010925751937884698,0.002265328982973225,-0.003840561527078845,0.00010925751937884698,0.00010925751937884698,0.00010925751937884698,-0.004937887984931555,-0.0027432350692261354
2022-01-28,-0.00021849116695482618,-0.001024407567851915,0.01730766847059073,-0.00021849116695482618,-0.00021849116695482618,-0.00021849116695482618,0.024835273865659646,0.009780063075521817
2022-01-31,0.00021853891577761075,0.001058591310002477,0.017631405187203297,0.00021853891577761075,0.00021853891577761075,0.00021853891577761075,0.018011087155658245,0.01725172321874835
2022-02-01,0.006134811278481359,0.007042402522970415,0.008734097772648775,0.008334097772648775,0.0028002132555650988,0.018555000677986856,0.006756951106217324,0.010711244439080225
2022-02-02,-0.000290742480621153,0.000731920380146578,0.005740098275213157,0.005740098275213157,-0.0006956847357527515,-0.0003059546775281149,0.009714099253073982,0.0017660972973523315
2022-02-03,0.0,-0.0018981247940351943,-0.01792352343039194,-0.01792352343039194,0.0,0.0,-0.02350501722143461,-0.012342029639349272
2022-02-04,-0.00021849116695482618,0.0029502566147104675,0.006516513409663083,0.006516513409663083,-0.00021849116695482618,-0.00021849116695482618,0.004702101813220727,0.008330925006105439
2022-02-07,0.0,0.0025544323614636877,-0.0023421346976140733,-0.0004,0.0,0.0,-0.0032089729226555397,-0.001475296472572607
2022-02-08,0.00010926945788880538,-0.004211835090505956,0.007364382407950787,0.00010926945788880538,0.00010926945788880538,0.00010926945788880538,0.008227665111498972,0.006501099704402602
2022-02-09,-0.00010925751937884698,0.0015821793642576412,0.01274977901421026,-0.00010925751937884698,-0.00010925751937884698,-0.00010925751937884698,0.014636206199376778,0.010863351829043744
2022-02-10,0.0,-0.001968058373217949,-0.010580263598154671,0.0,0.0,0.0,-0.017965616945647356,-0.0031949102506619864
2022-02-11,0.0,0.005875299223977404,-0.00971367908362375,0.0,0.0,0.0,-0.019718695383648788,0.0002913372164012884
2022-02-14,-0.00010907132650550544,-0.006353713069888745,-0.005567160266385485,-0.00010907132650550544,-0.00010907132650550544,-0.00010907132650550544,-0.0032693729437095476,-0.007864947589061422
2022-02-15,0.00021836460171109628,-0.0006129558843513962,0.01143985570207573,0.00021836460171109628,0.00021836460171109628,0.00021836460171109628,0.0161269148273393,0.006752796576812159
2022-02-16,0.0,0.0005087501396522809,-0.0022102277667819803,0.0,0.0,0.0,0.0011206780662129656,-0.005541133599776926
2022-02-17,-0.00010925751937884698,-0.0025564458427667965,-0.016105890954607904,-0.00010925751937884698,-0.00010925751937884698,-0.00010925751937884698,-0.021361425001345302,-0.010850356907870506
2022-02-18,0.00010926945788880538,-0.002406392229722676,-0.0063502813426492555,0.00010926945788880538,0.00010926945788880538,0.00010926945788880538,-0.006474886291358506,-0.006225676393940005
2022-02-22,0.0,-0.0033129243555909942,-0.00790178069635028,0.0,0.0,0.0,-0.01073191558206088,-0.00507164581063968
2022-02-23,-0.00010925751937884698,-0.00018925751937884697,-0.012767408101731492,-0.00010925751937884698,-0.00010925751937884698,-0.00010925751937884698,-0.017738436044020034,-0.0077963801594429505
2022-02-24,0.0,0.0,0.00812902928191428,0.0,0.0,0.0,0.015049065000489303,0.0012089935633392557
2022-02-25,0.0,0.0,0.019332558766097296,0.0,0.0,0.0,0.022063993555344608,0.016601123976849985
2022-02-28,0.0,0.0,-0.0009821654031682558,0.0,0.0,0.0,-0.0025583986158418393,0.0005940678095053276
2022-03-01,0.001076693342397464,0.002124493099272753,-0.010285735673507324,-0.010685735673507323,0.017747641645424445,-0.01459225101323837,-0.015230281185964145,-0.005341190161050502
2022-03-02,-0.0004,0.003122446035233541,0.015313666669771298,0.015313666669771298,-0.0008030816270113841,-0.00046565690891405773,0.018395944652101592,0.012231388687441003
2022-03-03,0.00010924315982330235,0.0007456045065381556,-0.002489104727421365,-0.002489104727421365,0.00010924315982330235,0.00010924315982330235,-0.00497820945484273,0.0
2022-03-04,0.0,0.0069532075985216935,-0.0003784636270795505,-0.0003784636270795505,0.0,0.0,-0.008124713223959579,0.007367785969800478
2022-03-07,0.0,0.0013843054987399354,-0.017079992814060696,-0.0004,0.0,0.0,-0.029479052483203816,-0.004680933144917576
2022-03-08,0.0,0.0018280799558718643,-0.005407686904555287,0.0,0.0,0.0,-0.0075819584819935,-0.003233415327117073
2022-03-09,0.0,-0.0068413922684938955,0.019598444538709958,0.0,0.0,0.0,0.026810928051586025,0.012385961025833891
2022-03-10,0.0,0.005388395670272073,-7.322285811839357e-05,0.0,0.0,0.0,-0.004515735069287485,0.004369289353050698
2022-03-11,-0.00010923122705885913,-0.0029063267340979507,-0.009257730536171793,-0.00010923122705885913,-0.00010923122705885913,-0.00010923122705885913,-0.012714876410736542,-0.0058005846616070444
2022-03-14,0.00010924315982330235,-0.008370528984356775,-0.009780117995689064,0.00010924315982330235,0.00010924315982330235,0.00010924315982330235,-0.007308278335039997,-0.01225195765633813
2022-03-15,-0.00021836342308678702,-0.007218717940150099,0.011585866146105017,-0.00021836342308678702,-0.00021836342308678702,-0.00021836342308678702,0.02199042386380623,0.0011813084284038045
2022-03-16,0.00021841111608567054,0.0017489921059933302,0.017429381915731956,0.00021841111608567054,0.00021841111608567054,0.00021841111608567054,0.022174267429444505,0.012684496402019407
2022-03-17,0.0,0.009678495735793779,0.013246399159347666,0.0,0.0,0.0,0.012510858232783306,0.013981940085912026
2022-03-18,-0.00010923122705885913,0.00014655406172991108,0.006625373089655939,-0.00010923122705885913,-0.00010923122705885913,-0.00010923122705885913,0.010952794110369313,0.002297952068942566
2022-03-21,0.0,0.006714294325046392,0.004153082579198775,0.0,0.0,0.0,-0.00029240542375696954,0.008598570582154519
2022-03-22,0.0,0.0016701492161281363,0.007413622130587383,0.0,0.0,0.0,0.01170145696144842,0.003125787299726346
2022-03-23,0.00021858536149577112,-0.006288626842962374,-0.009838529043340427,0.00021858536149577112,0.00021858536149577112,0.00021858536149577112,-0.012878465340126155,-0.006798592746554699
2022-03-24,0.0,0.00724609410232815,0.007964858399440722,0.0,0.0,0.0,0.015074275994922504,0.0008554408039589401
2022-03-25,-0.00021853759237722148,0.008808862876287283,0.0041337377600493275,-0.00021853759237722148,-0.00021853759237722148,-0.00021853759237722148,0.004883700349531006,0.003383775170567649
2022-03-28,0.0,-0.0015629883750256422,0.0029850035936352937,0.0,0.0,0.0,0.007113064788972112,-0.0011430576017015248
2022-03-29,0.0,0.014148480128846974,0.008617390819610993,0.0,0.0,0.0,0.01237079711189204,0.004863984527329945
2022-03-30,0.00021858536149577112,-0.004316958190718245,-0.002945002554711862,0.00021858536149577112,0.00021858536149577112,0.00021858536149577112,-0.006174895283527437,0.00028489017410371353
2022-03-31,0.0,-0.011879519404988305,-0.01153852001288097,0.0,0.0,0.0,-0.015391294497740904,-0.007685745528021037
2022-04-01,7.434815807851595e-05,0.00872565158789631,0.0024209718892205245,0.0020209718892205243,0.0005603246479892499,0.006635661964629849,0.0028340719493600286,0.0020078718290810205
2022-04-04,-0.0005093183062911285,0.0024681053287461735,0.007146164724590509,0.007146164724590509,-0.0008039008795454268,-0.0006022986418680877,0.008566424430682673,0.005725905018498345
2022-04-05,-0.00010923122705885913,-0.012687213469186887,-0.009588984448463345,-0.009588984448463345,-0.00010923122705885913,-0.00010923122705885913,-0.012631031315860741,-0.006546937581065948
2022-04-06,0.00010924315982330235,0.00024280513023881205,-0.008151758750104987,-0.008151758750104987,0.00010924315982330235,0.00010924315982330235,-0.009999443702714772,-0.006304073797495202
2022-04-07,0.0,0.001558222319243199,0.0033845738490322352,-0.0004,0.0,0.0,0.005038925002299077,0.0017302226957653932
2022-04-08,-0.00010923122705885913,0.005253895765767425,-4.156382575026818e-05,-0.00010923122705885913,-0.00010923122705885913,-0.00010923122705885913,-0.002673948016917338,0.0025908203654168016
2022-04-11,0.00010924315982330235,-0.011534891127959357,-0.010412403480242138,0.00010924315982330235,0.00010924315982330235,0.00010924315982330235,-0.017092311688957307,-0.00373249527152697
2022-04-12,0.0,0.0029439574616538034,-0.0034375541764858353,0.0,0.0,0.0,-0.003705120314431265,-0.0031699880385404056
2022-04-13,0.0,0.004404137346094617,0.008473056404055934,0.0,0.0,0.0,0.011453554702182345,0.005492558105929524
2022-04-14,-0.00010923122705885913,-0.0002729640231476039,-0.005794445139652105,-0.00010923122705885913,-0.00010923122705885913,-0.00010923122705885913,-0.012451668824119633,0.0008627785448154235
2022-04-18,0.00010924315982330235,0.002186787746696117,0.0004929062935280504,0.00010924315982330235,0.00010924315982330235,0.00010924315982330235,0.0004110815654954081,0.0005747310215606927
2022-04-19,-0.00010923122705885913,-0.001796632602141477,0.011373065671881122,-0.00010923122705885913,-0.00010923122705885913,-0.00010923122705885913,0.01614268044683298,0.006603450896929264
2022-04-20,0.00021858536149577112,0.0009464501012288907,-0.0007987325264683931,0.00021858536149577112,0.00021858536149577112,0.00021858536149577112,-0.0007416385125439406,-0.0008558265403928456
2022-04-21,0.0,-0.007813471798372761,-0.015327085497007065,0.0,0.0,0.0,-0.014953420518238003,-0.015700750475776126
2022-04-22,-0.00010931830629112849,-0.008464980343984175,-0.023870440528760306,-0.00010931830629112849,-0.00010931830629112849,-0.00010931830629112849,-0.02743913195527492,-0.020301749102245692
2022-04-25,0.00010933025808967933,-0.0005027345724232556,-0.001393589377210569,0.00010933025808967933,0.00010933025808967933,0.00010933025808967933,0.0057975986017519965,-0.008584777356173134
2022-04-26,-0.00010931830629112849,-0.003375758370279747,-0.02209471062860635,-0.00010931830629112849,-0.00010931830629112849,-0.00010931830629112849,-0.028960946004046417,-0.015228475253166285
2022-04-27,0.0,-7.999999999999999e-05,0.0026188146780521393,0.0,0.0,0.0,0.002811859073533318,0.0024257702825709604
2022-04-28,0.00021885857824122112,0.00021885857824122112,0.021401469219178626,0.00021885857824122112,0.00021885857824122112,0.00021885857824122112,0.025259328527641234,0.017543609910716018
2022-04-29,-0.00021881068964479944,-0.00021881068964479944,-0.026355254559822794,-0.00021881068964479944,-0.00021881068964479944,-0.00021881068964479944,-0.03695559672078874,-0.015754912398856846
2022-05-02,-0.0025178709364474406,0.00010933025808967933,0.0011975406220131046,0.0007975406220131047,-0.013049913885931385,-0.0004555448722450709,0.006019417902410229,-0.0036243366583840197
2022-05-03,-0.0005093183062911285,-0.00010931830629112849,-0.0005093183062911285,0.0074451541948703515,-0.0007767605525054313,-0.0005551811554375397,0.0045839901402320304,0.010306318249508672
2022-05-04,0.00021885857824122112,0.00021885857824122112,0.00021885857824122112,0.02197705941065664,0.00021885857824122112,0.00021885857824122112,0.030452972089402452,0.01350114673191083
2022-05-05,0.0,-0.0030891681519338837,0.0,-0.02916865143093872,0.0,0.0,-0.035542721152925894,-0.022794581708951545
2022-05-06,0.0,0.005961259292608734,0.0,-0.0004,0.0,0.0,-0.005969179204456387,-0.0033321511377200075
2022-05-09,-0.00010950435418422,-0.01663368294454526,-0.00010950435418422,-0.00010950435418422,-0.00010950435418422,-0.00010950435418422,-0.032017049096723094,-0.030699157194791216
2022-05-10,0.0,0.0018143794435893758,0.0,0.0,0.0,0.0,0.0023102788080195946,-0.006271539676130478
2022-05-11,0.0,0.002684025782923394,0.0,0.0,0.0,0.0,-0.015886032717704057,-0.0018935394663017746
2022-05-12,0.00010951634670108845,0.0009361706794916547,0.00010951634670108845,0.00010951634670108845,0.00010951634670108845,0.00010951634670108845,-0.0010438054153735221,-0.005374459323562952
2022-05-13,0.00010920732609864814,0.006923848852475256,0.00010920732609864814,0.00010920732609864814,0.00010920732609864814,0.00010920732609864814,0.023907838830362405,0.01907198485241235
2022-05-16,-0.00010919540116094417,0.005186182019534736,-0.00010919540116094417,-0.00010919540116094417,-0.00010919540116094417,-0.00010919540116094417,-0.004057524578399585,0.0059262688107004635
2022-05-17,0.0,0.002315835880611328,0.0,0.0,0.0,0.0,0.020570455002427712,0.01333332622581529
2022-05-18,0.0,-0.005126960594190266,0.0,0.0,0.0,0.0,-0.04031152202459698,-0.019889879353095496
2022-05-19,0.00021841465219751832,-0.0005595132054363683,0.00021841465219751832,0.00021841465219751832,0.00021841465219751832,0.00021841465219751832,-0.006124572244926463,0.0056198489051306755
2022-05-20,0.0,0.0008596850145556001,0.0,0.0,0.0,0.0,0.00043635816603715405,0.0003102948368034486
2022-05-23,0.0,0.005283134180090077,0.0,0.0,0.0,0.0,0.018709990459243375,0.0
2022-05-24,-0.00010918347882715729,0.0006752661168846874,-0.00010918347882715729,-0.00010918347882715729,-0.00010918347882715729,-0.00010918347882715729,-0.007633837764655427,0.005586775869551364
2022-05-25,0.00010919540116094417,0.004217907002248911,0.00010919540116094417,0.00010919540116094417,0.00010919540116094417,0.00010919540116094417,0.008834887874545894,0.004012101035809401
2022-05-26,0.00021856493313721082,0.002384396877073192,0.00021856493313721082,0.00021856493313721082,0.00021856493313721082,0.00021856493313721082,0.019981552160468707,0.007992731346313509
2022-05-27,-0.0002185171729459645,0.0034828445020172348,-0.0002185171729459645,-0.0002185171729459645,-0.0002185171729459645,-0.0002185171729459645,0.024549205028497445,0.010673986910696875
2022-05-30,0.0,0.0,0.0,0.0,0.0,0.0,0.0,0.007543569161596153
2022-05-31,-0.00010918347882715729,-0.0030919552676150768,-0.00010918347882715729,-0.00010918347882715729,-0.00010918347882715729,-0.00010918347882715729,-0.005611189458485377,-0.00808619855220205
2022-06-01,-0.0002924653281452413,0.003265929081188679,1.1285834752738921e-05,-0.0047461583700959984,-0.005518298500871003,-0.003222282968864395,-0.008088388847158123,-0.0006039278930338732
2022-06-02,-0.00018131467007314017,-0.00045703082373860227,0.00021868532992685985,0.01737666578875663,-0.0004340063524654211,-0.00018886945508899588,0.019043275801829074,0.015710055775684184
2022-06-03,-0.0002186375171091548,0.0024739998342387715,-0.0002186375171091548,-0.014005820300371119,-0.0002186375171091548,-0.0002186375171091548,-0.016411467971744642,-0.011600172628997596
2022-06-06,0.0001092931662467489,-0.00013602668188206213,0.0001092931662467489,0.0019737830460578865,0.0001092931662467489,0.0001092931662467489,0.0030448670744340767,0.0009026990176816962
2022-06-07,-0.00010928122255593475,0.005885075814566454,-0.00010928122255593475,-0.0005092812225559347,-0.00010928122255593475,-0.00010928122255593475,0.009592355136522235,0.00571258371380301
2022-06-08,0.0001092931662467489,-0.002670625341479092,0.0001092931662467489,0.0001092931662467489,0.0001092931662467489,0.0001092931662467489,-0.010872354055663558,-0.007174738895703636
2022-06-09,0.0001093802091705065,-0.008501772853211187,0.0001093802091705065,0.0001093802091705065,0.0001093802091705065,0.0001093802091705065,-0.023782649927422517,-0.00993663907567588
2022-06-10,-0.0002186375171091548,-0.008947848037046402,-0.0002186375171091548,-0.0002186375171091548,-0.0002186375171091548,-0.0002186375171091548,-0.02899586699577772,-0.013990550532274382
2022-06-13,0.0001092931662467489,-0.01043110126365242,0.0001092931662467489,0.0001092931662467489,0.0001092931662467489,0.0001092931662467489,-0.03796796576015771,-0.02621834212806118
2022-06-14,-0.00010928122255593475,-0.00018928122255593475,-0.00010928122255593475,-0.00010928122255593475,-0.00010928122255593475,-0.00010928122255593475,-0.0030135539657322186,-0.009819318334816973
2022-06-15,0.0001092931662467489,0.0001092931662467489,0.0001092931662467489,0.0001092931662467489,0.0001092931662467489,0.0001092931662467489,0.014256355820984945,0.003518828945165975
2022-06-16,0.00021876041834123505,0.00021876041834123505,0.00021876041834123505,0.00021876041834123505,0.00021876041834123505,0.00021876041834123505,-0.03309589524199241,-0.03092113596089019
2022-06-17,-0.00010935628634367589,-0.00010935628634367589,-0.00010935628634367589,-0.00010935628634367589,-0.00010935628634367589,-0.00010935628634367589,0.0021555270578039742,-0.0032896755168914105
2022-06-20,0.0,0.0,0.0,0.0,0.0,0.0,0.0,0.012871285162579182
2022-06-21,0.00021853854132047879,0.00021853854132047879,0.00021853854132047879,0.00021853854132047879,0.00021853854132047879,0.00021853854132047879,0.025173684670422247,0.004235930162888257
2022-06-22,0.00010924539633072605,0.00010924539633072605,0.00010924539633072605,0.00010924539633072605,0.00010924539633072605,0.00010924539633072605,-0.001812929316442946,-0.012978617051903507
2022-06-23,0.0,0.0,0.0,0.0,0.0,0.0,0.009802576900934223,-0.015121586709454737
2022-06-24,-0.0002183679828012819,-0.0002183679828012819,-0.0002183679828012819,-0.0002183679828012819,-0.0002183679828012819,-0.0002183679828012819,0.03179395865479928,0.019446881338569533
2022-06-27,0.0,0.0,0.0,0.0,0.0,0.0,-0.003819851690748388,0.009900968504024776
2022-06-28,0.00021841567779223858,0.00021841567779223858,0.00021841567779223858,0.00021841567779223858,0.00021841567779223858,0.00021841567779223858,-0.020432793080719103,-0.0019605989420067305
2022-06-29,0.00010972817984900018,0.00010972817984900018,0.00010972817984900018,0.00010972817984900018,0.00010972817984900018,0.00010972817984900018,-0.0008144776403051779,-0.006221364707393429
2022-06-30,0.00010843001841531752,0.00010843001841531752,0.00010843001841531752,0.00010843001841531752,0.00010843001841531752,0.00010843001841531752,-0.0081242441635907,-0.011202745616727738
2022-07-01,0.0160281234585133,-7.577407770775757e-05,-7.577407770775757e-05,0.0048882678837199435,0.006253247366800616,0.0061882870457333206,0.010576535767439887,0.0
2022-07-04,-0.0004,0.0,0.0,0.00466512022216059,-0.0006340985993114425,-0.0003857719548832711,0.0,0.00933024044432118
2022-07-05,0.0,0.0,0.0,-0.004503077078060469,0.0,0.0,0.0018885554670278193,-0.010894709623148757
2022-07-06,0.0,-0.0014498683907661603,0.0,-0.000814694604222177,0.0,0.0,0.003377382025736342,-0.005006771234180696
2022-07-07,0.0,-0.0005081589927565577,0.0,-0.0004,0.0,0.0,0.014977122951232102,0.017443854967441386
2022-07-08,-0.00010961362976236178,-0.0005243946896907881,-0.00010961362976236178,-0.00010961362976236178,-0.00010961362976236178,-0.00010961362976236178,-0.0008224236195891743,-0.0013187484246642844
2022-07-11,0.000109625646227407,0.00045237169780065756,0.000109625646227407,0.000109625646227407,0.000109625646227407,0.000109625646227407,-0.011423843857236271,-0.010894709623148757
2022-07-12,-0.00010961362976236178,0.0007860348302479281,-0.00010961362976236178,-0.00010961362976236178,-0.00010961362976236178,-0.00010961362976236178,-0.008848798229838195,-0.007676698187961906
2022-07-13,0.0,0.00028990144787335306,0.0,0.0,0.0,0.0,-0.005251700887301869,-0.00302746018248079
2022-07-14,0.000109625646227407,-5.7040403942032475e-05,0.000109625646227407,0.000109625646227407,0.000109625646227407,0.000109625646227407,-0.00242857204773661,-0.01518211685822457
2022-07-15,-0.00010961362976236178,0.0006367271280815601,-0.00010961362976236178,-0.00010961362976236178,-0.00010961362976236178,-0.00010961362976236178,0.019105211774668174,0.0027405756150922223
2022-07-18,0.0,0.0,0.0,0.0,0.0,0.0,-0.008256925598224996,0.010932851387744691
2022-07-19,0.0,0.00014435443162525986,0.0,0.0,0.0,0.0,0.02701916990267139,0.019263097125787665
2022-07-20,0.0,0.010239255272931909,0.0,0.0,0.0,0.0,0.006373116320349981,0.003978827745032332
2022-07-21,0.00032848117822625866,0.010766627281535213,0.00032848117822625866,0.00032848117822625866,0.00032848117822625866,0.00032848117822625866,0.01018323428028256,0.0019813888984911987
2022-07-22,0.00010879838709354495,-0.009669534115619704,0.00010879838709354495,0.00010879838709354495,0.00010879838709354495,0.00010879838709354495,-0.009278206866174976,-0.003295854864902692
2022-07-25,-0.00010878655129231696,-0.001511607257245684,-0.00010878655129231696,-0.00010878655129231696,-0.00010878655129231696,-0.00010878655129231696,0.0012148739555029042,0.00661371838101199
2022-07-26,0.0,-0.010269789333959101,0.0,0.0,0.0,0.0,-0.011830831440541423,-0.006898865269833299
2022-07-27,0.0,0.027011508172010326,0.0,0.0,0.0,0.0,0.025966349242797504,0.015216832350532172
2022-07-28,0.00010879838709354495,0.012455400435854715,0.00010879838709354495,0.00010879838709354495,0.00010879838709354495,0.00010879838709354495,0.012542233716457796,0.010100933620709629
2022-07-29,0.00010947882934586595,0.010842128015861886,0.00010947882934586595,0.00010947882934586595,0.00010947882934586595,0.00010947882934586595,0.014578721233599046,0.013225884781866704
2022-08-01,-0.03781198826607961,-0.0012173563855868432,7.69333382513171e-05,-0.001880543240161447,-0.002791863192492867,-0.009347584342187468,-0.0029610864803228942,0.0
2022-08-02,-0.00029073933282179853,-0.004579135242712163,0.00010926066717820149,-0.008233430186012414,-0.0005305868314549885,-0.0004859516632202635,-0.006597331049786548,-0.00986952932223828
2022-08-03,-0.00010924873058903994,0.016697164492691766,-0.00010924873058903994,0.008633643240605116,-0.00010924873058903994,-0.00010924873058903994,0.015659424518791987,0.0016078619624182444
2022-08-04,0.0002186202127882897,0.0018572941696890944,0.0002186202127882897,0.0007857224227795778,0.0002186202127882897,0.0002186202127882897,-0.0006755788386988426,0.0022470236842579983
2022-08-05,0.0002190667125361312,-0.0017471214599910747,0.0002190667125361312,-0.00018093328746386883,0.0002190667125361312,0.0002190667125361312,-0.001690127751053483,0.0022422590269755016
2022-08-08,0.0001093116960746432,0.00010443525705712282,0.0001093116960746432,0.0001093116960746432,0.0001093116960746432,0.0001093116960746432,-0.0011608690049377257,0.0019173639441147916
2022-08-09,-0.00010929974833384648,-0.008141747978610715,-0.00010929974833384648,-0.00010929974833384648,-0.00010929974833384648,-0.00010929974833384648,-0.00397090564618674,-0.004784576744141789
2022-08-10,0.0001093116960746432,0.02151877861988978,0.0001093116960746432,0.0001093116960746432,0.0001093116960746432,0.0001093116960746432,0.021003799213860308,0.016025650442681894
2022-08-11,0.0,-0.002369297953646177,0.0,0.0,0.0,0.0,0.0,0.005678234032497231
2022-08-12,0.00021899479413001188,0.01612611497638823,0.00021899479413001188,0.00021899479413001188,0.00021899479413001188,0.00021899479413001188,0.016928998806866824,0.010037515886843096
2022-08-15,-0.00010957222568364067,0.004269466223476792,-0.00010957222568364067,-0.00010957222568364067,-0.00010957222568364067,-0.00010957222568364067,0.004120732090829637,0.0
2022-08-16,0.00010958423307183551,-0.0006972185102686046,0.00010958423307183551,0.00010958423307183551,0.00010958423307183551,0.00010958423307183551,0.001958862094352032,0.004347966847323859
2022-08-17,0.0,-0.009835995795205311,0.0,0.0,0.0,0.0,-0.007098099938316116,-0.0046382413048301485
2022-08-18,0.0004366092563534707,0.0034349566329763626,0.0004366092563534707,0.0004366092563534707,0.0004366092563534707,0.0004366092563534707,0.002906351581009492,0.004349118374697314
2022-08-19,0.0,-0.014643224693396326,0.0,0.0,0.0,0.0,-0.013438021739735517,-0.007732662010505265
2022-08-22,0.00010982068514087118,-0.019504717763674264,0.00010982068514087118,0.00010982068514087118,0.00010982068514087118,0.00010982068514087118,-0.020822486302330523,-0.006234443960511871
2022-08-23,-0.00021823476906468464,0.006806318735280597,-0.00021823476906468464,-0.00021823476906468464,-0.00021823476906468464,-0.00021823476906468464,-0.0024191468698646634,0.0009410066658204208
2022-08-24,0.0003273248384931815,0.004758626403300337,0.0003273248384931815,0.0003273248384931815,0.0003273248384931815,0.0003273248384931815,0.0032010019849038063,0.0012535850836470352
2022-08-25,0.00010930296600064615,0.007513994053038254,0.00010930296600064615,0.00010930296600064615,0.00010930296600064615,0.00010930296600064615,0.014117558978101075,0.008450638064876559
2022-08-26,0.0,-0.015679264366801914,0.0,0.0,0.0,0.0,-0.033848774900570366,-0.014897691390133638
2022-08-29,0.0,0.002857915900459256,0.0,0.0,0.0,0.0,-0.006612411956434139,-0.002520330254340175
2022-08-30,0.00010929102016810077,-0.006691003336495483,0.00010929102016810077,0.00010929102016810077,0.00010929102016810077,0.00010929102016810077,-0.010977863164356338,-0.0157927401661343
2022-08-31,0.00021885430315249366,-0.0016467107986769093,0.00021885430315249366,0.00021885430315249366,0.00021885430315249366,0.00021885430315249366,-0.007609123704509835,-0.009306902771210823
2022-09-01,-0.02994457179697445,-0.0047529844844280255,0.00020785129138234382,-0.0030422614586458783,-0.011517005967083873,0.002801350964495853,0.0031378794852889857,-0.008422402402580742
2022-09-02,-0.0002907675381252247,0.0037552333964187227,0.00010923246187477531,-0.0020053738429149925,-0.0005362106130676617,-0.0003469962661731286,-0.010544313346625644,0.006533565660795659
2022-09-06,0.0,-0.0018508705186719655,0.0,-0.006592706025494055,0.0,0.0,-0.0037731261979798703,-0.00941228585300824
2022-09-07,0.00010961518558061378,-0.0022349628100797993,0.00010961518558061378,0.012914348425516975,0.00010961518558061378,0.00010961518558061378,0.017964976653876308,0.007863720197157642
2022-09-08,0.00021821981562197834,0.00013821981562197835,0.00021821981562197834,-0.00018178018437802168,0.00021821981562197834,0.00021821981562197834,0.006536220140289206,0.008777634168700255
2022-09-09,0.0,0.0,0.0,0.0,0.0,0.0,0.015535239339514728,0.018691514303682988
2022-09-12,-0.000109283365454238,-0.000109283365454238,-0.000109283365454238,-0.000109283365454238,-0.000109283365454238,-0.000109283365454238,0.010747710947947242,0.011388802975219159
2022-09-13,0.00021918247108398958,0.00021918247108398958,0.00021918247108398958,0.00021918247108398958,0.00021918247108398958,0.00021918247108398958,-0.043482525143137885,-0.01720371283428146
2022-09-14,0.0,0.0,0.0,0.0,0.0,0.0,0.003815812362144344,0.004455905042738628
2022-09-15,0.0003274195962994497,0.0003274195962994497,0.0003274195962994497,0.0003274195962994497,0.0003274195962994497,0.0003274195962994497,-0.011353501017717815,-0.008238329764613028
2022-09-16,0.0,0.0,0.0,0.0,0.0,0.0,-0.007628689258783683,-0.008626131409253057
2022-09-19,0.0,0.0,0.0,0.0,0.0,0.0,0.007754941358323553,0.009023541783089062
2022-09-20,-0.00010903841721177088,-0.00010903841721177088,-0.00010903841721177088,-0.00010903841721177088,-0.00010903841721177088,-0.00010903841721177088,-0.011478656872377924,-0.009901051445840192
2022-09-21,0.00021819921460108915,0.00021819921460108915,0.00021819921460108915,0.00021819921460108915,0.00021819921460108915,0.00021819921460108915,-0.017443713939619743,-0.009999925041651703
2022-09-22,0.0004370918467584417,0.0004370918467584417,0.0004370918467584417,0.0004370918467584417,0.0004370918467584417,0.0004370918467584417,-0.008399698838325476,-0.008471939003039441
2022-09-23,0.0,0.0,0.0,0.0,0.0,0.0,-0.01675483830173774,-0.027423151717307137
2022-09-26,-0.00021835190621899425,-0.00021835190621899425,-0.00021835190621899425,-0.00021835190621899425,-0.00021835190621899425,-0.00021835190621899425,-0.009892733521499997,-0.008182548003453194
2022-09-27,0.00032789505860075785,0.00032789505860075785,0.00032789505860075785,0.00032789505860075785,0.00032789505860075785,0.00032789505860075785,-0.0025528780274007845,-0.0003438884450577273
2022-09-28,0.00010916400275640115,0.00010916400275640115,0.00010916400275640115,0.00010916400275640115,0.00010916400275640115,0.00010916400275640115,0.01967642193740793,0.018913323740860966
2022-09-29,0.00021850119998334527,0.00021850119998334527,0.00021850119998334527,0.00021850119998334527,0.00021850119998334527,0.00021850119998334527,-0.020888913694628974,-0.011137364200159094
2022-09-30,0.0,0.0,0.0,0.0,0.0,0.0,-0.015463634625808131,-0.0003413516602784883
2022-10-03,0.03958162774444336,-0.0002734115537261772,-0.0002734115537261772,0.02475022121295063,0.030944594607241388,0.02140104317143896,0.02640148989806268,0.02389895252783858
2022-10-04,-7.163907370881761e-05,0.0003283609262911824,0.0003283609262911824,0.028664253057289812,-0.0003210940962964523,-0.00016213251788518574,0.03098632296811865,0.026342183146460973
2022-10-05,0.0,0.0,0.0,-0.004575353012405081,0.0,0.0,-0.002328029581346591,-0.006822676443463571
2022-10-06,0.00021844148402716534,0.00021844148402716534,0.00021844148402716534,-0.01137318142044852,0.00021844148402716534,0.00021844148402716534,-0.010315816610501072,-0.012430546230395967
2022-10-07,0.0,-0.001632647004728791,0.0,-0.0004,0.0,0.0,-0.027893919632747788,-0.02086782653154695
2022-10-10,0.00010959074601157859,-0.004019879585048946,0.00010959074601157859,0.00010959074601157859,0.00010959074601157859,0.00010959074601157859,-0.0076352204137086765,0.0
2022-10-11,0.0,-0.0015976277191021905,0.0,0.0,0.0,0.0,-0.006333074175303044,-0.019620898721141256
2022-10-12,0.0,0.0016104925568533714,0.0,0.0,0.0,0.0,-0.0032986608718502675,-0.0006901688088606361
2022-10-13,0.00032755476967794017,0.008424769779643394,0.00032755476967794017,0.00032755476967794017,0.00032755476967794017,0.00032755476967794017,0.02639128843163774,0.02175412860742254
2022-10-14,0.0,-0.007458946337739492,0.0,0.0,0.0,0.0,-0.022788806687503826,-0.014532052432227216
2022-10-17,0.0,0.0024913483625456315,0.0,0.0,0.0,0.0,0.025697035724983275,0.015775173831864997
2022-10-18,0.0,0.0017469650467585752,0.0,0.0,0.0,0.0,0.011749574219533487,0.009790467965410166
2022-10-19,0.0,0.005903211659997121,0.0,0.0,0.0,0.0,-0.007086283503693558,-0.00668666979065391
2022-10-20,0.00043708878984860533,0.0005391992883019281,0.00043708878984860533,0.00043708878984860533,0.00043708878984860533,0.00043708878984860533,-0.008385600680196226,-0.005385473862392964
2022-10-21,0.00010900310560479909,0.005863058155146295,0.00010900310560479909,0.00010900310560479909,0.00010900310560479909,0.00010900310560479909,0.0243016073754887,0.014890119023573956
2022-10-24,-0.00010899122522267657,0.0008561009308379663,-0.00010899122522267657,-0.00010899122522267657,-0.00010899122522267657,-0.00010899122522267657,0.012236441509689389,0.003334557004587957
2022-10-25,0.0,0.005630966821966003,0.0,0.0,0.0,0.0,0.015968492411765345,0.009637542976661972
2022-10-26,0.00021889161549681901,-0.001891309760173572,0.00021889161549681901,0.00021889161549681901,0.00021889161549681901,0.00021889161549681901,-0.007534021503047605,0.009875042282168733
2022-10-27,0.00032752789322954,-0.0023104359679906317,0.00032752789322954,0.00032752789322954,0.00032752789322954,0.00032752789322954,-0.0053400691424222435,0.0029334267483098753
2022-10-28,-0.00010933686698555434,0.021096617984313018,-0.00010933686698555434,-0.00010933686698555434,-0.00010933686698555434,-0.00010933686698555434,0.023790584599822306,0.007149869944626408
2022-10-31,0.0,-0.0031323710390992023,0.0,0.0,0.0,0.0,-0.007223022417595315,-0.0022587464557103365
2022-11-01,0.021828491463994747,-0.00018293382151588476,8.751839238341219e-05,0.00016112313550016333,0.006939939239206851,0.002989587921026848,-0.0043757383456572985,0.005497984616657625
2022-11-02,-7.168725905675155e-05,-0.025853726685224676,-0.019541924177342785,-0.019141924177342784,-0.00028575202078041885,-6.064449029796786e-05,-0.02509638698279182,-0.01318746137189375
2022-11-03,0.00032840157585578567,-0.0017373450757971118,-0.005963359180128136,-0.005963359180128136,0.00032840157585578567,0.00032840157585578567,-0.01029693736461701,-0.0016297809956392628
2022-11-04,0.00021804365805921933,0.011721637100537176,0.01258347799085735,0.01258347799085735,0.00021804365805921933,0.00021804365805921933,0.014393200636463765,0.010773755345250935
2022-11-07,-0.00010924366445685951,0.008237897231609526,0.007528271621974669,-0.0005092436644568595,-0.00010924366445685951,-0.00010924366445685951,0.009565525125008856,0.005491018118940483
2022-11-08,0.00010925559993890666,0.0035950029793283458,0.005588911884247039,0.00010925559993890666,0.00010925559993890666,0.00010925559993890666,0.005395575086668769,0.005782248681825308
2022-11-09,0.0005467095258118171,-0.02601308764908423,-0.01844541775888614,0.0005467095258118171,0.0005467095258118171,0.0005467095258118171,-0.02060212997845845,-0.01628870553931383
2022-11-10,0.0001097730946930664,0.03223392077134313,0.0443601428788839,0.0001097730946930664,0.0001097730946930664,0.0001097730946930664,0.05495405804924891,0.03376622770851889
2022-11-11,-0.00010976104588333868,0.01206845861608902,0.007665828189934554,-0.00010976104588333868,-0.00010976104588333868,-0.00010976104588333868,0.009678479076184576,0.005653177303684531
2022-11-14,0.0,-0.008532263653046157,-0.008469418852729282,0.0,0.0,0.0,-0.008506706903312788,-0.008432130802145776
2022-11-15,0.0002188588802063407,0.007984646494831483,0.006154236260232926,0.0002188588802063407,0.0002188588802063407,0.0002188588802063407,0.008529137609148973,0.0037793349113168784
2022-11-16,0.00010896375080315934,-0.010525164809730182,-0.0049125968768858885,0.00010896375080315934,0.00010896375080315934,0.00010896375080315934,-0.007628749735185458,-0.0021964440185863188
2022-11-17,0.0003278371854529283,-0.0037403749461974558,-0.0031022353410994352,0.0003278371854529283,0.0003278371854529283,0.0003278371854529283,-0.0030599097740118264,-0.003144560908187044
2022-11-18,0.0,0.0032199234850663456,0.004636113341435988,0.0,0.0,0.0,0.004540272871806472,0.0047319538110655035
2022-11-21,0.00010930866293712427,-0.003919614700613217,-0.001975014847225731,0.00010930866293712427,0.00010930866293712427,0.00010930866293712427,-0.003636073946888918,-0.0003139557475625443
2022-11-22,0.0002184953197654771,0.015628949576393582,0.01300993591118127,0.0002184953197654771,0.0002184953197654771,0.0002184953197654771,0.013457034411343383,0.012562837411019157
2022-11-23,0.00021805522790607768,0.0011326629589951008,0.004856829390189943,0.00021805522790607768,0.00021805522790607768,0.00021805522790607768,0.006301790998202161,0.0034118677821777244
2022-11-24,0.0,0.0006182457132575703,0.0015456142831439257,0.0,0.0,0.0,0.0,0.0030912285662878514
2022-11-25,0.0,0.0006755732770257429,0.0008125095865155196,0.0,0.0,0.0,-0.0002238850266730319,0.0018489041997040712
2022-11-28,0.00010924901793574193,-0.01786450361396188,-0.012284875250515803,0.00010924901793574193,0.00010924901793574193,0.00010924901793574193,-0.0159569343196575,-0.008612816181374106
2022-11-29,0.00032712290113301457,0.0016174876586757582,0.0011579831689949582,0.00032712290113301457,0.00032712290113301457,0.00032712290113301457,-0.0017176001087784165,0.004033566446768333
2022-11-30,0.0,0.011324439469596515,0.019767683570593664,0.0,0.0,0.0,0.03150070812992212,0.00803465901126521
2022-12-01,0.0027324730285218203,-1.9282999384801825e-05,0.001931268186633639,0.001531268186633639,0.011155417816354402,-0.0008446016209373887,-0.0007358944904883868,0.004598430863755665
2022-12-02,-0.00029062654817084665,-0.003495952605474906,-0.001492359826429257,-0.001492359826429257,-0.0004617950794923477,-0.00036230831234097707,-0.001153805500031857,-0.001830914152826657
2022-12-05,0.00010936149058538014,-0.017678817810418336,-0.015108970181469561,-0.015108970181469561,0.00010936149058538014,0.00010936149058538014,-0.01798911223051136,-0.01222882813242776
2022-12-06,0.0003283425462272671,-0.013861454294043717,-0.013552195167056413,-0.013552195167056413,0.0003283425462272671,0.0003283425462272671,-0.014414876762632867,-0.01268951357147996
2022-12-07,0.0,-0.0014768401639413263,-0.0010074336011045015,-0.0004,0.0,0.0,-0.0017012710644948026,-0.0003135961377142005
2022-12-08,0.0006555879839627021,0.0033637109486012,0.0042306761121663206,0.0006555879839627021,0.0006555879839627021,0.0006555879839627021,0.007834029452290725,0.0006273227720419161
2022-12-09,-0.00010953568323102125,-0.0022853579898607593,-0.004518658581633417,-0.00010953568323102125,-0.00010953568323102125,-0.00010953568323102125,-0.007470423807090509,-0.0015668933561763243
2022-12-12,0.00010954768261117742,0.0036535130213677385,0.00893498032398865,0.00010954768261117742,0.00010954768261117742,0.00010954768261117742,0.014417398709752005,0.003452561938225296
2022-12-13,0.0,0.0031469634205763875,0.0040977271068782795,0.0,0.0,0.0,0.00756996564374246,0.0006254885700140989
2022-12-14,0.0003278239527619853,-0.0024983418053868035,-0.006322602453582016,0.0003278239527619853,0.0003278239527619853,0.0003278239527619853,-0.006393370561126432,-0.006251834346037599
2022-12-15,0.00021802102278467572,-0.009642955622965,-0.01930869372544136,0.00021802102278467572,0.00021802102278467572,0.00021802102278467572,-0.024462115157910524,-0.014155272292972199
2022-12-16,0.0,-0.005812612583433716,-0.009891590087854396,0.0,0.0,0.0,-0.01180595437540266,-0.007977225800306131
2022-12-19,0.00012033546004253104,-0.0011894507408880407,-0.010511873264001548,0.00012033546004253104,0.00012033546004253104,0.00012033546004253104,-0.008479682030660296,-0.0125440644973428
2022-12-20,0.00010975621208419994,2.975621208419995e-05,0.0036158259496975598,0.00010975621208419994,0.00010975621208419994,0.00010975621208419994,0.001368621069760101,0.005863030829635019
2022-12-21,0.0001094507333785355,0.0001094507333785355,0.014276671663065454,0.0001094507333785355,0.0001094507333785355,0.0001094507333785355,0.014952314279481627,0.013601029046649282
2022-12-22,0.0006568281323517944,0.0006568281323517944,-0.012883847254021252,0.0006568281323517944,0.0006568281323517944,0.0006568281323517944,-0.014266141660710274,-0.01150155284733223
2022-12-23,0.0,0.0,0.007077852231261006,0.0,0.0,0.0,0.005752292622004385,0.008403411840517627
2022-12-27,0.0,0.0,-0.001971797786308682,0.0,0.0,0.0,-0.003943595572617364,0.0
2022-12-28,0.00032839396877104576,0.00032839396877104576,-0.01182290907436312,0.00032839396877104576,0.00032839396877104576,0.00032839396877104576,-0.012427831232404984,-0.011217986916321254
2022-12-29,0.0004374217694564919,0.0004374217694564919,0.014992385336443537,0.0004374217694564919,0.0004374217694564919,0.0004374217694564919,0.018000355883947883,0.01198441478893919
2022-12-30,-0.00010938087494938298,-0.00010938087494938298,-0.004221326797118119,-0.00010938087494938298,-0.00010938087494938298,-0.00010938087494938298,-0.002634252794211589,-0.005808400800024649
2023-01-03,-0.013829856438138598,0.0001093928404338751,-0.00015730748087489088,-0.0005573074808748908,-0.002857167154981212,-0.008005872900167695,-0.004209596002799132,0.00389498104104935
2023-01-04,-0.0005093808749493829,-0.00010938087494938298,0.007254749278015282,0.007254749278015282,-0.000721087543395079,-0.0005732828962615081,0.007720032879805716,0.006789465676224848
2023-01-05,0.0003282761934808587,0.0003282761934808587,-0.007151746463366637,-0.007151746463366637,0.0003282761934808587,0.0003282761934808587,-0.011413450316569484,-0.00289004261016379
2023-01-06,-0.00010964986153161327,-0.00010964986153161327,0.0191954682900346,0.0191954682900346,-0.00010964986153161327,-0.00010964986153161327,0.022932115671277398,0.015458820908791804
2023-01-09,0.00021854256521702808,-0.0006400417328190056,0.0005094315795555193,-0.00018145743478297194,0.00021854256521702808,0.00021854256521702808,-0.0005668859179304153,0.001585749077041454
2023-01-10,-0.00010885688941097982,0.0010476673988944363,0.004931428834571094,-0.00010885688941097982,-0.00010885688941097982,-0.00010885688941097982,0.007012948754661519,0.00284990891448067
2023-01-11,0.0,0.0018617528086611213,0.009639330243760624,0.0,0.0,0.0,0.012647836672524226,0.006630823814997022
2023-01-12,0.0007645221868146646,0.011533324122054331,0.006211907946602313,0.0007645221868146646,0.0007645221868146646,0.0007645221868146646,0.003640823509266866,0.00878299238393776
2023-01-13,0.00010937096475038821,0.0033615548405984573,0.005671097078338128,0.00010937096475038821,0.00010937096475038821,0.00010937096475038821,0.0038794321593838,0.007462761997292455
2023-01-16,0.0,0.00037034495882681817,0.0009258623970670454,0.0,0.0,0.0,0.0,0.0018517247941340909
2023-01-17,0.0,-0.00015392541543868255,0.00016231973395169907,0.0,0.0,0.0,-0.0018319069772806396,0.0021565464451840377
2023-01-18,0.00010916389432003015,-0.014222585960825552,-0.009584864235158641,0.00010916389432003015,0.00010916389432003015,0.00010916389432003015,-0.01578814385562799,-0.0033815846146892925
2023-01-19,0.0004369005481106303,-0.0031679807816958673,-0.004410899395729251,0.0004369005481106303,0.0004369005481106303,0.0004369005481106303,-0.0072796464772663105,-0.0015421523141921911
2023-01-20,0.00010920181274998164,0.012365455989663056,0.013176143255666184,0.00010920181274998164,0.00010920181274998164,0.00010920181274998164,0.018629032317669436,0.007723254193662932
2023-01-23,0.0,0.00732133957192942,0.00937154208393387,0.0,0.0,0.0,0.011998575276008117,0.006744508891859624
2023-01-24,0.00010918988901620352,-0.0005884763277649752,-0.0005366204415742648,0.00010918988901620352,0.00010918988901620352,0.00010918988901620352,-0.0010732408831485296,0.0
2023-01-25,0.00010888552690069275,0.001990671881010964,-0.00042172626441988603,0.00010888552690069275,0.00010888552690069275,0.00010888552690069275,0.0003747459359721983,-0.0012181984648119704
2023-01-26,0.0005455379972527652,0.011891849468502259,0.008239199923149254,0.0005455379972527652,0.0005455379972527652,0.0005455379972527652,0.010990396019216142,0.005488003827082366
2023-01-27,0.00010881430979292617,-0.0005965243493970321,0.001451916481335691,0.00010881430979292617,0.00010881430979292617,0.00010881430979292617,0.002297637316317269,0.0006061956463541129
2023-01-30,0.0,-0.01217863321956454,-0.009455212737158158,0.0,0.0,0.0,-0.012546907719311884,-0.006363517755004433
2023-01-31,0.00010919209441451194,0.01530868304065205,0.011773702150844723,0.00010919209441451194,0.00010919209441451194,0.00010919209441451194,0.014703404303224366,0.00884399999846508
2023-02-01,-0.005726726974471415,0.00037708211087861244,0.005162734445650019,0.004762734445650019,0.007159016698624932,-0.008777046392208568,0.010627809031882762,-0.0003023401405827242
2023-02-02,3.766591423977095e-05,0.008973134907869941,0.007127369543208417,0.007127369543208417,-0.0002101304711977902,-0.00015509218547462037,0.014556980415781462,-0.00030224132936462755
2023-02-03,0.0002185425306153732,-0.007625171387009187,-0.0051633573771922014,-0.0051633573771922014,0.0002185425306153732,0.0002185425306153732,-0.010629047461188312,0.00030233270680390945
2023-02-06,0.00010949070277943562,-0.006837444558093586,-0.006079533252947689,-0.006079533252947689,0.00010949070277943562,0.00010949070277943562,-0.0061114496083855,-0.006047616897509878
2023-02-07,0.00010928408704979908,0.006930714933071892,0.0089731425414461,-0.00029071591295020094,0.00010928408704979908,0.00010928408704979908,0.013078767365717336,0.004867517717174863
2023-02-08,0.0,-0.007668946726450864,-0.0065271431808837654,0.0,0.0,0.0,-0.010934955574797178,-0.0021193307869703526
2023-02-09,0.0003280110435899264,-0.009832026756257472,-0.006306610342728114,0.0003280110435899264,0.0003280110435899264,0.0003280110435899264,-0.008669125076817275,-0.003944095608638953
2023-02-10,0.00010894449900322734,0.0023402089578361987,0.001471489940917059,0.00010894449900322734,0.00010894449900322734,0.00010894449900322734,0.002333822734685409,0.0006091571471487089
2023-02-13,0.0002188378755647591,0.009687307242110423,0.008000339327311479,0.0002188378755647591,0.0002188378755647591,0.0002188378755647591,0.011738855346036692,0.004261823308586266
2023-02-14,0.0,-0.0026738731373788793,0.00022463330650290825,0.0,0.0,0.0,-0.0004602282540409064,0.0009094948670467229
2023-02-15,0.00021849827603204197,0.003935099340628501,0.0022293675627180765,0.00021849827603204197,0.00021849827603204197,0.00021849827603204197,0.0032473677448865423,0.0012113673805496106
2023-02-16,0.0005463694093017502,-0.009776609885554535,-0.009757957226005809,0.0005463694093017502,0.0005463694093017502,0.0005463694093017502,-0.013768801868919267,-0.005747112583092351
2023-02-17,0.00010872838221787084,-0.0008652609498765427,-0.003530898150012174,0.00010872838221787084,0.00010872838221787084,0.00010872838221787084,-0.002498295071325596,-0.004563501228698752
2023-02-21,0.0,-0.01411695641288314,-0.01644849630964429,0.0,0.0,0.0,-0.020060789797157086,-0.012836202822131493
2023-02-22,0.00032760701148948357,8.760701148948351e-05,-0.002391852978632314,0.00032760701148948357,0.00032760701148948357,0.00032760701148948357,-0.0013782368452914806,-0.0034054691119731473
2023-02-23,0.00032740259699903795,0.00032740259699903795,0.0029703687837795423,0.00032740259699903795,0.00032740259699903795,0.00032740259699903795,0.0053194692655200715,0.0006212683020390131
2023-02-24,0.00010913084370667292,0.00010913084370667292,-0.004720240843880508,0.00010913084370667292,0.00010913084370667292,0.00010913084370667292,-0.010682377041181801,0.0012418953534207855
2023-02-27,0.000108827692754776,0.000108827692754776,0.002943261018463539,0.000108827692754776,0.000108827692754776,0.000108827692754776,0.003405942169356413,0.0024805798675706647
2023-02-28,0.00010930120227437001,0.00010930120227437001,-0.002776016266318515,0.00010930120227437001,0.00010930120227437001,0.00010930120227437001,-0.003696103868382705,-0.001855928664254325
2023-03-01,5.4353449221444805e-05,5.4353449221444805e-05,-0.0006783789854795663,-0.0010783789854795663,-0.0016845985630476405,0.002296436881177915,-0.0038358657027376397,0.002479107731778507
2023-03-02,0.0003280440596169498,0.0003280440596169498,0.0060525244148286195,0.0060525244148286195,-0.0003850818897270903,-0.0003657376217329111,0.007777355364443794,0.004327693465213445
2023-03-03,0.00021888304834227768,0.00021888304834227768,0.013866848190401737,0.013866848190401737,0.00021888304834227768,0.00021888304834227768,0.016037753332985183,0.011695943047818291
2023-03-06,0.00010912657033124162,0.00010912657033124162,-0.0011747249547856553,-0.0011747249547856553,0.00010912657033124162,0.00010912657033124162,0.0006928204409033523,-0.003042270350474663
2023-03-07,0.0,0.0,-0.013615031324776594,-0.0004,0.0,0.0,-0.015328790849801988,-0.0119012717997512
2023-03-08,0.00021842330766785878,0.00021842330766785878,0.0025146961988988803,0.00021842330766785878,0.00021842330766785878,0.00021842330766785878,0.0016321426072882783,0.0033972497905094823
2023-03-09,0.00021856954860743905,0.00021856954860743905,-0.015072883645931567,0.00021856954860743905,0.00021856954860743905,0.00021856954860743905,-0.018449953340476277,-0.011695813951386858
2023-03-10,0.00021823094107564778,0.00021823094107564778,-0.015000393294430647,0.00021823094107564778,0.00021823094107564778,0.00021823094107564778,-0.014429207799616761,-0.015571578789244533
2023-03-13,0.00021866796316616366,0.0024545705096863735,-0.005458001927999445,0.00021866796316616366,0.00021866796316616366,0.00021866796316616366,-0.0014253903075940322,-0.009490613548404858
2023-03-14,0.00010921317287237997,-0.001255382461543686,0.011299159998742092,0.00010921317287237997,0.00010921317287237997,0.00010921317287237997,0.016530052947651086,0.006068267049833098
2023-03-15,0.0005457155467403219,0.0019307166674696675,-0.011222403620604393,0.0005457155467403219,0.0005457155467403219,0.0005457155467403219,-0.006254309492505827,-0.01619049774870296
2023-03-16,0.0004362762173679702,-0.0021227132526883572,0.013290172664578104,0.0004362762173679702,0.0004362762173679702,0.0004362762173679702,0.01754511534914327,0.009035229980012938
2023-03-17,0.0002181881823704046,0.0017476413053319373,-0.00984377644448331,0.0002181881823704046,0.0002181881823704046,0.0002181881823704046,-0.011692681603456823,-0.007994871285509797
2023-03-20,0.00010926385197573829,-0.0008348923785460372,0.008353902769208332,0.00010926385197573829,0.00010926385197573829,0.00010926385197573829,0.009615687989451782,0.0070921175489648824
2023-03-21,0.0,0.0011087710016212916,0.010086411364919279,0.0,0.0,0.0,0.01313058197305228,0.007042240756786278
2023-03-22,0.00021743937317086903,-0.00220406935701246,-0.011583988316061555,0.00021743937317086903,0.00021743937317086903,0.00021743937317086903,-0.017046581720957632,-0.006121394911165479
2023-03-23,0.0004364289181999492,0.005092026904966552,-0.0009057000937619519,0.0004364289181999492,0.0004364289181999492,0.0004364289181999492,0.0027034914293215806,-0.0045148916168454845
2023-03-24,0.00021758738526989063,0.0012031523421125235,0.00457665508467564,0.00021758738526989063,0.00021758738526989063,0.00021758738526989063,0.0065617481347108875,0.0025915620346403934
2023-03-27,-0.00010867334118214167,-0.0046666125228935545,0.004165971991673456,-0.00010867334118214167,-0.00010867334118214167,-0.00010867334118214167,0.0018699203843737244,0.006462023598973188
2023-03-28,0.00021804716954942904,-0.0024154803516363453,1.2460510084855159e-06,0.00021804716954942904,0.00021804716954942904,0.00021804716954942904,-0.0022446079810725106,0.0022471000830894816
2023-03-29,0.0,0.007756853756172558,0.011751694688508896,0.0,0.0,0.0,0.014534808490172857,0.008968580886844935
2023-03-30,0.0002177096136581902,0.004347472559454292,0.005784938415415275,0.0002177096136581902,0.0002177096136581902,0.0002177096136581902,0.005855416045950301,0.005714460784880249
2023-03-31,-0.00021766222649899358,0.00883938872739555,0.010992962264115613,-0.00021766222649899358,-0.00021766222649899358,-0.00021766222649899358,0.014094558134893687,0.00789136639333754
2023-04-03,0.0068044103080191045,5.415659345286979e-05,0.006759675989299607,0.006359675989299607,0.013945213349541135,-0.0014166796970012637,0.0038105603585694148,0.0097087916200298
2023-04-04,-0.0002906880736340153,-0.006570108116354442,-0.002774054624156863,-0.002774054624156863,-0.0005864229328781781,-0.00034728313038031016,-0.005548109248313726,0.0
2023-04-05,0.0005464032527517926,-0.0016583552084919132,-0.004100697877585657,-0.004100697877585657,0.0005464032527517926,0.0005464032527517926,-0.00261829269639946,-0.005583103058771854
2023-04-06,0.00010991640075364018,0.00024766819783395027,0.003042150195802229,0.003042150195802229,0.00010991640075364018,0.00010991640075364018,0.0039008530580915135,0.0021834473335129445
2023-04-10,0.00010903512988269526,0.0016069403690872842,0.0025361518567226238,-0.00029096487011730476,0.00010903512988269526,0.00010903512988269526,0.001026358827913576,0.0040459448855316715
2023-04-11,0.0001093129411264826,0.00012803608914792254,0.0036991848012597472,0.0001093129411264826,0.0001093129411264826,0.0001093129411264826,0.00026872670812028154,0.007129642894399213
2023-04-12,0.00021811920798886497,-0.003335257858192375,-0.0014225578977911657,0.00021811920798886497,0.00021811920798886497,0.00021811920798886497,-0.004076223074504948,0.0012311072789226163
2023-04-13,0.000546192719148797,0.012709817609653841,0.00956173690279527,0.000546192719148797,0.000546192719148797,0.000546192719148797,0.013282856644400987,0.005840617161189554
2023-04-14,0.0,-0.0014853033652268534,-0.000915741569521622,0.0,0.0,0.0,-0.002442868872969295,0.0006113857339260509
2023-04-17,0.0002184350077218955,-0.0001980173180513358,0.003168553664751217,0.0002184350077218955,0.0002184350077218955,0.0002184350077218955,0.0035882513732392596,0.0027488559562631742
2023-04-18,0.0001090971913213501,0.0020357446202486696,0.0015445623290181176,0.0001090971913213501,0.0001090971913213501,0.0001090971913213501,0.0006523460839993334,0.002436778574036902
2023-04-19,0.00010879593951940159,-0.0015173419507198195,-0.00038840890675434503,0.00010879593951940159,0.00010879593951940159,0.00010879593951940159,-0.00016902503412741243,-0.0006077927793812776
2023-04-20,0.0007638032851642329,-0.0061787536144358056,-0.003944645628171983,0.0007638032851642329,0.0007638032851642329,0.0007638032851642329,-0.005457084259788525,-0.0024322069965554416
2023-04-21,-0.00010899017662191479,-0.000721945252892575,0.0022171994812298923,-0.00010899017662191479,-0.00010899017662191479,-0.00010899017662191479,0.0007770349055102876,0.003657364056949497
2023-04-24,0.00010900205677533137,0.0019714716275189394,0.0005216191768884215,0.00010900205677533137,0.00010900205677533137,0.00010900205677533137,0.001043238353776843,0.0
2023-04-25,-0.00010899017662191479,-0.017340286539951323,-0.013858560412639553,-0.00010899017662191479,-0.00010899017662191479,-0.00010899017662191479,-0.015873907494272643,-0.011843213331006464
2023-04-26,0.0002178113601345455,-0.0018586536634159455,-0.0038081102648563347,0.0002178113601345455,0.0002178113601345455,0.0002178113601345455,-0.004235765665595581,-0.0033804548641170884
2023-04-27,0.0003272240273395344,-0.001244211081370059,0.014116911240820595,0.0003272240273395344,0.0003272240273395344,0.0003272240273395344,0.019908232945589743,0.008325589536051448
2023-04-28,0.0,0.001938933380621144,0.0067140416726581,0.0,0.0,0.0,0.008535087846436973,0.004892995498879227
2023-05-01,-0.004833222451913632,-0.0042871740851395486,-0.0008091721513026617,-0.0012091721513026617,-0.014297518702516224,-0.0015187182656501551,-0.0010098799449890228,-0.0006084643576163007
2023-05-02,-0.0006184561545590657,-0.005553185016897922,-0.0006184561545590657,-0.01094846058431137,-0.000935153431694684,-0.0007584049557846427,-0.011239050232229375,-0.010657870936393365
2023-05-03,0.00010934828614139747,-0.002734833136070436,0.00010934828614139747,-0.004663262333211737,0.00010934828614139747,0.00010934828614139747,-0.006864054041337053,-0.0024624706250864214
2023-05-04,0.00032810532277194326,-0.0006146359516185696,0.00032810532277194326,-0.006163994183866595,0.00032810532277194326,0.00032810532277194326,-0.007082850430013554,-0.005245137937719635
2023-05-05,0.00021831203675493072,0.01012127927872115,0.00021831203675493072,-0.0001816879632450693,0.00021831203675493072,0.00021831203675493072,0.018512604893629936,0.014888167301358335
2023-05-08,0.00010937289088919222,-0.0015800091715492436,0.00010937289088919222,0.00010937289088919222,0.00010937289088919222,0.00010937289088919222,0.00026652870974208653,0.0015282736343367187
2023-05-09,0.00010936092976820966,-0.004311655897862666,0.00010936092976820966,0.00010936092976820966,0.00010936092976820966,0.00010936092976820966,-0.004385420612208701,0.0003052263975071856
2023-05-10,0.00010934897126291254,0.007975715578942878,0.00010934897126291254,0.00010934897126291254,0.00010934897126291254,0.00010934897126291254,0.004672445977382145,-0.00335583138598583
2023-05-11,0.0006560220922369187,-0.0014995063453489884,0.0006560220922369187,0.0006560220922369187,0.0006560220922369187,0.0006560220922369187,-0.001744028036294254,-0.0042852309841999725
2023-05-12,0.00021804974843009362,-0.0017657575976505638,0.00021804974843009362,0.00021804974843009362,0.00021804974843009362,0.00021804974843009362,-0.0013102676644470845,0.0003074143638721605
2023-05-15,0.00010933767811960315,0.002161857693271352,0.00010933767811960315,0.00010933767811960315,0.00010933767811960315,0.00010933767811960315,0.0034499132616412354,0.005838950060262249
2023-05-16,-0.00010932572469879442,-0.007051472655905067,-0.00010932572469879442,-0.00010932572469879442,-0.00010932572469879442,-0.00010932572469879442,-0.006682492792676853,-0.014359932197470338
2023-05-17,0.00021877151954474705,0.007440837512989545,0.00021877151954474705,0.00021877151954474705,0.00021877151954474705,0.00021877151954474705,0.012138858327776614,0.0030998082953059836
2023-05-18,0.0005458958210031728,0.00995324049075861,0.0005458958210031728,0.0005458958210031728,0.0005458958210031728,0.0005458958210031728,0.0096332720942236,0.0003090293451257775
2023-05-19,0.0,-0.000830598737344057,0.0,0.0,0.0,0.0,-0.0014550024287960373,0.0027801478628979304
2023-05-22,0.00010906194237869649,0.0011774108073109525,0.00010906194237869649,0.00010906194237869649,0.00010906194237869649,0.00010906194237869649,0.00040595882233196434,0.0
2023-05-23,0.0,-0.008755639326678253,0.0,0.0,0.0,0.0,-0.011222768806316119,-0.009858027462842367
2023-05-24,0.0,-0.00606094340879193,0.0,0.0,0.0,0.0,-0.007244844509494475,-0.010889933228151683
2023-05-25,0.0006543002950116783,0.0128414591020515,0.0006543002950116783,0.0006543002950116783,0.0006543002950116783,0.0006543002950116783,0.008659946234688132,-0.007549425418510003
2023-05-26,0.00021824553823268644,0.01569677706696617,0.00021824553823268644,0.00021824553823268644,0.00021824553823268644,0.00021824553823268644,0.012950739159889313,0.00729002144775448
2023-05-29,0.0,0.0,0.0,0.0,0.0,0.0,0.0,0.002517157589078556
2023-05-30,0.00010885896984480503,0.0013351688420699447,0.00010885896984480503,0.00010885896984480503,0.00010885896984480503,0.00010885896984480503,0.0003809879373752878,-0.010985509397867133
2023-05-31,0.00021798219706470334,-0.005840287719124748,0.00021798219706470334,0.00021798219706470334,0.00021798219706470334,0.00021798219706470334,-0.005545338118146059,-0.00825137307809165
2023-06-01,0.007458826087533743,0.008519158887379287,0.0005581277692268127,0.0067504273651882276,0.016523151618066927,0.01592362620934394,0.009500963351405156,0.004799891378971299
2023-06-02,-0.0002902781975200771,0.012812050188516989,0.00010972180247992291,0.016466216176251436,-0.0006057607868833204,-0.00040918307204369775,0.014461139832323777,0.018471292520179095
2023-06-05,0.0,-0.0051902417024878396,0.0,-0.0031468150727173017,0.0,0.0,-0.001916135541940367,-0.004377494603494236
2023-06-06,0.0002181728279793127,0.008134303797144216,0.0002181728279793127,0.004072287738824842,0.0002181728279793127,0.0002181728279793127,0.002177387434340261,0.005967188043309424
2023-06-07,0.00010920643832834642,-0.0025453554819876655,0.00010920643832834642,-0.0002907935616716536,0.00010920643832834642,0.00010920643832834642,-0.003457724968653264,-0.004058772195436378
2023-06-08,0.0005469312554866601,0.004930017349126682,0.0005469312554866601,0.0005469312554866601,0.0005469312554866601,0.0005469312554866601,0.006048627395324413,-0.0015672324599486087
2023-06-09,0.00010923064068935062,0.0005575827719932701,0.00010923064068935062,0.00010923064068935062,0.00010923064068935062,0.00010923064068935062,0.001794409657078777,-0.0018838661310934812
2023-06-12,0.00010912290477316233,0.010314877439133396,0.00010912290477316233,0.00010912290477316233,0.00010912290477316233,0.00010912290477316233,0.009071796255004205,0.0015729169106526442
2023-06-13,0.00021812620109518122,0.0075697125505535204,0.00021812620109518122,0.00021812620109518122,0.00021812620109518122,0.00021812620109518122,0.006592885646650615,0.003140697485815469
2023-06-14,0.00021874905422647473,0.0008247746821832047,0.00021874905422647473,0.00021874905422647473,0.00021874905422647473,0.00021874905422647473,0.001190861927732989,0.002191585535783025
2023-06-15,0.0004362533839321614,0.01173375859477881,0.0004362533839321614,0.0004362533839321614,0.0004362533839321614,0.0004362533839321614,0.012397796235010583,0.0009371598669456471
2023-06-16,0.00010968577036729599,-0.005605644389283415,0.00010968577036729599,0.00010968577036729599,0.00010968577036729599,0.00010968577036729599,-0.003406396401987921,-0.002496861314911114
2023-06-19,0.0,0.0,0.0,0.0,0.0,0.0,0.0,-0.0015644201184205064
2023-06-20,0.00021781625992645104,-0.005042465124354712,0.00021781625992645104,0.00021781625992645104,0.00021781625992645104,0.00021781625992645104,-0.005188148595161146,-0.009401488902582633
2023-06-21,0.0,-0.007415231300515668,0.0,0.0,0.0,0.0,-0.005123691950710607,-0.0028471884088486776
2023-06-22,0.0004363030966993975,0.001661086643833088,0.0004363030966993975,0.0004363030966993975,0.0004363030966993975,0.0004363030966993975,0.0036097822739908914,-0.005710636074535924
2023-06-23,0.00010902820483149611,-0.0057811693446030155,0.00010902820483149611,0.00010902820483149611,0.00010902820483149611,0.00010902820483149611,-0.007560142095461075,-0.008296065028460697
2023-06-26,0.0001093032040277997,-0.004889459624126258,0.0001093032040277997,0.0001093032040277997,0.0001093032040277997,0.0001093032040277997,-0.0040858877321948706,0.008340771607701969
2023-06-27,0.00021791319099584427,0.009660333837124349,0.00021791319099584427,0.00021791319099584427,0.00021791319099584427,0.00021791319099584427,0.010963529668740257,0.008046062755241001
2023-06-28,0.00010878946199111006,0.000651918902416515,0.00010878946199111006,0.00010878946199111006,0.00010878946199111006,0.00010878946199111006,0.000504165136087531,0.003831559894614811
2023-06-29,0.00032709757773830006,0.0008697524612514051,0.00032709757773830006,0.00032709757773830006,0.00032709757773830006,0.00032709757773830006,0.003941496373466302,0.006361230533119544
2023-06-30,0.000326799509074549,0.009715258644547246,0.000326799509074549,0.000326799509074549,0.000326799509074549,0.000326799509074549,0.011800624690042838,0.011694117064345422
2023-07-03,0.0005120290850977986,0.003285417872256038,0.00025151520477706413,0.0001752926235345068,0.0009591747628463862,0.0006261094725151793,0.0011505852470690137,0.0
2023-07-04,-0.0004,0.0,0.0,0.001249591344721468,-0.0007759026067767722,-0.0005843106582126984,0.0,0.002499182689442936
2023-07-05,0.00010944320055461532,-0.0014989334411946499,0.00010944320055461532,-0.0029249137741316766,0.00010944320055461532,0.00010944320055461532,-0.001487096684625211,-0.004362730863638142
2023-07-06,0.0003280072029809844,-0.006874514039329882,0.0003280072029809844,-0.01111416643353036,0.0003280072029809844,0.0003280072029809844,-0.007830787228407465,-0.014397545638653253
2023-07-07,0.00010929988317798234,-0.0021959679862589843,0.00010929988317798234,-0.0002907001168220177,0.00010929988317798234,0.00010929988317798234,-0.002524592077363219,0.000952702377060799
2023-07-10,0.00021876677199994532,0.002850491358184826,0.00021876677199994532,0.00021876677199994532,0.00021876677199994532,0.00021876677199994532,0.002530981773897434,0.0
2023-07-11,0.00010907318046982084,0.007917994254606998,0.00010907318046982084,0.00010907318046982084,0.00010907318046982084,0.00010907318046982084,0.0063685428910469355,0.0031726083837695374
2023-07-12,0.00021812256961739607,0.008769709955523551,0.00021812256961739607,0.00021812256961739607,0.00021812256961739607,0.00021812256961739607,0.008046041691992745,0.009171505968205595
2023-07-13,0.0004372947557444995,0.009573997157356962,0.0004372947557444995,0.0004372947557444995,0.0004372947557444995,0.0004372947557444995,0.007936792022413153,0.01065494107262177
2023-07-14,0.00010879913220063209,-0.002189933698398572,0.00010879913220063209,0.00010879913220063209,0.00010879913220063209,0.00010879913220063209,-0.0006226747463359272,-0.0012403559749396553
2023-07-17,0.00010916867150889686,0.0057458214575414335,0.00010916867150889686,0.00010916867150889686,0.00010916867150889686,0.00010916867150889686,0.0034721451061374697,-0.0012419603870974516
2023-07-18,0.0,0.006545870801037902,0.0,0.0,0.0,0.0,0.007430576229224384,0.00683882755191223
2023-07-19,0.0002185041768427709,0.0030128752363528296,0.0002185041768427709,0.0002185041768427709,0.0002185041768427709,0.0002185041768427709,0.0022236459284465937,0.005866081851650717
2023-07-20,0.0005453786073192912,-0.00910044205138052,0.0005453786073192912,0.0005453786073192912,0.0005453786073192912,0.0005453786073192912,-0.006634425064859006,-0.0027624221973022722
2023-07-21,0.0,-0.0004476555765448476,0.0,0.0,0.0,0.0,0.0,0.00554008515728599
2023-07-24,0.00010878764080946013,0.005141072267452574,0.00010878764080946013,0.00010878764080946013,0.00010878764080946013,0.00010878764080946013,0.004467271138958395,0.0018365205720665134
2023-07-25,0.00010896630788437278,0.0014721004056946988,0.00010896630788437278,0.00010896630788437278,0.00010896630788437278,0.00010896630788437278,0.0027300664177838385,-0.0009166084743031933
2023-07-26,0.00010943063497759198,-0.0012326108749771475,0.00010943063497759198,0.00010943063497759198,0.00010943063497759198,0.00010943063497759198,0.00015378062467075182,0.0006114858058297035
2023-07-27,0.0005449982577767631,-0.009250471700887287,0.0005449982577767631,0.0005449982577767631,0.0005449982577767631,0.0005449982577767631,-0.006630117800378144,-0.00825168366209994
2023-07-28,0.00010907352793099179,0.00866419575415466,0.00010907352793099179,0.00010907352793099179,0.00010907352793099179,0.00010907352793099179,0.009790405611119102,0.006779689666093214
2023-07-31,0.0001089664649756017,0.0017063472899273792,0.0001089664649756017,0.0001089664649756017,0.0001089664649756017,0.0001089664649756017,0.0019040031346999609,0.004591206754396726
2023-08-01,-0.0037940012183156928,-0.0016956999596616652,0.00026234743383390935,-0.003658850887845999,-0.01933152665444679,-0.0041299422510004645,-0.0028615100807442007,-0.003656191694947797
2023-08-02,-0.00029040806063944624,-0.01653737266467239,0.00010959193936055378,-0.0147535286875346,-0.0007204428066444465,-0.0005478464595190188,-0.013910732595831754,-0.015596324779237447
2023-08-03,0.0004373685064615884,-0.000427148644798163,0.0004373685064615884,-0.003762938848335784,0.0004373685064615884,0.0004373685064615884,-0.0028660810319721675,-0.0046597966646994005
2023-08-04,0.00021849356955749855,-0.001068678784888233,0.00021849356955749855,0.0003916090763083635,0.00021849356955749855,0.00021849356955749855,-0.004522604518271245,0.005305822670887972
2023-08-07,0.0,5.391002789737704e-05,0.0,-0.0004,0.0,0.0,0.008728420261284064,0.0
2023-08-08,0.000218731017883389,-0.0010808183694283491,0.000218731017883389,0.000218731017883389,0.000218731017883389,0.000218731017883389,-0.004348656336598977,-0.0009313422531697091
2023-08-09,0.00010891392008294254,2.8913920082942546e-05,0.00010891392008294254,0.00010891392008294254,0.00010891392008294254,0.00010891392008294254,-0.006685312155942591,0.0034183186147715983
2023-08-10,0.0005463158271847846,0.00033444060067932223,0.0005463158271847846,0.0005463158271847846,0.0005463158271847846,0.0005463158271847846,0.0003590889586930768,0.003096888844839496
2023-08-11,0.00010922250105083187,0.003159437242032981,0.00010922250105083187,0.00010922250105083187,0.00010922250105083187,0.00010922250105083187,-0.0005831591397889024,0.003087455059630262
2023-08-14,0.00010940050422991732,-0.0007578445050876459,0.00010940050422991732,0.00010940050422991732,0.00010940050422991732,0.00010940050422991732,0.005520107735216273,-0.005232461315683112
2023-08-15,0.00010910367108696306,-0.004068165414062652,0.00010910367108696306,0.00010910367108696306,0.00010910367108696306,0.00010910367108696306,-0.011648831285460903,-0.019183144470534708
2023-08-16,0.00021818353754898823,-0.0015594244082820286,0.00021818353754898823,0.00021818353754898823,0.00021818353754898823,0.00021818353754898823,-0.007338157395672895,0.0003152901954508458
2023-08-17,0.00043665158478423116,0.0027428432326401355,0.00043665158478423116,0.00043665158478423116,0.00043665158478423116,0.00043665158478423116,-0.007619872581579368,-0.004099561542064256
2023-08-18,0.00010930501650241453,0.002066085171558729,0.00010930501650241453,0.00010930501650241453,0.00010930501650241453,0.00010930501650241453,0.00048130099528886916,0.0
2023-08-21,0.00010891358039444299,-0.0011739808205296631,0.00010891358039444299,0.00010891358039444299,0.00010891358039444299,0.00010891358039444299,0.006506230353820808,-0.0009498566204262371
2023-08-22,0.00010880685739333984,-0.0014540502578276329,0.00010880685739333984,0.00010880685739333984,0.00010880685739333984,0.00010880685739333984,-0.0027087028977309524,-0.004754582822562248
2023-08-23,0.0002184437057386468,-0.0003277020278508402,0.0002184437057386468,0.0002184437057386468,0.0002184437057386468,0.0002184437057386468,0.011137812060772134,0.00923583147996121
2023-08-24,0.0003269775956811216,-0.001112183797112376,0.0003269775956811216,0.0003269775956811216,0.0003269775956811216,0.0003269775956811216,-0.013859143561956944,-0.004102213330319349
2023-08-25,0.00021794541088393515,0.00013794541088393516,0.00021794541088393515,0.00021794541088393515,0.00021794541088393515,0.00021794541088393515,0.007049798706136423,0.002217997817088424
2023-08-28,0.00021789792103210637,0.00021789792103210637,0.00021789792103210637,0.00021789792103210637,0.00021789792103210637,0.00021789792103210637,0.006341376384739306,0.00948459345185837
2023-08-29,-0.00010897260532938269,-0.00010897260532938269,-0.00010897260532938269,-0.00010897260532938269,-0.00010897260532938269,-0.00010897260532938269,0.014454903521294193,0.013466925175970701
2023-08-30,0.0002178741941900597,0.0002178741941900597,0.0002178741941900597,0.0002178741941900597,0.0002178741941900597,0.0002178741941900597,0.004118729077884575,0.0024722795700993228
2023-08-31,0.0006538591999818433,0.0006538591999818433,0.0006538591999818433,0.0006538591999818433,0.0006538591999818433,0.0006538591999818433,-0.0014634309082703911,-0.0012330276740913915
2023-09-01,0.00571040565750276,0.00045079567189187496,0.00016390243459030174,0.006705436416287247,0.0014068621599170722,0.0016457732452725582,0.0018653101064862732,0.012345562726088222
2023-09-05,-0.0001814045623112378,-0.0009194152721047021,0.00021859543768876222,-0.005362247563462763,-0.0006433581664929373,-0.0003092678329246546,-0.004322054377525419,-0.006402440749400107
2023-09-06,0.0,-0.004909470807122651,0.0,-0.008270758704535364,0.0,0.0,-0.0067224434079588,-0.009819074001111927
2023-09-07,0.0005467004366503936,-0.004760914547471185,0.0005467004366503936,-0.0032393808004663183,0.0005467004366503936,0.0005467004366503936,-0.0030702314830590716,-0.003408530117873565
2023-09-08,0.00010916682535588862,0.002928788640173252,0.00010916682535588862,-0.0002908331746441114,0.00010916682535588862,0.00010916682535588862,0.0015062687139806297,-0.0031094074788253767
2023-09-11,0.0,0.001712505476302284,0.0,0.0,0.0,0.0,0.006576574834277427,0.005302383808716726
2023-09-12,0.0003275593160925183,-0.002155867028059966,0.0003275593160925183,0.0003275593160925183,0.0003275593160925183,0.0003275593160925183,-0.005485640985070206,0.0015513592819627053
2023-09-13,0.00010911916626143991,-0.0003791368103117644,0.00010911916626143991,0.00010911916626143991,0.00010911916626143991,0.00010911916626143991,0.0011657539792462313,0.0034077932789808862
2023-09-14,0.0003276999697827687,0.007524514685597517,0.0003276999697827687,0.0003276999697827687,0.0003276999697827687,0.0003276999697827687,0.00862262164389982,0.015436702332904728
2023-09-15,0.00021823755171679338,-0.013390282114742804,0.00021823755171679338,0.00021823755171679338,0.00021823755171679338,0.00021823755171679338,-0.012048317343959836,0.0006081415101406584
2023-09-18,0.00010914221495195164,0.0007650329517468095,0.00010914221495195164,0.00010914221495195164,0.00010914221495195164,0.00010914221495195164,0.0005865743184108041,-0.004253902036568391
2023-09-19,0.00010950824467648168,-0.00486272795369771,0.00010950824467648168,0.00010950824467648168,0.00010950824467648168,0.00010950824467648168,-0.002074113076517947,-0.013121786796071455
2023-09-20,0.00010864598103865752,-0.002001518610862272,0.00010864598103865752,0.00010864598103865752,0.00010864598103865752,0.00010864598103865752,-0.009193193607153094,-0.0006184201994056115
2023-09-21,0.0005455325044325665,-0.0065001538267186465,0.0005455325044325665,0.0005455325044325665,0.0005455325044325665,0.0005455325044325665,-0.016528432587093578,-0.02042081403043494
2023-09-22,0.00010904701219693891,-5.0952987803061105e-05,0.00010904701219693891,0.00010904701219693891,0.00010904701219693891,0.00010904701219693891,-0.0022483553500496356,-0.000631767894988422
2023-09-25,0.000108751914132732,0.000108751914132732,0.000108751914132732,0.000108751914132732,0.000108751914132732,0.000108751914132732,0.004205135824640438,0.0013390215353976664
2023-09-26,0.00010921205062941475,0.00010921205062941475,0.00010921205062941475,0.00010921205062941475,0.00010921205062941475,0.00010921205062941475,-0.014691178668998939,-0.012416410048406212
2023-09-27,0.00032712846332860757,0.00032712846332860757,0.00032712846332860757,0.00032712846332860757,0.00032712846332860757,0.00032712846332860757,0.0003989066016003573,-0.006447489500496673
2023-09-28,0.00032664408023186375,0.00032664408023186375,0.00032664408023186375,0.00032664408023186375,0.00032664408023186375,0.00032664408023186375,0.005797472109528634,0.008760491855255736
2023-09-29,0.00010894012669493414,0.00010894012669493414,0.00010894012669493414,0.00010894012669493414,0.00010894012669493414,0.00010894012669493414,-0.0024267961311514874,-0.0016081611498854897
2023-10-02,-0.007559866463120242,0.00015334835568792116,0.00015334835568792116,-0.009619547631660773,-0.02759387358290106,0.002321689152036044,-0.00039778278372182285,-0.018041312479599725
2023-10-03,-0.00018132822124798908,0.00021867177875201094,0.00021867177875201094,-0.010958026978925561,-0.0006573140893744428,-0.0002979751783054956,-0.013385948919937496,-0.008530105037913627
2023-10-04,0.00010935912348286614,0.00010935912348286614,0.00010935912348286614,0.0038063467615775393,0.00010935912348286614,0.00010935912348286614,0.007281761297492917,0.00033093222566216163
2023-10-05,0.0006555174034497124,0.0006555174034497124,0.0006555174034497124,0.003119708805278898,0.0006555174034497124,0.0006555174034497124,-0.0003765639277475419,0.006615981538305338
2023-10-06,0.0,0.0,0.0,-0.0004,0.0,0.0,0.011872627045437678,0.00558655277104636
2023-10-09,0.00010965234554283221,0.00010965234554283221,0.00010965234554283221,0.00010965234554283221,0.00010965234554283221,0.00010965234554283221,0.006402345238688323,0.0
2023-10-10,0.0,0.0,0.0,0.0,0.0,0.0,0.0052046930006597325,0.012745012564832514
2023-10-11,0.00021824452655527793,0.00021824452655527793,0.00021824452655527793,0.00021824452655527793,0.00021824452655527793,0.00021824452655527793,0.004096257027888406,0.008389857549278679
2023-10-12,0.0004371471898696466,0.0004371471898696466,0.0004371471898696466,0.0004371471898696466,0.0004371471898696466,0.0004371471898696466,-0.006096458152349715,-0.007999963365937668
2023-10-13,0.00021819569480507894,0.00021819569480507894,0.00021819569480507894,0.00021819569480507894,0.00021819569480507894,0.00021819569480507894,-0.004980803003447165,-0.0019354353690937964
2023-10-16,0.00010897993743341772,0.00010897993743341772,0.00010897993743341772,0.00010897993743341772,0.00010897993743341772,0.00010897993743341772,0.0105213498338943,0.008080117446809698
2023-10-17,0.00010934446300625567,0.00010934446300625567,0.00010934446300625567,0.00010934446300625567,0.00010934446300625567,0.00010934446300625567,-4.582392392504797e-05,0.003847421614683544
2023-10-18,0.0001087679684730336,0.0001087679684730336,0.0001087679684730336,0.0001087679684730336,0.0001087679684730336,0.0001087679684730336,-0.013325020458822001,-0.01213678460447476
2023-10-19,0.00043690615126035226,0.00043690615126035226,0.00043690615126035226,0.00043690615126035226,0.00043690615126035226,0.00043690615126035226,-0.008786304432619407,-0.005496309664087873
2023-10-20,0.00021779344210415275,0.00021779344210415275,0.00021779344210415275,0.00021779344210415275,0.00021779344210415275,0.00021779344210415275,-0.012288198732384625,-0.011703351514591676
2023-10-23,0.00010915506365272165,0.00010915506365272165,0.00010915506365272165,0.00010915506365272165,0.00010915506365272165,0.00010915506365272165,-0.0017331547268149006,-0.0036186326597282825
2023-10-24,0.00010904914224396656,0.00010904914224396656,0.00010904914224396656,0.00010904914224396656,0.00010904914224396656,0.00010904914224396656,0.007539392133975253,-0.002971169805901064
2023-10-25,0.00010894325419430473,0.00010894325419430473,0.00010894325419430473,0.00010894325419430473,0.00010894325419430473,0.00010894325419430473,-0.014352192055823276,-0.001986840591090333
2023-10-26,0.000436289471767326,0.000436289471767326,0.000436289471767326,0.000436289471767326,0.000436289471767326,0.000436289471767326,-0.011974539126637818,-0.003649510026521141
2023-10-27,0.0003264637530817627,0.0003264637530817627,0.0003264637530817627,0.0003264637530817627,0.0003264637530817627,0.0003264637530817627,-0.004532891023922403,-0.006660043814841643
2023-10-30,0.0001090361784106264,0.0001090361784106264,0.0001090361784106264,0.0001090361784106264,0.0001090361784106264,0.0001090361784106264,0.011955874177317805,0.006704697393245862
2023-10-31,0.0,0.0,0.0,0.0,0.0,0.0,0.006280167441762963,0.0006658478075185492
2023-11-01,0.008666545834841074,0.00030641366144790183,0.00030641366144790183,0.010256990853713855,0.01659248836216554,0.016765986548006418,0.010664920566928915,0.010649061140498794
2023-11-02,-7.18069188283984e-05,0.0010881841658914838,0.02367004937625301,0.02407004937625301,-0.0004872403709405499,-0.00014003023691420204,0.0191641890473917,0.028975909705114322
2023-11-03,0.00010933051995709597,0.0019657653434014934,0.009681725935671404,0.009681725935671404,0.00010933051995709597,0.00010933051995709597,0.009123381010599285,0.010240070860743522
2023-11-06,0.0001092247324205875,-0.004497712065437201,-0.0009087371790845733,-0.0009087371790845733,0.0001092247324205875,0.0001092247324205875,0.002300417588351422,-0.004117891946520569
2023-11-07,0.00021870708366056313,-0.0008019859323998401,-0.0028708038595280927,-0.0001812929163394369,0.00021870708366056313,0.00021870708366056313,0.0028461911355182057,-0.008587798854574391
2023-11-08,0.00010909511837331465,0.0022735053072934,-0.0010775064170523985,0.00010909511837331465,0.00010909511837331465,0.00010909511837331465,0.0007323394361862245,-0.0028873522702910215
2023-11-09,0.0005465416258463307,-0.006069012216632207,-0.0021297468162132516,0.0005465416258463307,0.0005465416258463307,0.0005465416258463307,-0.007798757139632295,0.003539263507205792
2023-11-10,0.00010874240162461746,0.010301724445772108,0.00940546858969582,0.00010874240162461746,0.00010874240162461746,0.00010874240162461746,0.015604861740171172,0.0032060754392204682
2023-11-13,0.00010938671079885331,-0.0021926921142624294,0.0011213536936810486,0.00010938671079885331,0.00010938671079885331,0.00010938671079885331,-0.0009532526504951733,0.0031959600378572706
2023-11-14,0.000109468469659868,0.02384983321350682,0.01782393553711792,0.000109468469659868,0.000109468469659868,0.000109468469659868,0.01940077236512172,0.016247098709114116
2023-11-15,0.0002181632732811689,0.0013706400591698034,0.0016855476023486249,0.0002181632732811689,0.0002181632732811689,0.0002181632732811689,0.002117015713398951,0.0012540794912982989
2023-11-16,0.00043698091534571937,0.002395872996651449,0.0009246314223327889,0.00043698091534571937,0.00043698091534571937,0.00043698091534571937,0.001223232488369863,0.0006260303562957148
2023-11-17,0.00021802041768714808,0.0018901567809213485,0.0034379220127940258,0.00021802041768714808,0.00021802041768714808,0.00021802041768714808,0.0012437525796122895,0.005632091445975762
2023-11-20,0.0,0.006145846830678048,0.005560147799911652,0.0,0.0,0.0,0.007697695690933148,0.003422599908890156
2023-11-21,0.0003270529736867367,-0.004218768236217407,-0.004035523333957236,0.0003270529736867367,0.0003270529736867367,0.0003270529736867367,-0.0021795630283960588,-0.005891483639518413
2023-11-22,0.0004361776609644874,0.002748315685197067,0.0019304866043547975,0.0004361776609644874,0.0004361776609644874,0.0004361776609644874,0.003860973208709595,0.0
2023-11-23,0.0,-0.0003195595446927824,0.00031187545998601074,0.0,0.0,0.0,0.0,0.0006237509199720215
2023-11-24,0.00010890331369206585,0.0009342017003339809,-0.0003157984316117246,0.00010890331369206585,0.00010890331369206585,0.00010890331369206585,0.0006151910567813168,-0.001246787920004766
2023-11-27,0.00010898500441181014,0.00030260408923941105,-0.002460922577951219,0.00010898500441181014,0.00010898500441181014,0.00010898500441181014,-0.0018007609868675445,-0.0031210841690348934
2023-11-28,0.00021794625594995232,0.002520913788287604,0.0006514586414818613,0.00021794625594995232,0.00021794625594995232,0.00021794625594995232,0.0009899341071855083,0.0003129831757782142
2023-11-29,0.00010894938286476474,0.0048644946098270305,0.00183921618888655,0.00010894938286476474,0.00010894938286476474,0.00010894938286476474,-0.0007034327420673003,0.0043818651198404
2023-11-30,0.0004356565481637986,0.004943347641824246,0.005240793644633701,0.0004356565481637986,0.0004356565481637986,0.0004356565481637986,0.003937496923179573,0.006544090366087829
2023-12-01,0.0077031129726410396,0.010530307025161181,0.008066242381378541,0.007666242381378541,0.022421416419759546,0.0093816154671661,0.005915863686980938,0.010216621075776144
2023-12-04,-0.0004,-0.0015675785154481538,-0.0035440182827420896,-0.0035440182827420896,-0.0007408364446817022,-0.0006380247744077196,-0.005249346358470519,-0.0018386902070136601
2023-12-05,0.00021876282287958126,-0.000123992632613512,-0.0008660676596488059,-0.0008660676596488059,0.00021876282287958126,0.00021876282287958126,-0.0001969872833995634,-0.0015351480358980485
2023-12-06,0.00010931077408105061,-0.0036245990783530407,-0.00447497754488807,-0.00447497754488807,0.00010931077408105061,0.00010931077408105061,-0.004029840397110629,-0.0049201146926655115
2023-12-07,0.0004375689773683522,0.0017281901287286596,0.004124292003861552,3.756897736835219e-05,0.0004375689773683522,0.0004375689773683522,0.007630426110675437,0.0006181578970476664
2023-12-08,0.00021822191254283752,0.0006037016006580133,0.0035392824935732703,0.00021822191254283752,0.00021822191254283752,0.00021822191254283752,0.004299109572013071,0.0027794554151334694
2023-12-11,0.00021873444154429933,0.001909697914025612,0.0016367650849460347,0.00021873444154429933,0.00021873444154429933,0.00021873444154429933,0.003889530902242866,-0.0006160007323507966
2023-12-12,0.0,0.0014958473942575435,0.0002805588531151759,0.0,0.0,0.0,0.004567212463758574,-0.004006094757528222
2023-12-13,0.00010882995478245228,0.019851950294014653,0.016641409640489657,0.00010882995478245228,0.00010882995478245228,0.00010882995478245228,0.013790132375123054,0.01949268690585626
2023-12-14,0.00043704564238522536,0.011752874570090511,0.00570177401381311,0.00043704564238522536,0.00043704564238522536,0.00043704564238522536,0.0032093653866887006,0.00819418264093752
2023-12-15,0.0003275244311675696,-0.006570646713372308,-0.006994226604514042,0.0003275244311675696,0.0003275244311675696,0.0003275244311675696,-0.001646461952551359,-0.012341991256476725
2023-12-18,0.00012067156054818007,0.0016067942967858736,0.00525089069207052,0.00012067156054818007,0.00012067156054818007,0.00012067156054818007,0.005625154735965587,0.004876626648175453
2023-12-19,0.0,0.0069409737772129455,0.008196507904615569,0.0,0.0,0.0,0.0060807458678797666,0.01031226994135137
2023-12-20,0.00021940179489865486,-0.010345574916831303,-0.012632632927919829,0.00021940179489865486,0.00021940179489865486,0.00021940179489865486,-0.013857197336850313,-0.011408068518989345
2023-12-21,0.0006574084440813532,0.006555615190758024,0.008840582101036554,0.0006574084440813532,0.0006574084440813532,0.0006574084440813532,0.009481878761340878,0.008199285440732229
2023-12-22,0.0001095581981813698,0.0013593585771095149,0.003565088112693071,0.0001095581981813698,0.0001095581981813698,0.0001095581981813698,0.0020097299447832118,0.0051204462806029305
2023-12-26,0.00021927869604998484,0.00313014317125071,0.002111234191214728,0.00021927869604998484,0.00021927869604998484,0.00021927869604998484,0.004222468382429456,0.0
2023-12-27,0.0,0.004921073841855561,0.004350280893308245,0.0,0.0,0.0,0.001808101093975223,0.006892460692641267
2023-12-28,0.0006567605592746606,0.0011957427949995218,-0.001187826947077586,0.0006567605592746606,0.0006567605592746606,0.0006567605592746606,0.0003777782220157899,-0.002753432116170962
2023-12-29,0.0,-0.002930959665926425,-0.000697215278573915,0.0,0.0,0.0,-0.002894986119617915,0.001500555562470085
2024-01-02,-0.007007683179094649,-0.0006028632921995624,-0.004746024264450033,-0.005146024264450033,-0.013339864162887903,-0.02957535681593371,-0.005596449629076128,-0.0038955988998239377
2024-01-03,-7.205727942110018e-05,-0.008446973714358963,-0.005286638173013225,-0.005286638173013225,-0.0004106594832612786,-0.0003178843802000295,-0.008166548148465402,-0.0024067281975610477
2024-01-04,0.00032848641442151383,-0.0008686546597859836,-0.00040433735108236224,-0.00040433735108236224,0.00032848641442151383,0.00032848641442151383,-0.003221209214564258,0.0024125345123995334
2024-01-05,0.00010918051929387218,0.0007697216292336152,0.0020387130134728038,0.0020387130134728038,0.00010918051929387218,0.00010918051929387218,0.0013698032919413627,0.0027076227350042448
2024-01-08,0.00010907561162309953,0.005498641716937991,0.010438156048010239,-0.0002909243883769005,0.00010907561162309953,0.00010907561162309953,0.014275849298781562,0.006600462797238915
2024-01-09,0.00010952860765423011,-0.0032781799256001555,-0.0025468258790196097,0.00010952860765423011,0.00010952860765423011,0.00010952860765423011,-0.0015171280196250025,-0.0035765237384142168
2024-01-10,0.00021875432011886353,0.0006346694020129551,0.0028277989866111186,0.00021875432011886353,0.00021875432011886353,0.00021875432011886353,0.005655597973222237,0.0
2024-01-11,0.0005460690833622994,-0.0029748752585215814,-0.001716048115736002,0.0005460690833622994,0.0005460690833622994,0.0005460690833622994,-0.0004407389505373116,-0.0029913572809346922
2024-01-12,0.00021858711346744997,0.0002795974818867198,0.0018465241872787086,0.00021858711346744997,0.00021858711346744997,0.00021858711346744997,0.0006927160276115618,0.0030003323469458554
2024-01-15,0.0,0.0008375216612224623,0.0020938041530561557,0.0,0.0,0.0,0.0,0.0041876083061123115
2024-01-16,0.00010913035644288804,-0.002568659649581773,-0.004963411171785281,0.00010913035644288804,0.00010913035644288804,0.00010913035644288804,-0.003671240950010146,-0.0062555813935604165
2024-01-17,0.00021842263014471008,-0.00218340830796969,-0.008474680461353579,0.00021842263014471008,0.00021842263014471008,0.00021842263014471008,-0.0055586288622798685,-0.011390732060427289
2024-01-18,0.0004368427107199757,0.0003568427107199757,0.005810886947483884,0.0004368427107199757,0.0004368427107199757,0.0004368427107199757,0.008892743767643818,0.0027290301273239503
2024-01-19,0.00010876856536490287,0.008481520818339243,0.009861665635024996,0.00010876856536490287,0.00010876856536490287,0.00010876856536490287,0.012466215601009356,0.007257115669040637
2024-01-22,0.00010894232775049417,0.001526888664818662,0.0016576243228920706,0.00010894232775049417,0.00010894232775049417,0.00010894232775049417,0.0021143216898256156,0.0012009269559585256
2024-01-23,0.00010948717506198413,0.0024757093895753004,0.004007010836139968,0.00010948717506198413,0.00010948717506198413,0.00010948717506198413,0.002916478516551635,0.005097543155728301
2024-01-24,0.00010919686218135993,0.003513508641672791,0.0006957006583993008,0.00010919686218135993,0.00010919686218135993,0.00010919686218135993,0.0010932628205506667,0.000298138496247935
2024-01-25,0.000545182574009484,0.0032690988375231986,0.004657893119599743,0.000545182574009484,0.000545182574009484,0.000545182574009484,0.005438776457945327,0.0038770097812541593
2024-01-26,0.00010884730151405897,-0.0029824242550813814,-0.00033805917678914055,0.00010884730151405897,0.00010884730151405897,0.00010884730151405897,-0.0012703986234009479,0.0005942802698226668
2024-01-29,0.00010892815988539084,0.006755312669660186,0.0058896161229200494,0.00010892815988539084,0.00010892815988539084,0.00010892815988539084,0.007919308311993944,0.0038599239338461544
2024-01-30,0.00010947246415282663,-0.0003707220668317746,0.00020481120865212255,0.00010947246415282663,0.00010947246415282663,0.00010947246415282663,-0.0007733641731895169,0.001182986590493762
2024-01-31,0.00010853363550977768,-0.01554012961892306,-0.012442229431017915,0.00010853363550977768,0.00010853363550977768,0.00010853363550977768,-0.016317324590489846,-0.008567134271545984
2024-02-01,0.005612043851721693,0.008576119827629914,0.008480861696468667,0.008080861696468667,0.017964466000043585,0.013766621108827117,0.013088179485211349,0.0038735439077259848
2024-02-02,-0.00018121297490418764,0.008081369019006758,0.004521672325344672,0.004521672325344672,-0.0006032502178652021,-0.00036614679937944667,0.010527360256687768,-0.0014840156059984233
2024-02-05,0.0,-0.003735856317020847,-0.006874074723802692,-0.006874074723802692,0.0,0.0,-0.003641132337147135,-0.01010701711045825
2024-02-06,0.00021864656019698891,-0.00036177348022992995,0.003553819118477186,0.003553819118477186,0.00021864656019698891,0.00021864656019698891,0.0029032537875666176,0.004204384449387755
2024-02-07,0.00010934567584608423,0.007888191703330306,0.004469034566168983,-0.0002906543241539158,0.00010934567584608423,0.00010934567584608423,0.00834030485462911,0.0005977642777088565
2024-02-08,0.0004373348827060308,0.0004054669163909397,-0.0011239755426180054,0.0004373348827060308,0.0004373348827060308,0.0004373348827060308,0.0004416874150769967,-0.0026896385003130074
2024-02-09,0.00010919338935821976,0.006402530136466699,0.005137375990688753,0.00010919338935821976,0.00010919338935821976,0.00010919338935821976,0.005779525577980893,0.004495226403396613
2024-02-12,0.000218825568264025,-0.0014257920566901564,0.001122902545927229,0.000218825568264025,0.000218825568264025,0.000218825568264025,-0.0004390181849750485,0.0026848232768295066
2024-02-13,0.0,-0.020275901196424608,-0.018192709178047883,0.0,0.0,0.0,-0.013772926717276479,-0.022612491638819288
2024-02-14,0.00021813014913885098,0.010696907492906539,0.012002002264675182,0.00021813014913885098,0.00021813014913885098,0.00021813014913885098,0.009087602657076976,0.014916401872273388
2024-02-15,0.0005462237956395111,0.006998150552678207,0.011548187878940408,0.0005462237956395111,0.0005462237956395111,0.0005462237956395111,0.0068997302180955344,0.01619664553978528
2024-02-16,0.0002183332649308145,-0.008152222399623998,-0.0018995354752932014,0.0002183332649308145,0.0002183332649308145,0.0002183332649308145,-0.004979973581171526,0.0011809026305851233
2024-02-20,0.00010914280296092649,-0.007956861839814922,-0.0031948944480000296,0.00010914280296092649,0.00010914280296092649,0.00010914280296092649,-0.0055053813304049015,-0.0008844075655951578
2024-02-21,0.00010885367561797032,-0.00027334435958576526,-0.0005799924267814172,0.00010885367561797032,0.00010885367561797032,0.00010885367561797032,0.0009058194007618425,-0.002065804254324677
2024-02-22,0.000545872256837221,0.008352037712163564,0.013600279971555662,0.000545872256837221,0.000545872256837221,0.000545872256837221,0.020695425164566572,0.006505134778544752
2024-02-23,0.00010896713652752688,-0.00039965557924738016,0.0026950250840962475,0.00010896713652752688,0.00010896713652752688,0.00010896713652752688,0.0006896579920787627,0.004700392176113732
2024-02-26,0.0,0.00012831945077578248,-0.0038779504776147444,0.0,0.0,0.0,-0.0036624553660885573,-0.004093445589140932
2024-02-27,0.00021827986784650477,0.003377006623195289,0.0009288119594744737,0.00021827986784650477,0.00021827986784650477,0.00021827986784650477,0.0018576239189489474,0.0
2024-02-28,0.00010893148643376094,-0.0026259860875367256,-0.002275599532194472,0.00010893148643376094,0.00010893148643376094,0.00010893148643376094,-0.0013216409259561024,-0.003229558138432842
2024-02-29,0.0004358630961585064,0.004707479273879045,0.004595603283571226,0.0004358630961585064,0.0004358630961585064,0.0004358630961585064,0.0035949682739748745,0.005596238293167577
2024-03-01,0.009819956078368275,0.009083410014025328,0.009527299763170793,0.009127299763170794,0.020702587524218486,0.015184096771322491,0.009388269409163819,0.009666330117177768
2024-03-04,-0.00029078864984137775,-0.002750755021682161,-0.0012615629555397523,-0.0012615629555397523,-0.0007234385562099883,-0.0004531697580798013,-0.001072337708464599,-0.0014507882026149055
2024-03-05,0.0,-0.005969888492970044,-0.005142385422468754,-0.005142385422468754,0.0,0.0,-0.009994191635525618,-0.00029057920941188975
2024-03-06,0.00021904445338871703,0.005423714804095781,0.004422617158081232,0.004422617158081232,0.00021904445338871703,0.00021904445338871703,0.005067315538934913,0.0037779187772275513
2024-03-07,0.00043670204020807013,0.008090503367881263,0.009450877885948339,3.670204020807011e-05,0.00043670204020807013,0.00043670204020807013,0.009926389913529787,0.00897536585836689
2024-03-08,0.00010931219128629266,-0.0031621122916378084,-0.004292340738200062,0.00010931219128629266,0.00010931219128629266,0.00010931219128629266,-0.0060020870452236474,-0.002582594431176477
2024-03-11,0.00010957671960110105,-9.15328596763354e-05,0.0002891741157861061,0.00010957671960110105,0.00010957671960110105,0.00010957671960110105,-0.0008599855329767259,0.001438333764548938
2024-03-12,0.00032749620946637137,0.005266820354921476,0.007102414195475415,0.00032749620946637137,0.00032749620946637137,0.00032749620946637137,0.010757411600059497,0.0034474167908913333
2024-03-13,0.0,0.0035917166431452376,0.0025085512939314603,0.0,0.0,0.0,-0.0015675903493668208,0.006584692937229741
2024-03-14,0.0004368257159355071,-0.0040225272003904244,-0.003690290262947371,0.0004368257159355071,0.0004368257159355071,0.0004368257159355071,-0.00197670025956298,-0.005403880266331762
2024-03-15,0.00021831749127332323,-0.003391452159914152,-0.003004367642656214,0.00021831749127332323,0.00021831749127332323,0.00021831749127332323,-0.00686664601516096,0.0008579107298485322
2024-03-18,0.00010936506491332487,0.0029905027143230537,0.0026857558798496495,0.00010936506491332487,0.00010936506491332487,0.00010936506491332487,0.00594315559991454,-0.0005716438402152413
2024-03-19,0.0002180618745275531,0.004459608797134385,0.0033503104401136907,0.0002180618745275531,0.0002180618745275531,0.0002180618745275531,0.005557027964436134,0.0011435929157912472
2024-03-20,0.00010923723695865917,0.00399762164623596,0.008908104002149586,0.00010923723695865917,0.00010923723695865917,0.00010923723695865917,0.00924946480980915,0.008566743194490023
2024-03-21,0.0003272158267191294,0.003817312052073021,0.0025016325512896564,0.0003272158267191294,0.0003272158267191294,0.0003272158267191294,0.003304791921188821,0.0016984731813904919
2024-03-22,0.0001091895769305129,-0.00389301464369952,-0.0032966278579598107,0.0001091895769305129,0.0001091895769305129,0.0001091895769305129,-0.001895813102644417,-0.0046974426132752045
2024-03-25,0.00021798740051215404,-0.0004755742732897251,-0.00209659900676068,0.00021798740051215404,0.00021798740051215404,0.00021798740051215404,-0.0027628933821884916,-0.0014303046313328682
2024-03-26,0.0001088779884204083,-0.002168805823364517,-0.0016395192671559977,0.0001088779884204083,0.0001088779884204083,0.0001088779884204083,-0.0018470320741533763,-0.001432006460158619
2024-03-27,0.0006538404460127989,0.008595840393464371,0.009221953143658812,0.0006538404460127989,0.0006538404460127989,0.0006538404460127989,0.008403864922472248,0.010040041364845376
2024-03-28,0.0,0.0034219696804412836,0.0013244524357231557,0.0,0.0,0.0,-0.00019127860612588865,0.0028401834775722
2024-04-01,-0.0011897360015299724,0.0006927305664803375,-0.0003034453085130062,-0.0007034453085130062,-0.012791143052916589,-0.01078223582428544,-0.0017396321751064203,0.0011327415580804079
2024-04-02,-0.00018118344846622636,-0.0022695748253283915,-0.005724932485934364,-0.005724932485934364,-0.0006790968962914175,-0.00042753914880852605,-0.006357895745203179,-0.005091969226665549
2024-04-03,0.0,0.0022824748389422165,0.0014021406680498893,0.0014021406680498893,0.0,0.0,0.001098233053498765,0.0017060482826010137
2024-04-04,0.0004378128899571454,-0.0083907795109194,-0.007380343760596986,-0.007380343760596986,0.0004378128899571454,0.0004378128899571454,-0.012206030849658323,-0.002554656671535649
2024-04-05,0.00021830573451886437,0.005899982863400127,0.010061182723089979,-0.00018169426548113565,0.00021830573451886437,0.00021830573451886437,0.010446735059327139,0.009675630386852818
2024-04-08,0.00010940439038353844,-0.0002980456979070567,0.0004207313877818697,0.00010940439038353844,0.00010940439038353844,0.00010940439038353844,0.0005594351482329785,0.0002820276273307609
2024-04-09,0.00010893356154006995,-0.00014294698243981778,0.0028325025178654872,0.00010893356154006995,0.00010893356154006995,0.00010893356154006995,0.001156792372928317,0.0045082126628026575
2024-04-10,0.00021894453866888597,-0.003686733231267248,-0.008512965545481421,0.00021894453866888597,0.00021894453866888597,0.00021894453866888597,-0.010013165291548054,-0.0070127657994147885
2024-04-11,0.00032751923992058174,-0.0008741276972027512,0.0016547594510570862,0.00032751923992058174,0.00032751923992058174,0.00032751923992058174,0.007546985320680211,-0.004237466418566038
2024-04-12,0.00010913733539630321,-0.005174512651953767,-0.011865968433500407,0.00010913733539630321,0.00010913733539630321,0.00010913733539630321,-0.013803088195717739,-0.009928848671283075
2024-04-15,0.0002184342555531238,-0.0017776963686857749,-0.009845818646976534,0.0002184342555531238,0.0002184342555531238,0.0002184342555531238,-0.012528166703078103,-0.007163470590874965
2024-04-16,0.00010910159421273491,-0.00165588156190728,-0.00322058768544059,0.00010910159421273491,0.00010910159421273491,0.00010910159421273491,-0.0018237876332101166,-0.004617387737671064
2024-04-17,0.00010927303637409125,2.9273036374091255e-05,-0.0025242582006535508,0.00010927303637409125,0.00010927303637409125,0.00010927303637409125,-0.005918300011035549,0.0008697836097284473
2024-04-18,0.0005457555134460446,0.0005457555134460446,-1.5006751697133058e-05,0.0005457555134460446,0.0005457555134460446,0.0005457555134460446,-0.0020577059283769517,0.0020276924249826855
2024-04-19,0.00010910988776524633,0.00010910988776524633,-0.0017622433568137419,0.00010910988776524633,0.00010910988776524633,0.00010910988776524633,-0.008728335232320639,0.005203848518693155
2024-04-22,0.00021819596819283582,0.00021819596819283582,0.006042571516962636,0.00021819596819283582,0.00021819596819283582,0.00021819596819283582,0.009209134257071705,0.002876008776853567
2024-04-23,0.00010898260253022762,0.00010898260253022762,0.009231258967253853,0.00010898260253022762,0.00010898260253022762,0.00010898260253022762,0.01186657486605891,0.006595943068448795
2024-04-24,0.0,0.0,-0.003086233662515925,0.0,0.0,0.0,-0.00047452846368123414,-0.0056979388613506154
2024-04-25,0.0005451283492015069,0.0005451283492015069,-0.0017563272514493633,0.0005451283492015069,0.0005451283492015069,0.0005451283492015069,-0.0037990221536245983,0.00028636765072587167
2024-04-26,0.0,0.0,0.007028623588426597,0.0,0.0,0.0,0.009474017134525559,0.004583230042327635
2024-04-29,0.00021773118975043637,0.00021773118975043637,0.0020558657455526097,0.00021773118975043637,0.00021773118975043637,0.00021773118975043637,0.003541427118913587,0.0005703043721916323
2024-04-30,0.00010934515883698204,0.00010934515883698204,-0.013762642696032945,0.00010934515883698204,0.00010934515883698204,0.00010934515883698204,-0.015841227166982663,-0.011684058225083227
2024-05-01,-0.0043974122475902875,0.00019670827458395657,-0.0016236063941059697,-0.00202360639410597,-0.00024675698525426185,-0.005538051677282788,-0.0032472127882119395,0.0
2024-05-02,0.0001470158774560918,0.0005470158774560918,0.0001470158774560918,0.006839360871560118,-0.00031587002510388837,-1.4751434938176425e-05,0.009353513475863107,0.00432520826725713
2024-05-03,0.00010961763558503534,0.00010961763558503534,0.00010961763558503534,0.009212308022749638,0.00010961763558503534,0.00010961763558503534,0.012395332543550186,0.00602928350194909
2024-05-06,0.0,0.0,0.0,0.012155378113876125,0.0,0.0,0.010326856840222387,0.013983899387529863
2024-05-07,0.00010887430730899261,0.0003723601194630356,0.00010887430730899261,-0.0002911256926910074,0.00010887430730899261,0.00010887430730899261,0.0011034840257218015,0.0014074722473260692
2024-05-08,0.0002189131651453291,-0.0005539690702353273,0.0002189131651453291,0.0002189131651453291,0.0002189131651453291,0.0002189131651453291,9.648175522136704e-05,-0.001686502106596155
2024-05-09,0.0005461122129004625,0.0005832311749689456,0.0005461122129004625,0.0005461122129004625,0.0005461122129004625,0.0005461122129004625,0.005762107792083304,0.005630678235983622
2024-05-10,0.0,-0.0020850134454008093,0.0,0.0,0.0,0.0,0.001287867212364846,-0.003359558531634499
2024-05-13,0.00021856312419044066,0.0005799578925543836,0.00021856312419044066,0.00021856312419044066,0.00021856312419044066,0.00021856312419044066,0.00013436765336738432,-0.002247142090834209
2024-05-14,0.00010939465399828485,0.0054627030296009686,0.00010939465399828485,0.00010939465399828485,0.00010939465399828485,0.00010939465399828485,0.0045881622177876835,0.0005631928260416696
2024-05-15,0.00010901747046054844,0.010466614381615759,0.00010901747046054844,0.00010901747046054844,0.00010901747046054844,0.00010901747046054844,0.012383067094086764,0.0019694974913637697
2024-05-16,0.00043684399794141626,-0.0016304398136193002,0.00043684399794141626,0.00043684399794141626,0.00043684399794141626,0.00043684399794141626,-0.002057639461244154,0.0008425407710728194
2024-05-17,0.0001088667347060035,0.0013690693482994567,0.0001088667347060035,0.0001088667347060035,0.0001088667347060035,0.0001088667347060035,0.0014377806840857321,0.00701439415200622
2024-05-20,0.00021843972537172185,-0.0032354826947699426,0.00021843972537172185,0.00021843972537172185,0.00021843972537172185,0.00021843972537172185,0.0011519354291060768,0.0
2024-05-21,0.00010901356046599808,0.0018077309065408277,0.00010901356046599808,0.00010901356046599808,0.00010901356046599808,0.00010901356046599808,0.0024524666807941298,0.000557386769284518
2024-05-22,0.0002182769999892198,-0.005234380466722289,0.0002182769999892198,0.0002182769999892198,0.0002182769999892198,0.0002182769999892198,-0.002879042807329757,-0.005569526174940775
2024-05-23,0.0006541409272897702,-0.012399111715478741,0.0006541409272897702,0.0006541409272897702,0.0006541409272897702,0.0006541409272897702,-0.007304396917582778,-0.006440674862457474
2024-05-24,0.00010899778541295646,0.002840348847277143,0.00010899778541295646,0.00010899778541295646,0.00010899778541295646,0.00010899778541295646,0.0066163943999355546,0.004791511730654063
2024-05-27,0.0,-0.00022630349493620632,0.0,0.0,0.0,0.0,0.0,0.0030852455764447395
2024-05-28,-0.00010898590619046189,-0.0035866286454978805,-0.00010898590619046189,-0.00010898590619046189,-0.00010898590619046189,-0.00010898590619046189,0.0006989883256873775,-0.005033250425965474
2024-05-29,0.0002179044355536952,-0.0029194765007714055,0.0002179044355536952,0.0002179044355536952,0.0002179044355536952,0.0002179044355536952,-0.00700262895838899,-0.01602040864946641
2024-05-30,0.0002178569635549188,-0.0033387336689313374,0.0002178569635549188,0.0002178569635549188,0.0002178569635549188,0.0002178569635549188,-0.0066338162952711555,0.00771201498268459
2024-05-31,0.00021762732109231742,5.76273210923174e-05,0.00021762732109231742,0.00021762732109231742,0.00021762732109231742,0.00021762732109231742,0.009108214196316355,0.00963723613957268
2024-06-03,-0.0038804409286776974,0.00016439173101390203,0.00016439173101390203,-0.003642006141493059,0.0010145688003049868,0.0007653745204376416,0.0008152404198553675,-0.0072992527028414855
2024-06-04,-0.00018118094177981236,0.0011848032991759094,0.00021881905822018766,-0.0022690762040405987,-0.0006668084264905902,-0.0004923168434330038,0.0011178899444297397,-0.005656042352510937
2024-06-05,0.00010906695044710091,0.0010265451557670336,0.00010906695044710091,0.009782204743826295,0.00010906695044710091,0.00010906695044710091,0.011885181288487923,0.007679228199164667
2024-06-06,0.00010951021080307655,-0.00040465112796492334,0.00010951021080307655,0.0016841529979644831,0.00010951021080307655,0.00010951021080307655,-1.852301249838373e-05,0.00338682900842735
2024-06-07,0.0004374467527361592,-0.0011810974720486646,0.0004374467527361592,3.7446752736159164e-05,0.0004374467527361592,0.0004374467527361592,-0.0012157417572239426,-0.009282569153175935
2024-06-10,0.0002185367572093977,0.0011514827039478706,0.0002185367572093977,0.0002185367572093977,0.0002185367572093977,0.0002185367572093977,0.003089536096547718,0.002555381888454278
2024-06-11,0.00010897162080647504,0.0058779819223933405,0.00010897162080647504,0.00010897162080647504,0.00010897162080647504,0.00010897162080647504,0.0024083392358962286,-0.007646605667731676
2024-06-12,0.0002187380569476094,0.00945306864458142,0.0002187380569476094,0.0002187380569476094,0.0002187380569476094,0.0002187380569476094,0.008212993608445407,0.0034246401760551493
2024-06-13,0.00010911778182465248,0.004387900316923821,0.00010911778182465248,0.00010911778182465248,0.00010911778182465248,0.00010911778182465248,0.0020137416563510424,-0.011945389552846963
2024-06-14,0.0005461658331129549,0.00244628774977298,0.0005461658331129549,0.0005461658331129549,0.0005461658331129549,0.0005461658331129549,0.0006082700460166013,-0.0025908057187348232
2024-06-17,0.00010913719099225894,0.006736984368210265,0.00010913719099225894,0.00010913719099225894,0.00010913719099225894,0.00010913719099225894,0.007958943634686966,-0.0014428681413526379
2024-06-18,0.00021806883869901483,0.0015087990873052348,0.00021806883869901483,0.00021806883869901483,0.00021806883869901483,0.00021806883869901483,0.002540720150261855,0.0011559857464589207
2024-06-19,0.0,-0.0002140383724327677,0.0,0.0,0.0,0.0,0.0,-0.004330086855762638
2024-06-20,0.00021829382166704825,-0.004716934884111446,0.00021829382166704825,0.00021829382166704825,0.00021829382166704825,0.00021829382166704825,-0.002716558424119553,0.0023194619700224184
2024-06-21,0.00032723303624115907,-0.0011597359527949491,0.00032723303624115907,0.00032723303624115907,0.00032723303624115907,0.00032723303624115907,-0.001340607764340862,-0.0008680043710803664
2024-06-24,0.00021799320053705884,-0.007715195677816288,0.00021799320053705884,0.00021799320053705884,0.00021799320053705884,0.00021799320053705884,-0.0032508542801212847,0.01331815830218841
2024-06-25,0.0,0.004846712821054125,0.0,0.0,0.0,0.0,0.0038509848895005305,-0.0018428087269719562
2024-06-26,0.00010919977713452766,-0.0022644544597120843,0.00010919977713452766,0.00010919977713452766,0.00010919977713452766,0.00010919977713452766,0.001248271084342223,0.0
2024-06-27,0.00021801265580712048,0.0006849719474675054,0.00021801265580712048,0.00021801265580712048,0.00021801265580712048,0.00021801265580712048,0.0015763469388081486,0.006634065948286194
2024-06-28,0.0003269477049732128,-0.001102987312648018,0.0003269477049732128,0.0003269477049732128,0.0003269477049732128,0.0003269477049732128,-0.003935065191992049,-0.0014325489914308598
2024-07-01,0.002654758492986037,0.0035342379929945715,0.0003500635085416093,0.0006290692695014148,-0.003646298410440921,0.0100705817464193,0.0020581385390028295,0.0
2024-07-02,-0.0002905470859271727,0.0051120016172600865,0.00010945291407282731,0.0050865051490771584,-0.0007771201283469741,-0.0006104418850687724,0.00672966152911969,0.0034433487690346265
2024-07-03,0.000328050790749268,0.004619446276607766,0.000328050790749268,0.008665340787991083,0.000328050790749268,0.000328050790749268,0.00446263401814706,0.012868047557835105
2024-07-04,0.0,-7.999999999999999e-05,0.0,0.0005646749613079649,0.0,0.0,0.0,0.0011293499226159298
2024-07-05,0.00032785256659528805,0.0006774643846801267,0.00032785256659528805,-7.214743340471197e-05,0.00032785256659528805,0.00032785256659528805,0.005766370396420806,-0.008460230578900885
2024-07-08,0.00021901021337855653,0.0003215556107997843,0.00021901021337855653,0.00021901021337855653,0.00021901021337855653,0.00021901021337855653,0.0011538715866978855,0.002559542750322441
2024-07-09,0.0,-1.4262230026828877e-05,0.0,0.0,0.0,0.0,0.0009725098044246483,-0.003971560765766102
2024-07-10,0.00021841870294614374,0.007696961747657741,0.00021841870294614374,0.00021841870294614374,0.00021841870294614374,0.00021841870294614374,0.009895169232495116,0.014810836811424144
2024-07-11,0.00010923078971414313,-0.003886481787619132,0.00010923078971414313,0.00010923078971414313,0.00010923078971414313,0.00010923078971414313,-0.0086225665584444,0.008700368231305822
2024-07-12,0.0004370565644111757,0.006406626012429807,0.0004370565644111757,0.0004370565644111757,0.0004370565644111757,0.0004370565644111757,0.006307627031391316,0.005564937760168531
2024-07-15,0.00021816124469586917,0.005721965143660501,0.00021816124469586917,0.00021816124469586917,0.00021816124469586917,0.00021816124469586917,0.0027499531948973477,0.0033203291909762456
2024-07-16,0.0,0.005328809048704119,0.0,0.0,0.0,0.0,0.005930338715160133,0.011307062685809388
2024-07-17,0.0003276230090907273,-0.013568115290197792,0.0003276230090907273,0.0003276230090907273,0.0003276230090907273,0.0003276230090907273,-0.014021237206247372,-0.006544790297547509
2024-07-18,0.0001091115865015091,-0.0054900906359430755,0.0001091115865015091,0.0001091115865015091,0.0001091115865015091,0.0001091115865015091,-0.007684867266584905,-0.005489977283800518
2024-07-19,0.0003273895114677128,-0.005839569212944662,0.0003273895114677128,0.0003273895114677128,0.0003273895114677128,0.0003273895114677128,-0.006640415674623368,-0.001379960313840689
2024-07-22,0.0002183992555433445,0.0019440651328136128,0.0002183992555433445,0.0002183992555433445,0.0002183992555433445,0.0002183992555433445,0.010309967071610915,0.007739054395812461
2024-07-23,0.0,-0.0029659272322650537,0.0,0.0,0.0,0.0,-0.0015686194110259288,-0.0021941618441286836
2024-07-24,0.0003269396558545079,-0.0055255805969532945,0.0003269396558545079,0.0003269396558545079,0.0003269396558545079,0.0003269396558545079,-0.022662644692026945,-0.008246282995537313
2024-07-25,0.0,0.00354844601914086,0.0,0.0,0.0,0.0,-0.0052103090560375875,-0.000554345511466714
2024-07-26,0.0005454745452291299,0.007483333822970107,0.0005454745452291299,0.0005454745452291299,0.0005454745452291299,0.0005454745452291299,0.01119943722563943,0.008874114435363234
2024-07-29,0.0,-0.0004686770088127987,0.0,0.0,0.0,0.0,0.0005879168681186542,-0.0013744906082531205
2024-07-30,0.00010876442528839902,0.00770696072085757,0.00010876442528839902,0.00010876442528839902,0.00010876442528839902,0.00010876442528839902,-0.005066326870009408,0.0027525443448632725
2024-07-31,0.00021795682413516815,0.0006044135415051332,0.00021795682413516815,0.00021795682413516815,0.00021795682413516815,0.00021795682413516815,0.016254499976771752,0.012077884049630061
2024-08-01,-0.014910745849029856,-0.008407866306259658,0.00024066654065912907,-0.015481485905324431,-0.011126553521892483,-0.03583330566701039,-0.014160984898541451,-0.016001986912107413
2024-08-02,0.00014685422041989005,-0.013306158736308981,0.0005468542204198901,-0.02047227176643307,-0.0004072081411388432,3.482898872340966e-05,-0.018618143441709534,-0.022326400091156606
2024-08-05,0.0,-0.005959274153041609,0.0,-0.014561991257716789,0.0,0.0,-0.029123982515433577,0.0
2024-08-06,0.00021864018079553738,0.0023940277808714105,0.00021864018079553738,-0.0011696444369215242,0.00021864018079553738,0.00021864018079553738,0.009219608922895528,-0.011558897796738576
2024-08-07,0.00021886303450258104,-0.0015941685562158806,0.00021886303450258104,-0.00018113696549741897,0.00021886303450258104,0.00021886303450258104,-0.006683985346530141,-0.004278604714188838
2024-08-08,0.00010904678855849781,0.0016000256074079732,0.00010904678855849781,0.00010904678855849781,0.00010904678855849781,0.00010904678855849781,0.023117302286119523,0.01604130746541177
2024-08-09,0.0002185207274079115,0.0021236228602037775,0.0002185207274079115,0.0002185207274079115,0.0002185207274079115,0.0002185207274079115,0.004409575387478881,0.003946926938654505
2024-08-12,0.0003277545629567502,-0.0009209319862435672,0.0003277545629567502,0.0003277545629567502,0.0003277545629567502,0.0003277545629567502,0.0005256396444828226,0.0036507476192071397
2024-08-13,0.000109335907399144,0.002448171352830508,0.000109335907399144,0.000109335907399144,0.000109335907399144,0.000109335907399144,0.016445611346070477,0.010352561156852458
2024-08-14,0.00010914370052472755,0.0008731057415405363,0.00010914370052472755,0.00010914370052472755,0.00010914370052472755,0.00010914370052472755,0.0031546646745219675,0.0058156258572987785
2024-08-15,0.00010922190656215136,-0.0005793042274618188,0.00010922190656215136,0.00010922190656215136,0.00010922190656215136,0.00010922190656215136,0.017140394874048726,0.01238996829357486
2024-08-16,0.0005458696777143057,0.0002885203435854411,0.0005458696777143057,0.0005458696777143057,0.0005458696777143057,0.0005458696777143057,0.002241880427621412,0.0013596940323474804
2024-08-19,0.0,0.0018051117841082931,0.0,0.0,0.0,0.0,0.00956143118372177,0.0027158043428499035
2024-08-20,0.000217850502681749,-0.0012623347062564558,0.000217850502681749,0.000217850502681749,0.000217850502681749,0.000217850502681749,-0.0016260605567995912,-0.0029792610490830818
2024-08-21,0.0002185233619211857,0.0018210027281544416,0.0002185233619211857,0.0002185233619211857,0.0002185233619211857,0.0002185233619211857,0.00343645955089511,0.0029881635684108065
2024-08-22,0.0,-0.0013901304278879146,0.0,0.0,0.0,0.0,-0.007848291404860985,-0.0035209941937013323
2024-08-23,0.0004362310894137078,0.011503121390672623,0.0004362310894137078,0.0004362310894137078,0.0004362310894137078,0.0004362310894137078,0.010625160069914097,0.0116880363726517
2024-08-26,0.00010878526984470227,7.814172811939632e-05,0.00010878526984470227,0.00010878526984470227,0.00010878526984470227,0.00010878526984470227,-0.0023838081109496256,0.0021492510070106885
2024-08-27,0.00021826663185442463,0.000907983619660735,0.00021826663185442463,0.00021826663185442463,0.00021826663185442463,0.00021826663185442463,0.0013731822465194998,-0.0037534987352842997
2024-08-28,0.00010901955083952863,-0.0030899444484372876,0.00010901955083952863,0.00010901955083952863,0.00010901955083952863,0.00010901955083952863,-0.005805296430382967,-0.005382020277195587
2024-08-29,0.0,0.0020254437511901284,0.0,0.0,0.0,0.0,8.930519883842969e-05,0.004599585485646429
2024-08-30,0.0005445886327668514,0.006763566872520377,0.0005445886327668514,0.0005445886327668514,0.0005445886327668514,0.0005445886327668514,0.009546186583304639,0.00457852616316079
2024-09-03,-0.015166764211539684,-0.013174094177258155,0.0003938140717560934,-0.016721626184576167,-0.014679584054930993,-0.024579636595082232,-0.020578918275010016,-0.012064334094142315
2024-09-04,-0.00029055541777638327,-0.002033692792667994,0.00010944458222361675,-0.0010233588374236047,-0.000826615390851798,-0.00046284447787801593,-0.0020467176748472093,0.0
2024-09-05,0.00010916306698094402,-0.0032249335553259464,0.00010916306698094402,-0.002708774696752181,0.00010916306698094402,0.00010916306698094402,-0.0024325205199265953,-0.0029850288735777664
2024-09-06,0.0005464744492424956,-0.002777160906013507,0.0005464744492424956,-0.012769924116604547,0.0005464744492424956,0.0005464744492424956,-0.01682998043326922,-0.008709867799939874
2024-09-09,0.0,0.005703076795509699,0.0,-0.0004,0.0,0.0,0.011196253508404475,0.010982967689027623
2024-09-10,0.0003279929060870934,0.0013990568602348487,0.0003279929060870934,0.0003279929060870934,0.0003279929060870934,0.0003279929060870934,0.004355686662705027,-0.0002715477963287638
2024-09-11,0.0,-0.0016826237731668138,0.0,0.0,0.0,0.0,0.010259077279622053,0.008421574064320314
2024-09-12,0.00010923528211659317,0.0009686954046089903,0.00010923528211659317,0.00010923528211659317,0.00010923528211659317,0.00010923528211659317,0.008423121701785385,0.011584129054704073
2024-09-13,0.0005462065033934316,0.003502759786258993,0.0005462065033934316,0.0005462065033934316,0.0005462065033934316,0.0005462065033934316,0.005222559741555166,0.005326120467378459
2024-09-16,0.00021796865413414857,0.002618669798712814,0.00021796865413414857,0.00021796865413414857,0.00021796865413414857,0.00021796865413414857,0.0014770383679783006,0.00582783146328647
2024-09-17,0.00010922961553871957,-0.0019780087748876296,0.00010922961553871957,0.00010922961553871957,0.00010922961553871957,0.00010922961553871957,0.00040862256895390914,-0.0010533991613740357
2024-09-18,0.00021807669269469088,-0.0013295792956844687,0.00021807669269469088,0.00021807669269469088,0.00021807669269469088,0.00021807669269469088,-0.002965714357998861,-0.0034275534745338287
2024-09-19,0.00021847739633029661,0.0024369424206695193,0.00021847739633029661,0.00021847739633029661,0.00021847739633029661,0.00021847739633029661,0.017064156245996998,0.010846723506151346
2024-09-20,0.00043623193484854106,-0.0016981348792921079,0.00043623193484854106,0.00043623193484854106,0.00043623193484854106,0.00043623193484854106,-0.0017284936532352413,0.00026156461558080046
2024-09-23,0.00010876405331905481,0.003414872121883628,0.00010876405331905481,0.00010876405331905481,0.00010876405331905481,0.00010876405331905481,0.0024989046670664816,0.0013083195519412172
2024-09-24,0.00010911055192197594,0.0023104588450618027,0.00010911055192197594,0.00010911055192197594,0.00010911055192197594,0.00010911055192197594,0.002861268497158287,0.0028691411626662333
2024-09-25,0.000218018152295274,-0.0026394369191287126,0.000218018152295274,0.000218018152295274,0.000218018152295274,0.000218018152295274,-0.0022054649913506585,-0.0020997499149632004
2024-09-26,0.0,0.0015083397593668524,0.0,0.0,0.0,0.0,0.003964690509809632,0.005523467520159642
2024-09-27,0.0003267768412384964,-0.00345887879394021,0.0003267768412384964,0.0003267768412384964,0.0003267768412384964,0.0003267768412384964,-0.0014502900961131937,-0.0018312154995827612
2024-09-30,0.00010903923630989354,0.00365995235037766,0.00010903923630989354,0.00010903923630989354,0.00010903923630989354,0.00010903923630989354,0.004007088348869869,0.0007861422217145808
2024-10-01,-0.003978805658660409,-0.010429727176731697,0.00022960192754628572,-0.004093563171290326,0.008255051711546784,-0.019558273507931115,-0.008958279843517492,0.0015711535009368394
2024-10-02,-0.00029046072184595284,0.0009876570117373085,0.00010953927815404718,-0.0001811641562383115,-0.0008222027773905365,-0.00036319744845576953,0.0004219641312961375,-0.0007842924437727605
2024-10-03,0.00021842817972284045,6.856633503301792e-05,0.00021842817972284045,-0.0014373810884966698,0.00021842817972284045,0.00021842817972284045,-0.0018282874847113106,-0.001046474692282029
2024-10-04,0.0002187383333964732,0.009830157380433305,0.0002187383333964732,0.008603391528592685,0.0002187383333964732,0.0002187383333964732,0.009087535362690247,0.008119247694495124
2024-10-07,0.00021860105343529668,-0.005137713921602005,0.00021860105343529668,-0.00018139894656470334,0.00021860105343529668,0.00021860105343529668,-0.009040591890144833,-0.0025980415351907205
2024-10-08,0.0,0.001164206367216005,0.0,0.0,0.0,0.0,0.00945766211928345,-0.0013024562601440248
2024-10-09,0.00010927663872939419,0.0063451868077394995,0.00010927663872939419,0.00010927663872939419,0.00010927663872939419,0.00010927663872939419,0.0069263742769880565,0.006520774324059619
2024-10-10,0.0001090858693562069,0.0013179590896898266,0.0001090858693562069,0.0001090858693562069,0.0001090858693562069,0.0001090858693562069,-0.0017501448111001405,0.003368794015640164
2024-10-11,0.0005462639035787031,0.0045396475049779735,0.0005462639035787031,0.0005462639035787031,0.0005462639035787031,0.0005462639035787031,0.00598834312163854,0.007231241889873452
2024-10-14,-0.00010910377636674795,0.005836046403808659,-0.00010910377636674795,-0.00010910377636674795,-0.00010910377636674795,-0.00010910377636674795,0.008178455361924408,0.0
2024-10-15,0.00032752577556371953,-0.015326353635386482,0.00032752577556371953,0.00032752577556371953,0.00032752577556371953,0.00032752577556371953,-0.0077698155240459865,-0.0012819825222949444
2024-10-16,0.0,0.0034481812109285583,0.0,0.0,0.0,0.0,0.0043464144766458546,0.004878052266624966
2024-10-17,0.00021833858275033258,0.002741302832891801,0.00021833858275033258,0.00021833858275033258,0.00021833858275033258,0.00021833858275033258,8.579046716006289e-05,0.0051098924042281
2024-10-18,0.00032734706505888056,0.003249504663343417,0.00032734706505888056,0.00032734706505888056,0.00032734706505888056,0.00032734706505888056,0.0038465487808529986,0.005592255023972648
2024-10-21,0.0002180409122252147,-0.0004153639237673534,0.0002180409122252147,0.0002180409122252147,0.0002180409122252147,0.0002180409122252147,-0.0016420670930010761,-0.004044513369732217
2024-10-22,0.00010917522713227434,0.00026962251561493125,0.00010917522713227434,0.00010917522713227434,0.00010917522713227434,0.00010917522713227434,-0.00053117967032279,-0.0005076676998999607
2024-10-23,0.0,-0.009966696239309947,0.0,0.0,0.0,0.0,-0.009137365781024864,-0.005840336075054187
2024-10-24,0.0001088955333015118,0.0009387230569461915,0.0001088955333015118,0.0001088955333015118,0.0001088955333015118,0.0001088955333015118,0.0021628023642212835,0.0
2024-10-25,0.0004361594478277109,0.00032598508517927015,0.0004361594478277109,0.0004361594478277109,0.0004361594478277109,0.0004361594478277109,-0.0003456198650340081,-0.003320708215962087
2024-10-28,0.0,0.0011951189945318542,0.0,0.0,0.0,0.0,0.0030916456720186947,0.0035878740740376003
2024-10-29,0.00021820767286340192,0.0030529834382965865,0.00021820767286340192,0.00021820767286340192,0.00021820767286340192,0.00021820767286340192,0.001618272212904115,-0.0002551864384197078
2024-10-30,0.00010872327215838418,-0.005712621555218998,0.00010872327215838418,0.00010872327215838418,0.00010872327215838418,0.00010872327215838418,-0.0030253162524023214,-0.0017879798955611204
2024-10-31,0.0002180471713173482,-0.018159949823422394,0.0002180471713173482,0.0002180471713173482,0.0002180471713173482,0.0002180471713173482,-0.019602980971893724,-0.014074056436646831
2024-11-01,0.00037025505744989754,0.0001064590038085547,0.0004264590038085547,0.0037866595907108504,-0.012973375860926329,0.00857383989897824,0.004220478802908323,0.004152840378513378
2024-11-04,-0.00018146942737677884,0.00021853057262322118,-0.0012185571339386355,-0.0008185571339386355,-0.0007533794080422885,-0.0003556310831459034,-0.0021538926051214435,0.0005167783372441725
2024-11-05,0.0,0.0,0.008629285676024057,0.008629285676024057,0.0,0.0,0.012091813566522003,0.00516675778552611
2024-11-06,0.00021875013922478814,0.00021875013922478814,0.01731581246988001,0.01731581246988001,0.00021875013922478814,0.00021875013922478814,0.02486559313993597,0.009766031799824049
2024-11-07,0.00010912843793553506,-0.0005611813655205904,0.00844737459917877,-0.00029087156206446496,0.00010912843793553506,0.00010912843793553506,0.007731955775059474,0.009162793423298066
2024-11-08,0.0005463843235622434,0.005708847922509364,0.0004003750501343495,0.0005463843235622434,0.0005463843235622434,0.0005463843235622434,0.00433181667633864,-0.003531066576069941
2024-11-11,-0.0001091459692910135,0.007057514247341468,0.0008561336315360268,-0.0001091459692910135,-0.0001091459692910135,-0.0001091459692910135,0.0009528857307679051,0.0007593815323041486
2024-11-12,0.000109157883434019,-0.00615374840317593,0.0011022951062923947,0.000109157883434019,0.000109157883434019,0.000109157883434019,-0.0031065441012853023,0.005311134313870092
2024-11-13,0.00021838096465809365,-0.00046195882438830865,0.0017523294414496515,0.00021838096465809365,0.00021838096465809365,0.00021838096465809365,0.00048587310384529125,0.003018785779054012
2024-11-14,0.0,-0.005133196801029572,-0.0022117870706990783,0.0,0.0,0.0,-0.006430207131126742,0.002006632989728585
2024-11-15,0.00032745542391765525,-0.009678896428351203,-0.009032581895307645,0.00032745542391765525,0.00032745542391765525,0.00032745542391765525,-0.012808537191168923,-0.005256626599446368
2024-11-18,0.00010917539565635792,0.005864680777119036,0.0036843620536275434,0.00010917539565635792,0.00010917539565635792,0.00010917539565635792,0.004097516468173135,0.0032712076390819522
2024-11-19,0.0003274014652816515,0.001001787060492676,0.0025801590525157403,0.0003274014652816515,0.0003274014652816515,0.0003274014652816515,0.003655368297286854,0.0015049498077446266
2024-11-20,0.00010903881043455854,0.0016219637362081317,0.0006703431776832192,0.00010903881043455854,0.00010903881043455854,0.00010903881043455854,0.00033882773833160407,0.0010018586170348343
2024-11-21,0.00010902692226877342,0.008995642613440059,0.009939486249557317,0.00010902692226877342,0.00010902692226877342,0.00010902692226877342,0.005368352731534021,0.014510619767580613
2024-11-22,0.00032695619080480576,0.007175869670991642,0.00265940469629522,0.00032695619080480576,0.00032695619080480576,0.00032695619080480576,0.0030992892063126387,0.0022195201862778013
2024-11-25,0.000109334966068797,0.0013886130959702252,0.0010809838650454595,0.000109334966068797,0.000109334966068797,0.000109334966068797,0.003392314616679437,-0.001230346886588518
2024-11-26,0.0,0.0007684538573448089,0.0024875888531457058,0.0,0.0,0.0,0.005221275893982025,-0.0002460981876906132
2024-11-27,0.000327257995734076,-0.0017254898552052872,-0.00015979622183159847,0.000327257995734076,0.000327257995734076,0.000327257995734076,-0.003029984694522536,0.002710392250859339
2024-11-28,0.0,0.0,0.0015975149658610244,0.0,0.0,0.0,0.0,0.0031950299317220487
2024-11-29,0.00021759713059665842,0.004937576211053419,0.005188310105135319,0.00021759713059665842,0.00021759713059665842,0.00021759713059665842,0.006211945721408041,0.004164674488862596
2024-12-02,-0.0012539277570915509,-0.0016644117939965011,-0.0003235772366046996,-0.0007235772366046996,-0.010204530498263207,-0.007618646489948037,0.0017924309359995672,-0.0024395854092089664
2024-12-03,-0.00018135517342336948,-0.003198027994789774,0.0012101125821843972,0.0012101125821843972,-0.0006913165749552841,-0.00021261557892851823,0.00046384228165408103,0.0019563828827147134
2024-12-04,0.0001093873041295712,0.00430783950202871,0.0032268572211249236,0.0032268572211249236,0.0001093873041295712,0.0001093873041295712,0.006209510619023417,0.00024420382322642986
2024-12-05,0.00010928656117092928,-0.002619461992575278,0.0001532245352110495,0.0001532245352110495,0.00010928656117092928,0.00010928656117092928,-0.0016456371446975648,0.0019520862151196638
2024-12-06,0.0004370097067107892,0.004029741530523934,0.001069681568926728,3.7009706710789184e-05,0.0004370097067107892,0.0004370097067107892,0.0018956945975732165,0.00024366854028023965
2024-12-09,0.00010913815550650519,-0.0068155904478120815,-0.0037922986644431944,0.00010913815550650519,0.00010913815550650519,0.00010913815550650519,-0.005149570589002672,-0.0024350267398837167
2024-12-10,0.00021842993238885278,-0.0015845598621789536,-0.003995323314542831,0.00021842993238885278,0.00021842993238885278,0.00021842993238885278,-0.003109093733479562,-0.0048815528956061005
2024-12-11,0.00010919111558638228,0.004682950131685049,0.006931279582805372,0.00010919111558638228,0.00010919111558638228,0.00010919111558638228,0.007730636209670516,0.006131922955940228
2024-12-12,0.00021844707984230993,-0.002861957670229143,-0.00708630548109318,0.00021844707984230993,0.00021844707984230993,0.00021844707984230993,-0.005152639643455803,-0.009019971318730557
2024-12-13,0.000327554720658485,0.001412207843996449,-0.002682264667346168,0.000327554720658485,0.000327554720658485,0.000327554720658485,-0.000198618165903941,-0.005165911168788395
2024-12-16,0.00010903096381875699,0.003497423349930929,-9.062689975075644e-05,0.00010903096381875699,0.00010903096381875699,0.00010903096381875699,0.004270056430311087,-0.0044513102298125995
2024-12-17,0.00010928497755235966,-0.0029505111121773766,-0.002432616953864042,0.00010928497755235966,0.00010928497755235966,0.00010928497755235966,-0.004120196363485595,-0.0007450375442424884
2024-12-18,0.0,-0.01962658386092471,-0.026335851330226034,0.0,0.0,0.0,-0.029803258069540317,-0.022868444590911752
2024-12-19,0.00014215243242832187,-9.784756757167819e-05,-0.0029519414194119076,0.00014215243242832187,0.00014215243242832187,0.00014215243242832187,-0.00030725896108219075,-0.005596623877741624
2024-12-20,0.00043853640667390614,0.00043853640667390614,0.009714826327715143,0.00043853640667390614,0.00043853640667390614,0.00043853640667390614,0.012010907432213225,0.00741874522321706
2024-12-23,0.0,0.0,0.006295321950776422,0.0,0.0,0.0,0.0059884194905495125,0.006602224411003332
2024-12-24,0.00021868494089782864,0.00021868494089782864,0.006818931767341718,0.00021868494089782864,0.00021868494089782864,0.00021868494089782864,0.011114993282984376,0.002522870251699061
2024-12-26,0.00021907989278724394,0.00021907989278724394,3.329589738787497e-05,0.00021907989278724394,0.00021907989278724394,0.00021907989278724394,6.659179477574995e-05,0.0
2024-12-27,0.00043770968055523163,0.00043770968055523163,-0.005514904215505101,0.00043770968055523163,0.00043770968055523163,0.00043770968055523163,-0.010526584203640499,-0.000503224227369703
2024-12-30,0.0,0.0,-0.009378604525529799,0.0,0.0,0.0,-0.011411482033024556,-0.007345727018035042
